{
  "recompensas_episodios": [
    7924.85547086846,
    8680.237693597854,
    8144.566527227913,
    6753.6481713373505,
    6169.518211538665,
    7144.315885514057,
    6809.995227008062,
    6964.135402326792,
    7186.971328765809,
    5755.037314991039,
    5762.649621764751,
    6289.787873592844,
    8622.764271273512,
    6032.45195721699,
    7318.279695099756,
    6518.379002370246,
    8022.883589551415,
    6821.888378192354,
    6020.227991163991,
    5099.413635804034,
    1130.6050615091576,
    5972.537925070929,
    8662.753286858006,
    4726.620229308852,
    3164.586027851615,
    6622.743570975738,
    8885.028823327568,
    6001.321093052211,
    6632.07141584831,
    5409.056496764083,
    5082.98094417859,
    6320.943736954016,
    5657.758728377767,
    8805.69680103262,
    5327.935946967176,
    5253.12468698806,
    6414.067205580667,
    7501.05028699504,
    3799.6290373825736,
    4496.112668760301,
    6100.178019593164,
    8263.046050712452,
    7910.303904981802,
    5584.113073749407,
    7370.391851937599,
    7590.303163748956,
    6064.556364426155,
    1774.4757780609089,
    4908.827916035372,
    4306.042206445249
  ],
  "media_recompensa_final": 6275.6173910536045,
  "desvio_recompensa_final": 1648.816050356621,
  "ood_dry_recompensas": [
    3701.3737538066343,
    3750.855309176206,
    3502.4842474765737,
    3907.1158039033126,
    3376.9486205366516,
    4122.752254151155,
    3799.5861909002815,
    4093.1957593975017,
    3793.7417300725765,
    2816.0733930372317,
    3840.078458906298,
    3610.2321033931976,
    3929.339285271768,
    3866.6380457588475,
    3945.6659392106176,
    3856.9151910286955,
    3989.5579359047783,
    3731.6725003184865,
    3875.0822916774523,
    3978.1716588328463,
    3857.10055813517,
    3947.986304306107,
    3420.430272401967,
    3596.155578574081,
    3034.734990938605,
    3677.459710282844,
    3600.474175355075,
    3981.9226402009963,
    3845.902513224494,
    4177.4231091808815,
    3735.7365775754497,
    3822.3820556271257,
    4170.742763474275,
    3952.334754702274,
    4055.757776530404,
    3925.9449945324614,
    3830.7146686114493,
    3826.086415910512,
    3754.742779663826,
    3632.432201804224,
    3552.086020559213,
    3982.9349693831564,
    3815.9742351033647,
    3938.641107455972,
    3834.660602368655,
    3902.2898781983713,
    3761.5054334950655,
    3892.936906702642,
    4019.014863917515,
    3897.9774295148577
  ],
  "ood_humid_recompensas": [
    7309.823203164062,
    9130.716077112935,
    9161.965415165485,
    9143.96095058764,
    7330.023346929622,
    4711.915253406288,
    4624.32325424356,
    8674.221169446497,
    7541.8534486907,
    8258.865192748988,
    9026.636748199275,
    9110.273775419912,
    6491.378167506793,
    7149.699037446534,
    4409.686587961207,
    9480.423386154049,
    4358.802137473955,
    4726.244392350894,
    8800.900603474092,
    9059.332685788504,
    7425.830065347395,
    4827.962565514989,
    7573.885910644782,
    9116.30377140055,
    9194.751998601625,
    7477.4478082930345,
    8816.011707754817,
    8937.980978667008,
    7395.099972441711,
    9146.515493574152,
    8442.152610798774,
    9122.81621705188,
    9035.681150341532,
    9001.265457708678,
    8162.534512260316,
    8066.097310549987,
    5677.879995268771,
    4647.8667514112385,
    8989.486243960537,
    8579.996467590461,
    4344.414637975954,
    7061.902472064079,
    7516.81960548055,
    5049.140776716951,
    7717.32723310861,
    9222.628962321596,
    9404.562245332714,
    4978.315678805671,
    7600.926811528804,
    7861.711986505183
  ],
  "media_ood_dry": 3798.639335209843,
  "media_ood_humid": 7577.927244645867,
  "acuracia_bc_final": 0.9988798253676471,
  "contagem_acoes": {
    "plantar": 1570,
    "esperar": 11825,
    "regar": 1002,
    "herbicida": 3331,
    "colher": 521,
    "fertilizar_N": 1
  },
  "kpis_agricolas": {
    "produtividade": [
      718.4094702310132,
      808.2221197929581,
      747.3340498562218,
      583.9442192103747,
      529.5093571043119,
      628.2319832100001,
      582.8330656956952,
      603.898093000752,
      626.8742993006507,
      467.88535269601846,
      496.10313481479346,
      545.812274467046,
      800.5560862713121,
      512.8973674092493,
      648.1000054000745,
      557.2994525467371,
      731.870876284761,
      585.1865153293379,
      500.364946423032,
      393.9561776824147,
      23.02080749354018,
      485.8370902250056,
      804.3953063487095,
      375.59192970405235,
      229.3262398673001,
      568.219421066238,
      829.4848127512324,
      490.8286415877516,
      572.3830433006398,
      439.55043840818905,
      402.0478594964843,
      535.7608356650974,
      494.6574574065559,
      826.701683326578,
      398.87457752502354,
      457.0750881122241,
      562.1966100841435,
      676.6476408858423,
      299.5441535393752,
      365.59103543073434,
      503.18177879117945,
      754.5620308989807,
      713.469989772332,
      463.16822556259785,
      657.0866122156771,
      679.5295685900954,
      517.8541046400292,
      131.09302690384948,
      410.1711277045539,
      361.43496625357034
    ],
    "qualidade_solo": [
      0.20952174081002545,
      0.4080445613321655,
      0.308951365543744,
      0.3171488658796098,
      0.31114227589268884,
      0.3013678644460945,
      0.3114321684680672,
      0.2732177380275494,
      0.2789677391860429,
      0.3084890588840467,
      0.3187399705323064,
      0.4270168818089122,
      0.2689385139325725,
      0.2816101748738289,
      0.27970174932118974,
      0.1658090998080226,
      0.21543553272474064,
      0.2806160592447787,
      0.3864522822182083,
      0.3044505676697039,
      0.2437383623891996,
      0.4440177681437568,
      0.18813793788711808,
      0.2924197766085511,
      0.31864135775545543,
      0.3540109054169992,
      0.23242303880398835,
      0.32161652025614346,
      0.12366442329153815,
      0.3533002874907063,
      0.1855798466306094,
      0.37993021027518814,
      0.3153660615382769,
      0.40127021868133816,
      0.2565924684578935,
      0.33598259351881105,
      0.2523757983038554,
      0.2634256648203991,
      0.23081566403939713,
      0.31999098597907516,
      0.20676279566423206,
      0.24852399376069176,
      0.40423695615450894,
      0.29018894525093075,
      0.24716094933702043,
      0.14016485375904986,
      0.3000019485653379,
      0.10158057039979866,
      0.3662223694106975,
      0.338744534673288
    ],
    "uso_quimicos": [
      608,
      544,
      448,
      688,
      752,
      896,
      592,
      1120,
      448,
      784,
      736,
      784,
      320,
      480,
      768,
      864,
      784,
      704,
      912,
      352,
      704,
      736,
      400,
      432,
      336,
      688,
      672,
      688,
      656,
      928,
      576,
      608,
      704,
      896,
      512,
      400,
      784,
      640,
      640,
      576,
      960,
      640,
      576,
      800,
      944,
      560,
      736,
      0,
      624,
      224
    ],