{
  "recompensas_episodios": [
    6970.916197766494,
    7591.565758201374,
    8483.802743545366,
    8625.041335668982,
    5617.729300488914,
    8611.880474594724,
    7233.186326869607,
    8529.018071582645,
    8743.03041304107,
    6417.347324978667,
    5891.485066292489,
    8434.95475570724,
    6212.4064701360485,
    8839.778873217838,
    8550.484629928222,
    7794.238789788738,
    7120.272905723172,
    8640.949565815165,
    8691.984416146974,
    8628.108925442011,
    7238.843101784401,
    6341.139078881897,
    8596.693319671816,
    6850.320549322007,
    6873.933403499566,
    7233.84917087452,
    8951.222706983666,
    8609.995951323552,
    5873.2252169357835,
    7025.422222007528,
    8728.448048813396,
    6185.561919955514,
    8585.453326619632,
    8569.174063319111,
    6981.307116576649,
    5543.614208016857,
    5268.598737628579,
    8772.510660652868,
    7791.025038408661,
    8786.470394538515,
    8741.822927920777,
    6826.184287813276,
    7150.258067523571,
    7519.039031658507,
    7644.581582901492,
    8765.801788449295,
    8807.908481035025,
    7886.1721205582635,
    8744.557856751324,
    8626.670768855785
  ],
  "duracao_episodios": [
    365,
    365,
    365,
    365,
    365,
    365,
    365,
    365,
    365,
    365,
    365,
    365,
    365,
    365,
    365,
    365,
    365,
    365,
    365,
    365,
    365,
    365,
    365,
    365,
    365,
    365,
    365,
    365,
    365,
    365,
    365,
    365,
    365,
    365,
    365,
    365,
    365,
    365,
    365,
    365,
    365,
    365,
    365,
    365,
    365,
    365,
    365,
    365,
    365,
    365
  ],
  "perdas_politica": [
    0.4027750869592031,
    0.26533098150240747,
    0.20032623276114464,
    0.16059683210083417,
    0.14123834327540613,
    0.11748271668734758,
    0.10979416101523068
  ],
  "perdas_valor": [],
  "perdas_entropia": [],
  "acuracoes_bc": [
    0.83035888671875,
    0.8879972759046053,
    0.918192138671875,
    0.9361793154761905,
    0.9446211381392046,
    0.9539158033288043,
    0.9584217900815217
  ],
  "contagem_acoes": {
    "plantar": 1606,
    "esperar": 6878,
    "regar": 1176,
    "herbicida": 7382,
    "colher": 873,
    "fertilizar_N": 335
  },
  "kpis_agricolas": {
    "produtividade": [
      619.3403384075223,
      700.2240324496834,
      788.2842604695962,
      832.2237157798431,
      514.9393514220777,
      829.7695266348629,
      670.9505122547623,
      813.9940177855816,
      837.1723271098249,
      564.5097253324315,
      480.3235510292366,
      788.3920437224082,
      540.9192970935679,
      839.8831217616325,
      832.9475005407943,
      708.8722706319728,
      633.5586098521834,
      840.2630866413624,
      841.7997427265315,
      810.8829230151955,
      643.7767785274834,
      579.9822622921016,
      818.4207152008327,
      597.862038494163,
      597.1656152572311,
      661.6581501980114,
      860.9519639084043,
      833.9407315889329,
      496.4789822944567,
      628.6703434076609,
      843.286741124467,
      547.973758970753,
      810.6684118507269,
      808.6013854613878,
      601.6958677770322,
      463.9824607604857,
      445.34306300821567,
      851.1558526679839,
      722.6149556541761,
      846.1490383071309,
      845.9238434622202,
      608.5248903714307,
      638.7806790144393,
      676.4440099419656,
      708.0343429611662,
      854.7098851047889,
      855.122134814917,
      727.8761639353511,
      830.2484465991212,
      829.0508484470498
    ],
    "qualidade_solo": [
      0.2675591672711618,
      0.41252946643849603,
      0.46733099511465404,
      0.2403946753459251,
      0.46881519415001804,
      0.2698771946740435,
      0.20678237251130616,
      0.21475504768829118,
      0.19276845546960109,
      0.15934426715284183,
      0.4145588723296873,
      0.3854954559390592,
      0.34399000102007726,
      0.29339383055351076,
      0.2590130576682982,
      0.23246004294007333,
      0.21525395448039658,
      0.3102165661663622,
      0.18249462060225943,
      0.21855015899569782,
      0.23740052565042358,
      0.3820853964541191,
      0.19827927530581685,
      0.25543297166119383,
      0.41999216096964026,
      0.2686266546649355,
      0.22391428424103363,
      0.24369032941561686,
      0.1984604821681316,
      0.32761283526743934,
      0.20234922822078405,
      0.3817570111245574,
      0.1648642917095871,
      0.3584588392135669,
      0.37230318658532197,
      0.1517838378164648,
      0.32497111463276795,
      0.24248782079814718,
      0.19018997383058203,
      0.17437584703125003,
      0.2103389529751457,
      0.23058126997817546,
      0.40423695615450894,
      0.2363087875302663,
      0.301873759974238,
      0.14305260262500002,
      0.27891765357873594,
      0.19602423395367508,
      0.3131171741801879,
      0.20725408478292737
    ],
    "uso_quimicos": [
      1424,
      1680,
      1104,
      2064,
      400,
      1840,
      528,
      1424,
      1312,
      1664,
      848,
      1056,
      1040,
      896,
      2080,
      1344,
      800,
      2032,
      1248,
      960,
      496,
      992,
      1264,
      912,
      544,
      768,
      1840,
      1920,
      704,
      1056,
      1600,
      1312,
      1280,
      1136,
      816,
      976,
      864,
      1680,
      1936,
      1872,
      1808,
      1248,
      1952,
      1200,
      1568,
      1776,
      1584,
      1360,
      1136,
      1520
    ],
    "biodiversidade": [
      6.436023640753457e-55,
      1.9985092937822025e-76,
      8.42829607226709e-63,
      3.515950104950109e-75,
      3.56755214508943e-52,
      9.765789452717868e-72,
      8.444340152013955e-48,
      6.166623143331918e-65,
      3.5862177875582396e-68,
      1.2888902113829646e-70,
      2.173915749583829e-56,
      5.597569514159316e-56,
      3.964453733483567e-53,
      1.6493811063314637e-63,
      2.3625966006263e-81,
      1.9280868695803623e-55,
      2.3057050117849252e-51,
      2.2407866144696768e-79,
      3.998181229925665e-72,
      6.418400579977704e-56,
      7.122273087882184e-49,
      2.5323577180952565e-58,
      1.7780203848417139e-71,
      3.286175023806974e-46,
      1.720560467264751e-49,
      2.6365528654401843e-50,
      2.996036421846582e-75,
      3.524578476942573e-74,
      1.4623447359243287e-48,
      5.7730011113320234e-58,
      4.9814602330133746e-74,
      7.688355295347576e-59,
      1.9620236905114227e-56,
      5.386924512604944e-60,
      2.1095817644472293e-45,
      4.162672018752544e-63,
      3.8028996819420435e-61,
      1.2838074880279653e-82,
      3.119375103895027e-70,
      4.4772287190596003e-70,
      3.730446704590368e-77,
      2.038682692889652e-59,
      4.541801338053197e-72,
      4.114536418897589e-52,
      7.655028314337387e-64,
      3.4326525987265037e-72,
      2.312630800880188e-74,
      7.80419225878312e-63,
      8.376322158144242e-67,
      1.1831561588371957e-67
    ]
  },