{
  "recompensas_episodios": [
    8580.498974705171,
    6663.063580811004,
    8732.755449103963,
    8687.60636360988,
    6090.57258139749,
    7217.81567770006,
    8601.238635959493,
    6977.337886845118,
    8591.254924845744,
    7072.3487323804475,
    8288.083724465392,
    8731.224267320673,
    7849.835118329163,
    8866.654588396239,
    7260.508895837607,
    6753.519769125131,
    8598.960110811498,
    8598.618217987718,
    8713.581562386007,
    8786.572533187082,
    8654.254792098098,
    8712.26047477127,
    7212.955817016229,
    8181.848911913028,
    8164.343622550652,
    8549.6501845467,
    8817.81971573457,
    6521.718708353621,
    6234.057276155082,
    8655.693160696652,
    7740.350026832609,
    8842.115407252855,
    8464.837849272339,
    8637.808049204083,
    8604.633580143509,
    2692.484102388181,
    8670.721367370199,
    8763.034257526368,
    5818.154840118497,
    8893.789828475927,
    8547.188832829208,
    8286.538312180064,
    8414.81798083984,
    8719.155602898023,
    8583.42060653669,
    8739.546499865752,
    8613.589022672095,
    8321.923358860993,
    8638.362316539246,
    8611.829660115358
  ],
  "duracao_episodios": [
    365,
    365,
    365,
    365,
    365,
    365,
    365,
    365,
    365,
    365,
    365,
    365,
    365,
    365,
    365,
    365,
    365,
    365,
    365,
    365,
    365,
    365,
    365,
    365,
    365,
    365,
    365,
    365,
    365,
    365,
    365,
    365,
    365,
    365,
    365,
    365,
    365,
    365,
    365,
    365,
    365,
    365,
    365,
    365,
    365,
    365,
    365,
    365,
    365,
    365
  ],
  "perdas_politica": [
    0.35660081892400175,
    0.1737025978282476,
    0.1314134872145951,
    0.10321087740539085,
    0.08860322825441307,
    0.08033823366884305,
    0.06995744449185565
  ],
  "perdas_valor": [],
  "perdas_entropia": [],
  "acuracoes_bc": [
    0.8631809543918919,
    0.928768529647436,
    0.948294677734375,
    0.9596761067708334,
    0.966739169034091,
    0.9706086531929348,
    0.9748981881648936
  ],
  "contagem_acoes": {
    "plantar": 1611,
    "esperar": 6428,
    "regar": 1180,
    "herbicida": 7535,
    "colher": 927,
    "fertilizar_N": 569
  },
  "kpis_agricolas": {
    "produtividade": [
      818.9665161881686,
      584.1297522525738,
      852.1092831800296,
      844.496403167945,
      509.43747967775823,
      648.0465034456008,
      834.9613066444108,
      619.9561942725835,
      808.2495131123775,
      627.9323955178513,
      771.9199780158262,
      834.8700997904838,
      716.9523093120441,
      835.8748705307326,
      636.9501331420926,
      589.8433234011787,
      816.4436209954171,
      824.8517458859104,
      831.4763765336445,
      833.9322837875753,
      842.392619637692,
      813.4676614556719,
      636.7649420032515,
      746.172322405473,
      786.0215797721398,
      832.6641263870252,
      842.3285263496763,
      551.9706478557208,
      545.1859024346435,
      818.2860506225474,
      704.9042119343047,
      844.4715292704333,
      795.2943696131769,
      829.0764396185458,
      836.3175226344487,
      208.4871495850372,
      836.1554988553481,
      835.0400522560311,
      503.24383404775415,
      847.03167745076,
      832.9261215529294,
      772.0467954720078,
      790.7401013991749,
      848.6628585189173,
      809.3147281945627,
      822.2391936666027,
      822.5727505352095,
      812.3306935895725,
      842.1008203581712,
      832.2333033918499
    ],
    "qualidade_solo": [
      0.21011107392004663,
      0.38085045761189085,
      0.4346394893719313,
      0.3115691657083448,
      0.31112382074327666,
      0.27156861377925906,
      0.17241849561049874,
      0.3277482593095241,
      0.21183265869256995,
      0.33444545744449866,
      0.32949829259072067,
      0.39711585258549625,
      0.3891698814090657,
      0.29735068989165414,
      0.30243023823359194,
      0.1861552011393705,
      0.22729890880643255,
      0.2205444727277169,
      0.25563097781170374,
      0.2785839960454921,
      0.1629372500451973,
      0.2513824946712848,
      0.2542400012188121,
      0.1850887916573192,
      0.3322795488057221,
      0.21022430290594124,
      0.22095474216011649,
      0.4266929954084481,
      0.28671249166299695,
      0.2625800440895515,
      0.20825860806259672,
      0.37513916922612,
      0.17556168050922785,
      0.3458714209855973,
      0.3011020019417384,
      0.2571848085256533,
      0.2912877975164916,
      0.30140184820871874,
      0.2796207313912159,
      0.20645828711528036,
      0.19495654245993307,
      0.12794077307870833,
      0.40732153722299125,
      0.14031438869627721,
      0.21088076581947515,
      0.12827789058027253,
      0.25488048990899437,
      0.18836808918975656,
      0.28258417408719383,
      0.19756554475785465
    ],
    "uso_quimicos": [
      1424,
      1616,
      2112,
      1840,
      720,
      688,
      1648,
      992,
      1072,
      1456,
      1840,
      1184,
      1440,
      816,
      704,
      1216,
      1568,
      1216,
      1232,
      768,
      2080,
      496,
      624,
      576,
      1696,
      1936,
      1632,
      848,
      1232,
      960,
      1136,
      1520,
      1072,
      1584,
      1888,
      512,
      1696,
      1552,
      1520,
      1184,
      1968,
      528,
      1600,
      1648,
      1264,
      752,
      1568,
      1904,
      1760,
      1568
    ],
    "biodiversidade": [
      5.129300457828854e-56,
      5.224480052387758e-60,
      2.381924164570723e-89,
      2.3908737824985896e-73,
      1.6432929715193335e-44,
      3.461624090901851e-45,
      2.5931347655928532e-84,
      2.3803278259833045e-58,
      1.8284266190731493e-55,
      1.1985930919112204e-57,
      5.817960710136387e-66,
      1.0170951720239952e-59,
      1.9271337554583385e-58,
      1.153055524025576e-52,
      1.669288171493068e-52,
      3.9273096537753053e-53,
      2.4343061412882574e-62,
      1.7370491707023734e-64,
      1.016003998946796e-66,
      1.5389093866639573e-61,
      1.824242408475811e-75,
      1.3028948936946404e-43,
      1.7977998793295327e-56,
      1.730870646547108e-45,
      7.714056273085838e-82,
      9.727418977734182e-80,
      4.7852491671017115e-64,
      7.00742374094577e-49,
      3.898992972583088e-61,
      5.176808950167612e-57,
      1.1081143028252856e-63,
      1.437910631492036e-75,
      1.3066754107719538e-51,
      7.294853556811032e-75,
      3.3785346173004004e-79,
      6.762548991764304e-45,
      2.655834597434566e-71,
      1.0436349542742662e-63,
      1.772544314292991e-64,
      8.46169324701761e-62,
      1.7189509064876542e-79,
      2.0433049249823437e-51,
      2.9930807898749613e-66,
      3.288532666369445e-76,
      4.279775730763381e-56,
      4.3150399891691634e-46,
      1.3793242347145476e-61,
      2.118294886763283e-78,
      5.703559416373407e-83,
      5.371612770228229e-75
    ]
  },