{
  "recompensas_episodios": [
    6150.049102943432,
    6391.033789986983,
    8776.97202269239,
    5762.084369428617,
    6067.326888698968,
    8674.555383109056,
    4883.981098746623,
    8566.08918524254,
    7105.081277128508,
    6419.192407465591,
    6413.381009217973,
    8633.785859589576,
    6938.922993567809,
    8769.477393722718,
    8468.782912779789,
    4999.277619439719,
    8372.220576360749,
    7552.237390928498,
    8599.947469649276,
    6776.462522756424,
    8263.749592315626,
    8494.223873206047,
    7251.265407475654,
    8532.829058733512,
    6948.21154583824,
    8600.694078609054,
    8529.844273730503,
    7700.072330494638,
    8660.546934834274,
    8468.882035031816,
    8116.971885826322,
    8812.025514689325,
    8862.447044611286,
    6336.046513470421,
    8562.171542648604,
    8153.60408652988,
    8719.25623034878,
    7433.360549940666,
    6561.31168094603,
    8902.799813652939,
    8609.731493093223,
    8595.41797871213,
    8776.160644290976,
    8718.76780406069,
    8606.412881369795,
    7165.862125723003,
    8719.864152142372,
    8789.586788889847,
    8764.915526899007,
    8685.880642609574
  ],
  "duracao_episodios": [
    365,
    365,
    365,
    365,
    365,
    365,
    365,
    365,
    365,
    365,
    365,
    365,
    365,
    365,
    365,
    365,
    365,
    365,
    365,
    365,
    365,
    365,
    365,
    365,
    365,
    365,
    365,
    365,
    365,
    365,
    365,
    365,
    365,
    365,
    365,
    365,
    365,
    365,
    365,
    365,
    365,
    365,
    365,
    365,
    365,
    365,
    365,
    365,
    365,
    365
  ],
  "perdas_politica": [
    0.39031478847200807,
    0.24522070036484644,
    0.19752750769257546,
    0.1669254714534396,
    0.1439285240390084,
    0.1301386112752168,
    0.11919847241741546
  ],
  "perdas_valor": [],
  "perdas_entropia": [],
  "acuracoes_bc": [
    0.8376385663006757,
    0.8949669471153846,
    0.9175927734375,
    0.9318417503720238,
    0.9419977361505681,
    0.9485829228940217,
    0.9535249750664894
  ],
  "contagem_acoes": {
    "plantar": 1602,
    "regar": 1210,
    "herbicida": 7469,
    "esperar": 6677,
    "colher": 890,
    "fertilizar_N": 402
  },
  "kpis_agricolas": {
    "produtividade": [
      542.1226939878624,
      546.53731455466,
      847.1246080944308,
      533.316120768617,
      517.0868319877998,
      839.0519171591927,
      434.59816118229,
      811.0833375055488,
      636.4168027674831,
      581.5961781814211,
      552.0372472454319,
      828.9264138419695,
      626.4853092987714,
      831.088149187277,
      809.4494859979263,
      397.7016164794975,
      777.4257312170453,
      688.6604960934665,
      839.7965009350896,
      591.9750877892665,
      763.3177423846096,
      791.5690441870295,
      678.2210368876795,
      806.1453374982677,
      607.4113469163399,
      828.8390283350493,
      810.3696703617255,
      713.8899720040403,
      829.3205945920797,
      805.5157781434034,
      758.6262199250622,
      859.1289688771049,
      854.8281275980363,
      582.0698721456944,
      819.317961926669,
      774.0755189204555,
      832.3788297736609,
      684.6666464260254,
      592.6209473072421,
      851.3291388417404,
      831.1706321801946,
      825.0397728213009,
      842.7292067326266,
      837.3098550049125,
      811.324531889071,
      640.7302768078458,
      833.2869749626084,
      844.5481410854466,
      831.0790309241747,
      843.0401578246637
    ],
    "qualidade_solo": [
      0.38258621912782576,
      0.3760993715342824,
      0.4346394893719313,
      0.3401189929901909,
      0.4450999842555321,
      0.16363049263091942,
      0.3253280619230793,
      0.2927753107142852,
      0.26372434638410686,
      0.17822187885790475,
      0.4045717062654878,
      0.3804148418068941,
      0.34031311482186577,
      0.3015539039420256,
      0.323616412511045,
      0.26820475717140285,
      0.22729891220466902,
      0.28583797198837946,
      0.17654564971277192,
      0.30446240664734925,
      0.17654853166748208,
      0.1885172099814651,
      0.1849989827970197,
      0.20398526748176546,
      0.42018060561343046,
      0.2733732598665743,
      0.261306296636588,
      0.3612814865650263,
      0.16769213732515173,
      0.1607935855869262,
      0.22504650297940484,
      0.38138353997620633,
      0.24959361735986763,
      0.3162092199371111,
      0.2899826269418326,
      0.14573692103733776,
      0.23115539548609917,
      0.1769515739415643,
      0.31006558144008817,
      0.19513063240343276,
      0.18610978019783508,
      0.17049481878146985,
      0.41134490067202983,
      0.19996402897570806,
      0.18436832245593604,
      0.18513640902790898,
      0.30316434400406456,
      0.19413782706014504,
      0.24890019110397132,
      0.21859468356688286
    ],
    "uso_quimicos": [
      656,
      1632,
      2048,
      1088,
      576,
      1792,
      1216,
      1312,
      1376,
      288,
      1664,
      1744,
      1584,
      1072,
      1920,
      1024,
      1264,
      1568,
      1872,
      1328,
      560,
      384,
      1264,
      1472,
      1280,
      1712,
      1904,
      1520,
      1200,
      1024,
      1184,
      2064,
      1696,
      880,
      1072,
      1264,
      1184,
      848,
      1120,
      1456,
      1728,
      1408,
      1520,
      1824,
      848,
      1536,
      1728,
      1888,
      1168,
      1744
    ],
    "biodiversidade": [
      1.0487677135354544e-42,
      9.401894306850378e-64,
      4.608227842187164e-81,
      3.872301176771824e-52,
      2.4548176151746633e-59,
      9.896001793006913e-70,
      9.818560169890585e-58,
      8.984543600629305e-60,
      1.9605201567079903e-62,
      3.795473210665509e-44,
      2.2453007072561427e-59,
      9.637018645458938e-69,
      3.5528873131663973e-66,
      6.411558892691482e-62,
      2.552052655564919e-65,
      9.831934227779307e-49,
      9.690584666096763e-54,
      6.425649318922373e-73,
      3.103273415699999e-78,
      2.20862454319069e-55,
      2.7904432898441038e-46,
      1.5731165159829377e-45,
      2.235003120968593e-58,
      8.35418895262034e-56,
      1.1195988223496502e-56,
      4.047623196705148e-75,
      1.3916806753587424e-67,
      6.593688659538529e-61,
      7.991128717100773e-68,
      6.167364726448559e-54,
      2.5371922459910033e-64,
      5.730034556896537e-87,
      1.0000703956687045e-65,
      3.977192576788824e-58,
      1.866189874641911e-67,
      2.548769016416401e-60,
      2.8394022279797294e-63,
      2.622168880815249e-59,
      2.61195463264211e-57,
      3.605658290250289e-61,
      8.07489868670872e-73,
      7.187509982121109e-70,
      7.319177006728722e-81,
      8.463069713212598e-69,
      1.1494198296536593e-56,
      4.6899855067253695e-62,
      9.430147276184886e-66,
      4.317403109055337e-68,
      1.5649609860890055e-58,
      3.056701317342533e-79
    ]
  },