{
  "recompensas_episodios": [
    8600.128643830236,
    8772.555553051454,
    8685.414522692214,
    8644.004264794634,
    8554.523472234852,
    5163.679193709822,
    8559.821700811755,
    8739.210156681187,
    5163.667456481305,
    7904.268636174022,
    8600.013544879952,
    8828.754755492686,
    8519.336958917229,
    5602.1678546651165,
    8555.070406994362,
    7480.974291684297,
    8578.62699257299,
    8164.015814284365,
    7851.3640363917075,
    8123.834635034655,
    6920.362224718689,
    8770.452914687768,
    8652.942223834762,
    8893.811855245483,
    8770.814973389333,
    5620.363476624489,
    8850.541589933784,
    6614.501360569472,
    7704.453537963442,
    8709.689644740844,
    7411.02269770655,
    7859.803869537458,
    8686.063087990757,
    8751.887539931424,
    8644.387737924802,
    8575.680080174749,
    6674.302236431851,
    7148.586175652575,
    5953.749555038739,
    8738.17400670045,
    7274.190061212527,
    7236.31782248017,
    8574.3835315,
    7492.062794850663,
    7617.019555959718,
    6638.283232026311,
    6040.719520014498,
    8350.459386369625,
    7544.973181838743,
    8717.448133536482
  ],
  "duracao_episodios": [
    365,
    365,
    365,
    365,
    365,
    365,
    365,
    365,
    365,
    365,
    365,
    365,
    365,
    365,
    365,
    365,
    365,
    365,
    365,
    365,
    365,
    365,
    365,
    365,
    365,
    365,
    365,
    365,
    365,
    365,
    365,
    365,
    365,
    365,
    365,
    365,
    365,
    365,
    365,
    365,
    365,
    365,
    365,
    365,
    365,
    365,
    365,
    365,
    365,
    365
  ],
  "perdas_politica": [
    0.4003613130063624,
    0.24949679668897237,
    0.19999467719346284,
    0.17084680267033123,
    0.15270173906941306,
    0.13224588213083538,
    0.1193954623284492
  ],
  "perdas_valor": [],
  "perdas_entropia": [],
  "acuracoes_bc": [
    0.8333179370777027,
    0.8928097455929487,
    0.916744384765625,
    0.9308535621279762,
    0.9387539950284091,
    0.9479248046875,
    0.953764960106383
  ],
  "contagem_acoes": {
    "plantar": 1585,
    "esperar": 8051,
    "regar": 1146,
    "herbicida": 6208,
    "colher": 879,
    "fertilizar_N": 381
  },
  "kpis_agricolas": {
    "produtividade": [
      810.2112395238237,
      825.8094482937305,
      825.5304257756061,
      827.8348939131018,
      829.3049182391662,
      472.9357891613124,
      810.0267260471999,
      826.0128085620919,
      477.367221872745,
      733.9921085838733,
      813.9466657910125,
      836.0392930262469,
      800.8162993699322,
      464.32982344303707,
      817.5696641387397,
      677.3459579645025,
      815.6132690388291,
      758.376631695637,
      731.6165439242118,
      742.7415627289224,
      630.2806750362854,
      845.4406786270227,
      829.9596129167525,
      862.9271900332899,
      828.3335557226665,
      487.8271527378469,
      846.1630747034288,
      590.1988106534825,
      696.0674167743279,
      824.8847721800776,
      659.9588351794536,
      707.7967660208601,
      843.2229807497889,
      828.3610949522691,
      811.2710168953271,
      832.7297396245403,
      581.5113458591807,
      647.3991205999158,
      557.561552905275,
      843.6291949784917,
      651.4138508551673,
      650.0093750996974,
      802.4420654745309,
      678.8549459697837,
      687.8179983882751,
      601.0722483358164,
      490.07945590523116,
      776.013764771329,
      692.433017231378,
      832.0880504812468
    ],
    "qualidade_solo": [
      0.22258671381698347,
      0.3808504579065532,
      0.2967794821146319,
      0.18749686678738436,
      0.18026360714667428,
      0.38886505560847096,
      0.33378449625048234,
      0.28844847002598784,
      0.22586240764932736,
      0.22719948120938835,
      0.2819548785981436,
      0.3689575816529971,
      0.30604088444161864,
      0.30834599939893265,
      0.34949301702842117,
      0.19681374901665016,
      0.21267928246513448,
      0.31073624260353516,
      0.23689301661409584,
      0.3343410780139102,
      0.2774088695447353,
      0.27182427605377046,
      0.19472373622468744,
      0.18823762570504288,
      0.41733144786054416,
      0.3659997641318451,
      0.26414234522929736,
      0.1922950312902929,
      0.13639946441984135,
      0.28696971046446446,
      0.20359773084264343,
      0.33813917003250293,
      0.16468193053060298,
      0.3308714209855979,
      0.28330704686396946,
      0.15771095335308208,
      0.2906029713292555,
      0.2867321551641696,
      0.15526988467829556,
      0.20250353247282532,
      0.2742945764768421,
      0.20430573716704392,
      0.40418480252016625,
      0.19835231376905305,
      0.24638486206772264,
      0.2575715164674972,
      0.23277981291551397,
      0.2567484713134214,
      0.3414405240208435,
      0.2578230865543177
    ],
    "uso_quimicos": [
      432,
      800,
      1600,
      1328,
      1696,
      448,
      1392,
      912,
      576,
      1184,
      1152,
      896,
      1216,
      912,
      1520,
      688,
      944,
      880,
      1184,
      640,
      736,
      1440,
      1360,
      2064,
      912,
      1088,
      1632,
      976,
      880,
      608,
      976,
      816,
      1728,
      1344,
      1088,
      1792,
      832,
      2064,
      1680,
      1760,
      736,
      656,
      752,
      1536,
      864,
      1184,
      832,
      1056,
      1648,
      1248
    ],
    "biodiversidade": [
      4.0148660028707354e-39,
      2.4709258268867433e-59,
      8.769553867073993e-69,
      1.727553775721162e-57,
      2.781157805352119e-78,
      1.0334512053299474e-43,
      1.062971385748999e-62,
      3.1687963036853407e-57,
      2.4793099285771157e-52,
      5.179498844500339e-52,
      1.5413437205587784e-64,
      8.37306729030509e-55,
      5.806179709354913e-59,
      4.6479090206339355e-50,
      2.221738936509835e-67,
      5.272297545379228e-55,
      9.937806398131729e-56,
      5.75079856403612e-55,
      8.758785847833407e-63,
      6.231267153124594e-49,
      2.6951649597068456e-42,
      3.52552892323059e-66,
      3.5481546505434655e-71,
      3.904325063686423e-77,
      4.348714060690033e-61,
      5.345174523707541e-52,
      2.1612420491089878e-69,
      2.4942426286872207e-57,
      1.6368324699011833e-55,
      1.0963139357317382e-52,
      4.6228842521901375e-53,
      5.153799339019936e-54,
      3.679745271198583e-72,
      6.849016977631865e-59,
      5.762557280519823e-53,
      6.162927719285683e-77,
      1.0594740280950305e-51,
      1.4459916708196016e-74,
      3.4171284281513256e-59,
      4.7492241655062596e-73,
      4.511700609669974e-48,
      9.701669564306633e-43,
      2.2125548535979776e-57,
      3.7553998608700418e-65,
      1.8102079530283367e-51,
      2.198816653791361e-50,
      7.101124911883083e-57,
      6.997844363664287e-57,
      2.7223870117427223e-68,
      1.201269925582419e-59
    ]
  },