{
  "recompensas_episodios": [
    8549.850550080993,
    7868.134709046291,
    4482.18891326377,
    8654.982930241753,
    8561.833961242119,
    7672.310551192649,
    8567.858500549897,
    8525.68353141553,
    8686.933461747842,
    8595.998710964383,
    8567.85219391105,
    8842.594704990208,
    8720.360624308769,
    8777.873208509875,
    6682.714346571123,
    8590.92176066565,
    8671.49099015252,
    8527.865668446982,
    8740.979812397285,
    7745.428024941547,
    5976.691912907485,
    8655.722401115592,
    6871.884130358196,
    6926.692909447884,
    6657.963216561371,
    5346.817069536401,
    8659.488263264944,
    7639.7541319766915,
    6292.271928369482,
    8625.252941599749,
    8269.702901951849,
    8756.748993410554,
    7923.568373763264,
    8016.0906865435445,
    8722.539937340005,
    7129.051408211939,
    8512.759999426235,
    7156.564898857035,
    7695.308979587286,
    8724.668095506073,
    8624.499313795832,
    7733.285850949998,
    5958.71812799232,
    8694.309432034957,
    8595.54601296017,
    7957.4053535130715,
    8668.058711788199,
    8635.032156659585,
    8884.418190493103,
    8641.26074260965
  ],
  "duracao_episodios": [
    365,
    365,
    365,
    365,
    365,
    365,
    365,
    365,
    365,
    365,
    365,
    365,
    365,
    365,
    365,
    365,
    365,
    365,
    365,
    365,
    365,
    365,
    365,
    365,
    365,
    365,
    365,
    365,
    365,
    365,
    365,
    365,
    365,
    365,
    365,
    365,
    365,
    365,
    365,
    365,
    365,
    365,
    365,
    365,
    365,
    365,
    365,
    365,
    365,
    365
  ],
  "perdas_politica": [
    0.36339166168425535,
    0.17321782532410743,
    0.13653951935470104,
    0.10701806830863157,
    0.09282404710962014,
    0.07866214701662892,
    0.07336190812923807
  ],
  "perdas_valor": [],
  "perdas_entropia": [],
  "acuracoes_bc": [
    0.8608979096283784,
    0.928505608974359,
    0.946407470703125,
    0.9587669735863096,
    0.9652643377130682,
    0.9712243121603261,
    0.9740192819148936
  ],
  "contagem_acoes": {
    "plantar": 1608,
    "esperar": 7133,
    "regar": 1176,
    "herbicida": 7028,
    "colher": 885,
    "fertilizar_N": 420
  },
  "kpis_agricolas": {
    "produtividade": [
      798.5783378090215,
      715.4187169212686,
      372.4512976442227,
      820.3752677384898,
      796.7530779114827,
      686.7710815953019,
      834.9366924488277,
      802.9768023368645,
      845.0322243824537,
      827.5079120541614,
      835.4416711363538,
      823.2489239031834,
      818.3866953748711,
      840.7793751984757,
      563.0293687446942,
      805.6142757897545,
      837.6164297025385,
      818.9192823350842,
      834.0700920310613,
      728.2938361020073,
      484.0148171187627,
      821.2314426795265,
      591.2641868663211,
      620.2716785696002,
      587.3058085411292,
      478.2128776093337,
      810.824745355972,
      687.0106883865056,
      525.5468792080699,
      825.2125199094705,
      772.0640662039531,
      844.4757560233021,
      739.8916209368047,
      741.4030913930105,
      846.7296916721496,
      630.3931459588051,
      823.2986697781938,
      630.3075363722234,
      736.3364497019625,
      829.196547454129,
      807.811313139862,
      702.2559394829508,
      510.8851416647504,
      837.8291380382603,
      808.0532269695696,
      731.7780270990517,
      831.6625941747744,
      823.7422862450925,
      853.9467379218121,
      832.5506563502194
    ],
    "qualidade_solo": [
      0.20541155707219866,
      0.38703148956909733,
      0.4465015065237273,
      0.25239015648299246,
      0.18550805410127758,
      0.2714015364608931,
      0.21667588074062755,
      0.18994124733133644,
      0.18180194528344842,
      0.21161789006213588,
      0.2174127253428801,
      0.37777161481507016,
      0.29123350326738,
      0.2982688305166541,
      0.41895055702971723,
      0.1763451819229403,
      0.14819801286613254,
      0.20463380636815054,
      0.2236268760563207,
      0.28570529213948803,
      0.21017749727143809,
      0.2604905604946207,
      0.31494051578436477,
      0.30119168189392387,
      0.43642832290493583,
      0.325032916224213,
      0.23232616380398874,
      0.2698732345317877,
      0.29743928869940206,
      0.3126915581350741,
      0.2191580720932202,
      0.38138353997620633,
      0.23286146273777963,
      0.38203059318161614,
      0.3145235331918407,
      0.2207929085808864,
      0.195151918727795,
      0.34028763867940615,
      0.18057061236720667,
      0.30499661710835185,
      0.21528188674177753,
      0.24497702393395154,
      0.40732153722299125,
      0.16195515163744936,
      0.18845558442908977,
      0.18440861537690628,
      0.23601485651430104,
      0.19602229950302177,
      0.22396571583615332,
      0.2085607876794694
    ],
    "uso_quimicos": [
      752,
      1168,
      1440,
      1616,
      720,
      720,
      2224,
      416,
      1632,
      1792,
      1904,
      976,
      656,
      1360,
      1024,
      848,
      1488,
      1696,
      1440,
      1264,
      1056,
      976,
      560,
      1360,
      1776,
      1216,
      656,
      656,
      1024,
      1552,
      672,
      1904,
      1808,
      1424,
      1696,
      848,
      1824,
      608,
      1952,
      1360,
      800,
      1072,
      1440,
      1200,
      1184,
      1264,
      1504,
      1488,
      1440,
      1664
    ],
    "biodiversidade": [
      1.1577115795407363e-40,
      9.019711630632232e-53,
      1.914952212186056e-64,
      4.826320905515306e-56,
      4.927585070851244e-41,
      2.041124054145618e-46,
      5.059551872321426e-85,
      5.469436193414229e-55,
      1.0244952760696304e-80,
      2.450686481031345e-69,
      3.141364582374639e-82,
      9.31994667464224e-52,
      6.489134841833489e-50,
      3.1930436010136203e-74,
      1.7565361737778784e-56,
      1.658084419246474e-55,
      6.835615558061813e-76,
      6.044157132760306e-62,
      4.931091919547347e-61,
      7.235331777516454e-68,
      5.438411633265397e-49,
      2.324921274781419e-54,
      1.1621463448584794e-48,
      3.9841526279495985e-56,
      1.951411514561167e-65,
      2.8657806870810064e-67,
      2.0170410480988447e-53,
      9.324780072028947e-47,
      3.9094589026024034e-54,
      7.259863275201195e-67,
      2.740578534626502e-47,
      1.9826751974598605e-79,
      6.292489563133198e-69,
      8.62298127757452e-65,
      8.110642340287561e-79,
      8.589266674323281e-46,
      1.6479601509374526e-79,
      1.3909861907842053e-51,
      1.0168144495619878e-66,
      3.209289662683125e-57,
      5.6995092656187635e-55,
      1.8706578898904367e-54,
      2.9503745214914564e-69,
      1.4148506798268485e-67,
      3.701855268448349e-58,
      5.7898219503719074e-58,
      1.2724306097467895e-63,
      4.1815116973191795e-60,
      3.056235017826821e-70,
      1.419461850534612e-68
    ]
  },