{
  "recompensas_episodios": [
    7285.442344363395,
    5160.492707143009,
    4801.496308122743,
    7871.636442447738,
    6830.411379747784,
    5080.9805768226815,
    4747.316416000793,
    6729.299967046318,
    7361.417588226494,
    6439.685071994044,
    6514.316228351017,
    4967.869716422496,
    6717.8440768979945,
    8261.490820361234,
    8708.784897904281,
    6162.104178896394,
    8391.858513991425,
    5791.032374087904,
    5873.929023294851,
    8747.185023945882,
    5765.859179271767,
    8381.509650800766,
    6360.790696514299,
    6861.236649222136,
    6303.191343314638,
    6101.910341959094,
    8528.849176608248,
    6168.727984988357,
    5558.666617535848,
    5205.527830655563,
    6495.273606698987,
    3413.5808561987474,
    5879.060835891611,
    7276.6434243202875,
    6930.740036871392,
    7081.09079615904,
    7172.650263362985,
    7501.4596368039265,
    1219.2548226461859,
    6869.464542561567,
    5476.624749629631,
    5253.140826103507,
    5332.813062429257,
    5930.594269610381,
    6898.410598053429,
    1706.9251290254383,
    8500.422434749462,
    7515.301104855941,
    6080.941616123942,
    7453.259504795227
  ],
  "media_recompensa_final": 6353.370304876603,
  "desvio_recompensa_final": 1532.1712755579238,
  "ood_dry_recompensas": [
    3300.64126007908,
    3191.657035331197,
    3540.674500175768,
    3312.693923142465,
    2881.2838428692557,
    2734.5928129246677,
    3642.951690407733,
    2650.2558097045485,
    3225.496426349018,
    3016.7313930724777,
    3630.6911281635494,
    3243.2410858594912,
    3373.210527799376,
    3190.1683969937485,
    3542.9075370445053,
    3584.3731067149383,
    2606.990753767616,
    3569.3605901049687,
    3598.5615189726523,
    3267.5303654559093,
    3816.032534258209,
    3703.7703539281674,
    3966.3268365796375,
    3772.901043508891,
    3815.8029537464013,
    3194.1701983294115,
    3277.7372558534717,
    4055.872132120542,
    3543.3613995774367,
    3782.1489586864955,
    3547.2172780035116,
    3615.030355390013,
    3762.6959724690846,
    3845.2518669717347,
    3433.742197745073,
    3368.309317167675,
    4026.2459928128583,
    2645.9670109036006,
    3644.8853571414566,
    3398.592888065975,
    3568.7519437339124,
    3470.8198757102914,
    3600.9838133516287,
    3466.811416260155,
    3641.6169943078107,
    2927.582967842036,
    2328.5347297023886,
    1959.5219172266022,
    3734.987687488173,
    2851.026141492215
  ],
  "ood_humid_recompensas": [
    2842.365989592842,
    8853.75921107601,
    8606.484708673155,
    9231.268242359401,
    4721.595165403958,
    5061.431878081134,
    8660.738138642693,
    8951.324193279015,
    8787.148399771766,
    7339.5060439612025,
    8666.668395144468,
    9338.876067057025,
    6396.632938808122,
    3097.408758131738,
    6788.788533615787,
    7244.713291450575,
    4839.726324847852,
    9016.496591975465,
    9096.881151319154,
    6097.870465014365,
    8229.797582572912,
    6115.753004695723,
    9182.532994403631,
    4747.941404156903,
    7623.749396350693,
    6489.232888157593,
    6100.206014106697,
    7231.911176221527,
    9236.6767256696,
    8371.515040076581,
    5088.43419574605,
    9208.903204222857,
    8505.58684687199,
    4158.5125655094325,
    9233.034667458664,
    6922.04407194376,
    5345.095194267069,
    169.079062607479,
    6837.627137380028,
    6100.062633614991,
    9137.044343282185,
    7152.504120578769,
    9424.071326063744,
    9059.756171111443,
    5638.781103579198,
    4668.521156518151,
    5259.094104938876,
    6722.499780420657,
    6108.673676997738,
    9349.895487641748
  ],
  "media_ood_dry": 3377.4142619061563,
  "media_ood_humid": 7021.1644313074485,
  "acuracia_bc_final": 0.9932215073529411,
  "contagem_acoes": {
    "plantar": 1575,
    "esperar": 11609,
    "herbicida": 3542,
    "regar": 966,
    "colher": 558
  },
  "kpis_agricolas": {
    "produtividade": [
      652.6174726426007,
      403.67377294832204,
      379.5066959946238,
      706.6546649985532,
      581.2448863970568,
      420.34546998199056,
      418.46702533801295,
      583.4025931432338,
      650.8536950358139,
      542.1827888459719,
      549.1600588934784,
      386.24187567926754,
      572.5223327943734,
      754.4446603649926,
      813.583988790089,
      519.9156445771638,
      771.9821386248638,
      514.9388067644509,
      500.33690052777,
      816.2721504228773,
      455.32456259910015,
      775.5078281885437,
      571.9414780599221,
      598.8591019767096,
      533.1154839723282,
      505.50098506912894,
      786.0250955907354,
      529.7519490677183,
      466.1445098949103,
      462.17645697778585,
      557.1997767224368,
      266.5685572111903,
      500.8503735880242,
      642.2681811435809,
      600.7310581984825,
      615.0375398222776,
      630.1878095500794,
      664.595067669348,
      45.06385052947883,
      596.807736816478,
      472.1601143663532,
      405.2247929433013,
      483.81544329610085,
      498.4060032152222,
      600.8965810063917,
      117.4632159556257,
      788.1721288485684,
      672.7699044779251,
      515.2054009475895,
      660.7537325314049
    ],
    "qualidade_solo": [
      0.2758546007545598,
      0.4125294667331606,
      0.32117607514770674,
      0.26302685532304715,
      0.45465443732108574,
      0.3349779438347312,
      0.3475760021648113,
      0.33822575334060634,
      0.2464437715946762,
      0.2737707570679687,
      0.34312746772107916,
      0.396953065046882,
      0.20530438983873672,
      0.28050130234675247,
      0.3065985038352147,
      0.25424985595113914,
      0.2346020479445002,
      0.1242941193434499,
      0.387824368150912,
      0.26090931602672984,
      0.16155108326501852,
      0.36372166741982603,
      0.25471726880250256,
      0.30576301620466434,
      0.4245790635226667,
      0.32146161317910593,
      0.33954344503391676,
      0.2771917679310866,
      0.33097494621937196,
      0.24892285464135455,
      0.2706023330708927,
      0.3377296313549054,
      0.23834424050850717,
      0.3496214209979062,
      0.3488160984076708,
      0.15345095205939924,
      0.2771840810932062,
      0.30243703127852967,
      0.2530224710925789,
      0.2723390605147917,
      0.3549129356926295,
      0.2501773802018826,
      0.40732153722299125,
      0.18530576829950063,
      0.2090280846226277,
      0.2375030558377843,
      0.30541153080587247,
      0.20495335692517141,
      0.33460280669239323,
      0.31495650503983563
    ],
    "uso_quimicos": [
      656,
      1168,
      784,
      480,
      832,
      576,
      896,
      1088,
      416,
      576,
      352,
      784,
      912,
      592,
      784,
      768,
      528,
      0,
      672,
      832,
      448,
      672,
      672,
      624,
      1248,
      1056,
      656,
      832,
      848,
      512,
      784,
      656,
      480,
      656,
      608,
      912,
      576,
      544,
      688,
      976,
      400,
      592,
      704,
      688,
      1168,
      624,
      800,
      512,
      656,
      624
    ],