{
  "recompensas_episodios": [
    7583.393695049555,
    7604.671134348919,
    6687.398354554522,
    6263.988801037405,
    8078.594128823526,
    6403.861881469866,
    8528.423351671905,
    7991.242079886932,
    6550.230989506179,
    8252.70814242692,
    6961.355023389429,
    8682.21521705403,
    7531.290614132466,
    6298.102005092547,
    6359.988324738449,
    6221.945132907391,
    7169.563218113533,
    6427.239861444325,
    5727.315381096501,
    6148.75216112694,
    6851.516022305872,
    6796.926992104236,
    7163.598245319183,
    5226.999271579816,
    8510.225071256666,
    7106.82274227179,
    6731.640818292246,
    7512.147027221607,
    5956.052440975398,
    5732.717983817187,
    8412.439672393011,
    8187.898759206215,
    5364.576077659203,
    7277.741091429209,
    7598.7248899815695,
    8025.935676308998,
    5128.744413045435,
    7108.4325797603615,
    6022.604257683827,
    6292.668582987724,
    7202.417869856045,
    6403.8649179818285,
    7928.901584107683,
    6761.332375861839,
    7855.41576761214,
    8519.192893919719,
    8666.717360120585,
    7307.591964753415,
    8159.782949198368,
    6500.520177370495
  ],
  "duracao_episodios": [
    365,
    365,
    365,
    365,
    365,
    365,
    365,
    365,
    365,
    365,
    365,
    365,
    365,
    365,
    365,
    365,
    365,
    365,
    365,
    365,
    365,
    365,
    365,
    365,
    365,
    365,
    365,
    365,
    365,
    365,
    365,
    365,
    365,
    365,
    365,
    365,
    365,
    365,
    365,
    365,
    365,
    365,
    365,
    365,
    365,
    365,
    365,
    365,
    365,
    365
  ],
  "perdas_politica": [
    0.9391756162923925,
    0.7663857253158793,
    0.7220490399528953,
    0.6930354237556458,
    0.6606974619276383,
    0.6322858526426203,
    0.6122704604092766,
    0.5932205880389494,
    0.5799593855352962,
    0.5635750872247359,
    0.5504685938358307,
    0.5376111391712638,
    0.5337312002392376,
    0.5151540067266015,
    0.5034106198479148,
    0.4940222896197263,
    0.47807856079410105,
    0.4639880744849934,
    0.4592958197874181,
    0.4437700729159748,
    0.42380501417552724,
    0.4133403818396961,
    0.39261916455100565,
    0.3807326853275299,
    0.36053339435773735,
    0.34576793015003204,
    0.3269331052022822,
    0.3204508108251235,
    0.3009175579337513,
    0.28734051786801396,
    0.2714027648462969,
    0.25641971914207234,
    0.23933857328751507,
    0.2268453871502596,
    0.21681488305330276,
    0.20850232199710958,
    0.19178325967753634,
    0.18004302242222955,
    0.16877174333614461,
    0.1556879415669862,
    0.14474512132651665,
    0.13951169896651716,
    0.13051288465366645,
    0.11866561915068065,
    0.1059226974406663,
    0.1001720084425281,
    0.09109591626945664,
    0.08532613340546102,
    0.08276278361239854,
    0.07753584961242535,
    0.06965722812010962,
    0.06480237951173502,
    0.058747453395934665,
    0.0531656510908814,
    0.05511472900124157,
    0.047762561479912084,
    0.04301267555531334,
    0.041618558304274786,
    0.036576258237747586,
    0.03241053174304612,
    0.03218025752507588,
    0.028570172376930714,
    0.025825231281273505,
    0.024712415275109166,
    0.021537070956957692,
    0.01989437878022299,
    0.01991945894106346,
    0.019683482728021985,
    0.01703313781934626,
    0.013699346030240549,
    0.013808328630950521,
    0.013002620777115226,
    0.010761162307222976,
    0.00972287024042624,
    0.010636792107320884,
    0.009823875227833496,
    0.008488752331365557,
    0.00679504921358517,
    0.006302091128685895,
    0.005229424685239792,
    0.0053112334742977775,
    0.004794116001850104,
    0.004422812003587537,
    0.00420072567238308,
    0.004312454712549772,
    0.003835616643567953,
    0.0036048605106770992,
    0.003398040039053954,
    0.003292705552132033,
    0.003151019203120514,
    0.002877608109402525,
    0.0027533861455808885,
    0.002888932163306676,
    0.0030234119005720407,
    0.002777205775012536,
    0.0026059779852135655,
    0.002675321716678274,
    0.0026014334289357066,
    0.002746714816620464,
    0.002558946729336372
  ],
  "perdas_valor": [],
  "perdas_entropia": [],
  "acuracoes_bc": [
    0.5489430147058824,
    0.5788286994485294,
    0.6114286534926471,
    0.6320369944852942,
    0.6586339613970589,
    0.6788114659926471,
    0.6907169117647058,
    0.6954561121323529,
    0.7039435891544118,
    0.7125459558823529,
    0.7169835707720589,
    0.7261173023897058,
    0.7266343060661765,
    0.7392147288602942,
    0.7431784237132353,
    0.7472282858455882,
    0.7587603400735294,
    0.7656106387867647,
    0.7686695772058824,
    0.7791819852941176,
    0.7897231158088235,
    0.7911305147058824,
    0.8056640625,
    0.8128446691176471,
    0.823974609375,
    0.8321317784926471,
    0.8420840992647058,
    0.8463637408088235,
    0.8564022288602942,
    0.8647317325367647,
    0.8736213235294118,
    0.8799689797794118,
    0.8896197150735294,
    0.8957088694852942,
    0.8996725643382353,
    0.9034639246323529,
    0.9127412683823529,
    0.918212890625,
    0.9232105928308824,
    0.9313821231617647,
    0.9365808823529411,
    0.9399988511029411,
    0.9434886259191176,
    0.9495059742647058,
    0.9557387408088235,
    0.9580508961397058,
    0.9622012867647058,
    0.9647863051470589,
    0.9647432215073529,
    0.9682186351102942,
    0.9714786305147058,
    0.9745950137867647,
    0.9763758042279411,
    0.9788602941176471,
    0.9786735983455882,
    0.9811580882352942,
    0.9836138556985294,
    0.9836282169117647,
    0.9860409007352942,
    0.9878934972426471,
    0.9880227481617647,
    0.9893727022058824,
    0.9903349034926471,
    0.9905934053308824,
    0.9919577205882353,
    0.9923311121323529,
    0.9924603630514706,
    0.9928193933823529,
    0.9937815946691176,
    0.9953326056985294,
    0.9951315487132353,
    0.9955049402573529,
    0.99609375,
    0.9966969209558824,
    0.9962373621323529,
    0.9965533088235294,
    0.9970272288602942,
    0.9977740119485294,
    0.9980612362132353,
    0.9985207950367647,
    0.9982479319852942,
    0.9985495174632353,
    0.9986931295955882,
    0.9988367417279411,
    0.9987649356617647,
    0.9989372702205882,
    0.9990952435661765,
    0.9990521599264706,
    0.9990521599264706,
    0.9991239659926471,
    0.9992388556985294,
    0.9993968290441176,
    0.9992101332720589,
    0.9992244944852942,
    0.9992532169117647,
    0.9993393841911765,
    0.9994542738970589,
    0.9994686351102942,
    0.9993250229779411,
    0.9993681066176471
  ],
  "contagem_acoes": {
    "plantar": 1591,
    "esperar": 10990,
    "herbicida": 3982,
    "regar": 1075,
    "colher": 600,
    "fertilizar_N": 12
  },