{
  "recompensas_episodios": [
    7836.41066895898,
    7590.489428964559,
    7740.611880058788,
    7218.1972960998755,
    6916.107192845078,
    6915.838793012347,
    7939.9459942210215,
    6166.731634027108,
    6186.465777838208,
    6251.203180215467,
    5872.92642121272,
    8522.704399326734,
    8348.01585218692,
    6978.7721643625955,
    6563.492869095004,
    8288.640023339665,
    2642.7527581870054,
    7308.413196711412,
    5716.728987129136,
    8429.76736543416,
    8191.173865077768,
    7836.368419660432,
    6513.6851540812295,
    8771.65953632992,
    4938.967511147431,
    7974.506555190242,
    6653.080394701803,
    7377.669200915754,
    1988.7804265921754,
    8590.482726008788,
    6746.780475082691,
    6670.529840258108,
    6349.124517918834,
    5465.262194330182,
    7185.728837084905,
    7572.9783787074475,
    5965.883342785047,
    5152.86024766833,
    6927.087579738696,
    8624.813290066833,
    4702.088431059761,
    6425.938616164782,
    2097.4348410385596,
    1834.2800409047754,
    7301.5113739340795,
    7123.258103160598,
    7311.164171873308,
    5304.406205931566,
    8674.15226671836,
    8097.673687435414
  ],
  "duracao_episodios": [
    365,
    365,
    365,
    365,
    365,
    365,
    365,
    365,
    365,
    365,
    365,
    365,
    365,
    365,
    365,
    365,
    365,
    365,
    365,
    365,
    365,
    365,
    365,
    365,
    365,
    365,
    365,
    365,
    365,
    365,
    365,
    365,
    365,
    365,
    365,
    365,
    365,
    365,
    365,
    365,
    365,
    365,
    365,
    365,
    365,
    365,
    365,
    365,
    365,
    365
  ],
  "perdas_politica": [
    1.1837095896402994,
    0.8255674918492635,
    0.7750690857569377,
    0.7443642576535543,
    0.7226100087165832,
    0.7070285717646281,
    0.692306653658549,
    0.6779857118924458,
    0.6617085496584575,
    0.6492369135220846,
    0.6325408220291138,
    0.6167173584302267,
    0.6080315073331197,
    0.6013454794883728,
    0.5900429089864095,
    0.5811047712961833,
    0.5703811526298523,
    0.5640964269638061,
    0.5573725223541259,
    0.5453539888064066,
    0.5423824866612752,
    0.5285945018132527,
    0.5210931102434794,
    0.5118244330088297,
    0.4994707425435384,
    0.4871706048647563,
    0.4800007740656535,
    0.4735118408997854,
    0.46083386143048605,
    0.4503371159235636,
    0.4296738088130951,
    0.41369320154190065,
    0.40475245118141173,
    0.3946734567483266,
    0.383476589123408,
    0.3704773783683777,
    0.3621587793032328,
    0.34492480556170146,
    0.32978824774424237,
    0.32323841253916424,
    0.30961374640464784,
    0.30232532421747843,
    0.2947967688242594,
    0.2786301483710607,
    0.27501045962174736,
    0.2658069868882497,
    0.24986400008201598,
    0.24423173268636067,
    0.23170513610045115,
    0.23201503952344257,
    0.22234723766644796,
    0.21965769827365875,
    0.20630416572093963,
    0.20012047986189524,
    0.19124951759974163,
    0.18619452218214672,
    0.17897890706857045,
    0.17666651209195455,
    0.16617245177427928,
    0.15967971682548524,
    0.156407763560613,
    0.14707888861497243,
    0.1460299124320348,
    0.14165293276309968,
    0.13357888509829838,
    0.12825077325105666,
    0.12506990085045497,
    0.12183403025070826,
    0.12000292936960856,
    0.11375684986511866,
    0.10940568496783575,
    0.10583490331967672,
    0.10332630674044291,
    0.09792625655730565,
    0.09698918213446935,
    0.09285758386055629,
    0.09145957231521606,
    0.08830870191256206,
    0.08569456140200298,
    0.0848321591814359,
    0.08282105624675751,
    0.08059631337722142,
    0.07843925754229228,
    0.07780641590555509,
    0.07598081082105637,
    0.07393004869421323,
    0.07225003515680631,
    0.07107172335187593,
    0.07086795940995216,
    0.06875350226958593,
    0.06794468015432358,
    0.06790789862473806,
    0.06689635018507639,
    0.067008342842261,
    0.06736582865317663,
    0.06683767562111219,
    0.06452055623133977,
    0.06501553083459537,
    0.06571041991313299,
    0.06476723750432332
  ],
  "perdas_valor": [],
  "perdas_entropia": [],
  "acuracoes_bc": [
    0.515771484375,
    0.5611328125,
    0.5936360677083333,
    0.6062662760416667,
    0.6161458333333333,
    0.6250325520833333,
    0.6370442708333334,
    0.6447428385416667,
    0.653466796875,
    0.666015625,
    0.67939453125,
    0.6881998697916667,
    0.691455078125,
    0.6917643229166667,
    0.696728515625,
    0.70390625,
    0.7109212239583333,
    0.7146321614583333,
    0.716943359375,
    0.7236165364583333,
    0.7225748697916666,
    0.7340983072916667,
    0.7366861979166667,
    0.7438639322916667,
    0.750341796875,
    0.75546875,
    0.7615234375,
    0.763916015625,
    0.7725260416666667,
    0.78173828125,
    0.790185546875,
    0.8009765625,
    0.803955078125,
    0.8112630208333333,
    0.817138671875,
    0.8245930989583333,
    0.8276041666666667,
    0.8395182291666666,
    0.8449869791666667,
    0.850537109375,
    0.858740234375,
    0.8609049479166667,
    0.8666341145833333,
    0.8745930989583334,
    0.874951171875,
    0.8774576822916667,
    0.8884602864583333,
    0.8900227864583333,
    0.8977701822916667,
    0.8967447916666667,
    0.90224609375,
    0.9020833333333333,
    0.9102864583333333,
    0.9131184895833333,
    0.9170247395833333,
    0.9198567708333333,
    0.924755859375,
    0.9239420572916667,
    0.92900390625,
    0.9333821614583333,
    0.9344075520833334,
    0.93974609375,
    0.93984375,
    0.942333984375,
    0.9460611979166667,
    0.9471516927083333,
    0.9493977864583333,
    0.950048828125,
    0.95087890625,
    0.954833984375,
    0.95732421875,
    0.958837890625,
    0.9597819010416667,
    0.96181640625,
    0.9621907552083333,
    0.9638997395833333,
    0.9653483072916667,
    0.966162109375,
    0.9674479166666666,
    0.9669596354166666,
    0.968408203125,
    0.9695963541666667,
    0.97060546875,
    0.97060546875,
    0.9713541666666666,
    0.9731119791666667,
    0.9736979166666667,
    0.9738932291666667,
    0.9739908854166667,
    0.9754720052083333,
    0.9757486979166666,
    0.975244140625,
    0.9758463541666667,
    0.9757161458333333,
    0.975146484375,
    0.9762044270833333,
    0.9773111979166667,
    0.97724609375,
    0.9761067708333333,
    0.9768880208333334
  ],
  "contagem_acoes": {
    "plantar": 1783,
    "esperar": 11245,
    "regar": 925,
    "herbicida": 3723,
    "colher": 574
  },
  "kpis_agricolas": {
    "produtividade": [
      712.3474330482989,
      683.7756510161362,
      691.7362339596566,
      643.2215388598553,
      606.0526101749737,
      618.4641378675261,
      720.0418283880758,
      542.190569602521,
      509.60370864437,
      539.201045219914,
      519.4249480641804,
      793.0934750403896,
      774.8260338281428,
      612.1791478138424,
      586.3278331060199,
      770.2156500261345,
      173.35861975814962,
      648.7693302243006,
      483.81991582160026,
      784.9419406252931,
      756.0328794226523,
      709.626488132362,
      587.8574774633438,
      830.9614788761681,
      402.97454166018156,
      728.6103814889966,
      572.4407615844707,
      647.7187754747547,
      90.64471951582405,
      798.8948666099752,
      615.1628367228299,
      567.299661736487,
      534.1298576803625,
      470.0138069296574,
      637.1555806999625,
      680.8445099847575,
      492.61486871589165,
      427.54489198325507,
      628.3415411127182,
      808.2614062917545,
      371.42768531382626,
      544.287745311225,
      154.22714102509684,
      110.28498213493785,
      646.3421436194075,
      626.7973041533763,
      674.2252411907781,
      454.83042202080395,
      814.6852626896838,
      747.3189680896635
    ],