{
  "recompensas_episodios": [
    7359.270594557191,
    8794.257300268418,
    6647.962402212426,
    5138.905473891353,
    6538.889962549547,
    8267.595211362188,
    5657.785372261963,
    5980.617437567262,
    7501.33423465799,
    5314.372394026684,
    5243.179368317555,
    5965.863804665441,
    6948.886609595045,
    7338.198513186409,
    7369.193658031321,
    7520.043269528082,
    7025.510168809758,
    8829.251910684645,
    7459.678362394632,
    5983.820326225979,
    6824.397025829039,
    6742.4988111398425,
    7713.249342643003,
    8172.222706744707,
    4903.230920142504,
    7395.976006128696,
    4831.212567701478,
    5424.728927563325,
    5575.0709575649025,
    4629.703300008816,
    7240.193313482361,
    4090.088213507446,
    5820.238705896569,
    5698.3777860853215,
    6005.35773091288,
    7354.735952458358,
    5984.754502544049,
    7415.9346065865975,
    6191.709731690123,
    6032.2552741505715,
    8658.296514765254,
    8289.561941344084,
    7395.931764145245,
    7585.927612667464,
    5613.332685114719,
    8695.066258060837,
    6432.654660597482,
    6432.823506339636,
    4876.0200712634305,
    5910.884355506513
  ],
  "duracao_episodios": [
    365,
    365,
    365,
    365,
    365,
    365,
    365,
    365,
    365,
    365,
    365,
    365,
    365,
    365,
    365,
    365,
    365,
    365,
    365,
    365,
    365,
    365,
    365,
    365,
    365,
    365,
    365,
    365,
    365,
    365,
    365,
    365,
    365,
    365,
    365,
    365,
    365,
    365,
    365,
    365,
    365,
    365,
    365,
    365,
    365,
    365,
    365,
    365,
    365,
    365
  ],
  "perdas_politica": [
    1.1150742488748886,
    0.8069052608574138,
    0.7620873679133022,
    0.7308672245811013,
    0.716098385698655,
    0.6995734940556919,
    0.6805648856303271,
    0.6612178280073053,
    0.6475145273348865,
    0.6277545918436611,
    0.6188178220215965,
    0.6003350843401516,
    0.5950928102521336,
    0.5773358765770408,
    0.5657763516201693,
    0.5544841832974378,
    0.5458792772363213,
    0.5353557134375853,
    0.52444127990919,
    0.5068802859853295,
    0.49293701701304493,
    0.4829888887265149,
    0.4655564944533741,
    0.45628778724109426,
    0.44132968082147483,
    0.4330541281139149,
    0.41680553993758035,
    0.4056181259015027,
    0.3915453772334492,
    0.38109877442612367,
    0.36609434993828044,
    0.353072431157617,
    0.3424839964684318,
    0.33496392036185546,
    0.3232383210869396,
    0.31229232514605804,
    0.3028302517007379,
    0.29085049296126647,
    0.2832081015495693,
    0.2763156382476582,
    0.26885440814144473,
    0.2603440648492645,
    0.2525252090657459,
    0.24603264822679408,
    0.23895418819259195,
    0.2315260211334509,
    0.22274003659977631,
    0.21741438087295084,
    0.21196004047113307,
    0.205502693705699,
    0.1992982880157583,
    0.1926194074399331,
    0.1861445237608517,
    0.18171285531100104,
    0.1758277705487083,
    0.17129501042997136,
    0.16678926502080524,
    0.1637328376664835,
    0.15575503075824065,
    0.15374625605695388,
    0.15090957941377864,
    0.14712331882294485,
    0.14119164755239205,
    0.1382745434256161,
    0.13628394397742608,
    0.13193759804262833,
    0.12704437905374696,
    0.12419242543332717,
    0.1251649008516003,
    0.11946839510517962,
    0.11639092994086883,
    0.11500678956508636,
    0.11258311350555981,
    0.10985543491209254,
    0.10836568978779457,
    0.10508839413523674,
    0.10300912620390162,
    0.09920077836688827,
    0.10032403074643191,
    0.09904725236051223,
    0.09573616153177093,
    0.0952213825110127,
    0.09482559605556376,
    0.09199309458627421,
    0.09018152119482264,
    0.09032287733519778,
    0.08801484305192442,
    0.08712310804163709,
    0.0867632809369003,
    0.08603220980833559,
    0.08542819792295203,
    0.08428597910439267,
    0.08397118374705315,
    0.08453314006328583,
    0.08350139702944194,
    0.08302938127342392,
    0.08220498724018827,
    0.08264082253855817,
    0.08168399717439623,
    0.08268221489646856
  ],
  "perdas_valor": [],
  "perdas_entropia": [],
  "acuracoes_bc": [
    0.544921875,
    0.5817583869485294,
    0.5960334329044118,
    0.6141716452205882,
    0.6147173713235294,
    0.6311465992647058,
    0.6497300091911765,
    0.6601849724264706,
    0.6697639016544118,
    0.6821145450367647,
    0.6869973575367647,
    0.6984576056985294,
    0.7004250919117647,
    0.7106502757352942,
    0.7164091222426471,
    0.7245950137867647,
    0.7272087545955882,
    0.733642578125,
    0.7378360523897058,
    0.7506606158088235,
    0.7569651884191176,
    0.76318359375,
    0.7735811121323529,
    0.7757783777573529,
    0.7855583639705882,
    0.7895795036764706,
    0.7983254825367647,
    0.8050178079044118,
    0.8128877527573529,
    0.8180434283088235,
    0.8255687040441176,
    0.8336253446691176,
    0.8377757352941176,
    0.8416389016544118,
    0.8497386259191176,
    0.8556267233455882,
    0.8604520909926471,
    0.8662827435661765,
    0.8688246783088235,
    0.8722713694852942,
    0.8768382352941176,
    0.8814194623161765,
    0.8841337316176471,
    0.8871065027573529,
    0.8931669347426471,
    0.8972455193014706,
    0.9006922104779411,
    0.9042537913602942,
    0.9067813648897058,
    0.9107737821691176,
    0.9115780101102942,
    0.9150247012867647,
    0.9189596737132353,
    0.9207261029411765,
    0.9240291819852942,
    0.9253791360294118,
    0.9278923483455882,
    0.9286104090073529,
    0.9340389476102942,
    0.9342830882352942,
    0.9350873161764706,
    0.9373276654411765,
    0.9399988511029411,
    0.941162109375,
    0.9424115349264706,
    0.9444221047794118,
    0.9463895909926471,
    0.9483570772058824,
    0.9474666819852942,
    0.9500086167279411,
    0.9513011259191176,
    0.9518324908088235,
    0.9530244715073529,
    0.9536563648897058,
    0.9556669347426471,
    0.9556238511029411,
    0.9581227022058824,
    0.9592859604779411,
    0.9581945082720589,
    0.9588982077205882,
    0.9612678079044118,
    0.9610523897058824,
    0.9607220818014706,
    0.9617273667279411,
    0.9632209329044118,
    0.9630055147058824,
    0.9643698299632353,
    0.9647144990808824,
    0.9650017233455882,
    0.9652315027573529,
    0.9655905330882353,
    0.9661937040441176,
    0.9664522058823529,
    0.9657915900735294,
    0.9661362591911765,
    0.9671415441176471,
    0.9672420726102942,
    0.9672707950367647,
    0.9677590762867647,
    0.9661937040441176
  ],
  "contagem_acoes": {
    "plantar": 1589,
    "esperar": 11375,
    "regar": 997,
    "herbicida": 3679,
    "colher": 608,
    "fertilizar_N": 2
  },