{
  "recompensas_episodios": [
    5888.402214444655,
    5772.012813675074,
    5253.837120766631,
    8698.746983438801,
    4086.626305704938,
    3936.3934544431913,
    5819.955662929319,
    4486.487023369967,
    6201.61813461281,
    5657.17693601684,
    5579.712260822731,
    3478.8535531377793,
    7000.165324094209,
    6134.373813862605,
    7399.8572021360005,
    8516.459489998293,
    7101.9319019663035,
    6598.779298430956,
    6286.54541438159,
    5883.944390295052,
    1545.0676172049014,
    6372.079424218252,
    7942.262802332956,
    6303.927919935284,
    5898.8936739062465,
    6613.284602173013,
    6193.95214253637,
    6914.451887915867,
    5393.419027696284,
    5983.035134616307,
    8518.533461623872,
    6386.1491024384795,
    6425.167738279396,
    3933.738518659286,
    7143.803051714578,
    8014.371305272353,
    6594.47432088944,
    6028.097067861694,
    5497.239166147801,
    8526.7672161205,
    6142.44455110749,
    7253.813675800572,
    6204.172266155643,
    7150.261883203377,
    8197.62958313148,
    7185.567795743002,
    6688.619303019898,
    6966.579821553985,
    6262.295985606415,
    6074.677564254724
  ],
  "duracao_episodios": [
    365,
    365,
    365,
    365,
    365,
    365,
    365,
    365,
    365,
    365,
    365,
    365,
    365,
    365,
    365,
    365,
    365,
    365,
    365,
    365,
    365,
    365,
    365,
    365,
    365,
    365,
    365,
    365,
    365,
    365,
    365,
    365,
    365,
    365,
    365,
    365,
    365,
    365,
    365,
    365,
    365,
    365,
    365,
    365,
    365,
    365,
    365,
    365,
    365,
    365
  ],
  "perdas_politica": [
    1.1611852327982584,
    0.8192597389221191,
    0.7721558173497518,
    0.7408485372861227,
    0.7210093975067139,
    0.7005258838335673,
    0.6835789203643798,
    0.6770269831021627,
    0.6632784366607666,
    0.6460414171218872,
    0.6323989868164063,
    0.618143912156423,
    0.6064571340878805,
    0.5998099724451701,
    0.5917109807332357,
    0.5764918247858684,
    0.5684674859046936,
    0.5672932744026185,
    0.5583634495735168,
    0.5493536551793416,
    0.543359084924062,
    0.5291621565818787,
    0.5229300161202749,
    0.512804098924001,
    0.49926663041114805,
    0.49386919736862184,
    0.4772805035114288,
    0.4666592021783193,
    0.45750179489453635,
    0.4447782595952352,
    0.4301993727684021,
    0.4148973822593689,
    0.4038323203722636,
    0.3937057971954346,
    0.3744842926661173,
    0.36745432813962303,
    0.3543951114018758,
    0.34244783918062843,
    0.33479753335316975,
    0.32869126995404563,
    0.31184401909510295,
    0.2972701072692871,
    0.29106143514315286,
    0.27964781721433,
    0.270178958773613,
    0.2634355515241623,
    0.2547696808973948,
    0.24664297799269358,
    0.23499276041984557,
    0.23182302018006642,
    0.22680947581926983,
    0.21358157098293304,
    0.20834365487098694,
    0.20006175438563029,
    0.19263799289862316,
    0.1820358544588089,
    0.17964959740638733,
    0.1806027134259542,
    0.1739586263895035,
    0.1681033730506897,
    0.15682632426420848,
    0.1527971218029658,
    0.14900423487027487,
    0.14316208859284718,
    0.13731818944215773,
    0.13398024092117947,
    0.12863033662239712,
    0.12611551930507023,
    0.12144799778858821,
    0.11924130866924922,
    0.11413538108269373,
    0.11580529014269511,
    0.11105907261371613,
    0.10261904795964559,
    0.1012183184425036,
    0.0986067866285642,
    0.0956148644288381,
    0.09457567185163498,
    0.09059151758750279,
    0.0873153567314148,
    0.08713420182466507,
    0.08497651467720667,
    0.08324413001537323,
    0.07947985281546911,
    0.07825783913334211,
    0.07838783462842305,
    0.07752338200807571,
    0.07571532328923543,
    0.07371546650926272,
    0.07275683159629504,
    0.07107747892538706,
    0.06977134520808856,
    0.07069321473439534,
    0.07055229047934214,
    0.06945573339859644,
    0.0686587043106556,
    0.06820915614565214,
    0.06911764070391654,
    0.06818588003516197,
    0.06734736387928326
  ],
  "perdas_valor": [],
  "perdas_entropia": [],
  "acuracoes_bc": [
    0.5204915364583333,
    0.5648763020833333,
    0.5962076822916667,
    0.6040201822916667,
    0.6144205729166666,
    0.630078125,
    0.642919921875,
    0.6427083333333333,
    0.6520345052083333,
    0.667333984375,
    0.6787923177083334,
    0.6881022135416667,
    0.6905110677083334,
    0.6942545572916666,
    0.7023111979166666,
    0.7091634114583333,
    0.7148600260416667,
    0.7129557291666667,
    0.7214680989583333,
    0.724169921875,
    0.7293131510416667,
    0.736328125,
    0.7375651041666667,
    0.7405924479166667,
    0.749658203125,
    0.7529296875,
    0.7650227864583333,
    0.7711751302083333,
    0.7752278645833334,
    0.7823567708333333,
    0.7940266927083334,
    0.8020345052083333,
    0.8091145833333333,
    0.8140299479166667,
    0.823486328125,
    0.8279459635416667,
    0.83447265625,
    0.8422037760416666,
    0.8461588541666667,
    0.8486979166666667,
    0.8569986979166667,
    0.8648274739583334,
    0.8683268229166666,
    0.873486328125,
    0.8791341145833333,
    0.8825520833333333,
    0.8862630208333333,
    0.8897298177083334,
    0.8955078125,
    0.897021484375,
    0.8998697916666667,
    0.9055826822916667,
    0.9093424479166666,
    0.91337890625,
    0.9162923177083333,
    0.921728515625,
    0.9236653645833334,
    0.92333984375,
    0.9256510416666667,
    0.9293782552083333,
    0.9339029947916667,
    0.936767578125,
    0.9381184895833333,
    0.9408854166666667,
    0.944091796875,
    0.9455078125,
    0.9476888020833333,
    0.9480305989583333,
    0.9507975260416667,
    0.9515462239583333,
    0.953662109375,
    0.953076171875,
    0.955908203125,
    0.9591634114583333,
    0.9605794270833333,
    0.9615885416666666,
    0.9630045572916667,
    0.9630045572916667,
    0.9658203125,
    0.9669108072916667,
    0.96611328125,
    0.9665690104166667,
    0.9687174479166667,
    0.9702962239583334,
    0.9701822916666667,
    0.9711100260416666,
    0.9711100260416666,
    0.9719563802083333,
    0.9721842447916667,
    0.973046875,
    0.97392578125,
    0.9743815104166667,
    0.9736002604166667,
    0.9740071614583333,
    0.9743815104166667,
    0.9751953125,
    0.9751627604166667,
    0.97451171875,
    0.974951171875,
    0.9752278645833333
  ],
  "contagem_acoes": {
    "plantar": 1684,
    "esperar": 11445,
    "regar": 924,
    "herbicida": 3701,
    "colher": 496
  },
  "kpis_agricolas": {
    "produtividade": [
      482.6105210852929,
      464.3504513178851,
      394.5634855331751,
      816.9161982349609,
      303.6581893616847,
      342.80030596611016,
      469.92802343043076,
      358.48075938178,
      519.7735695435285,
      450.319622612077,
      464.54164681007296,
      250.56633044795072,
      609.3343755988934,
      509.9041805437839,
      659.2962920981512,
      791.0072675468205,
      616.9364910077271,
      574.9309902546538,
      520.13661517759,
      499.92836171690044,
      95.52795593042109,
      547.0025559062284,
      719.8106203869838,
      573.6651624870614,
      505.11053391382444,
      575.755764764829,
      507.73198771191596,
      616.8355258298625,
      439.71284722324606,
      499.5583211322276,
      795.945771890971,
      527.4471543510897,
      532.1760707987614,
      295.40592995302745,
      627.755925357562,
      747.0234860692967,
      559.575793382088,
      494.8445538240117,
      459.34634895924046,
      785.0526183473879,
      528.6755104981149,
      640.0845989212745,
      511.26392315916405,
      627.1215171428202,
      758.2738722905736,
      626.4579566104834,
      577.3014216113461,
      626.5885271889792,
      530.705446616786,
      499.44612669721045
    ],