{
  "recompensas_episodios": [
    8511.535257076881,
    8888.715236551621,
    8858.024978113684,
    8670.869698604796,
    8842.180406987554,
    8532.95761473069,
    8609.740582362829,
    8734.350140858565,
    8539.868927836957,
    6426.897329258023,
    8611.25043819183,
    8598.303098274848,
    8578.783703838662,
    8932.068407639399,
    8611.388647888321,
    8774.307667853835,
    8573.295797073073,
    8616.561694175052,
    8489.847078473918,
    8543.951302641828,
    8508.66144118578,
    8677.604046973789,
    8719.910092296914,
    8795.720263080413,
    8672.37610823517,
    8603.508131819908,
    8718.63367988588,
    8694.492722566989,
    8632.522170848173,
    7821.113285713231,
    8633.65274104209,
    8688.117181697231,
    8264.772715971098,
    8489.476913388104,
    8748.639376042416,
    8666.159232182577,
    8483.722181616266,
    8785.832151573995,
    8741.57793398136,
    8880.977537216033,
    8672.786220764026,
    8569.24579141982,
    8663.339898428367,
    8696.74620666722,
    8638.86830661743,
    8690.899706497672,
    8673.961905357919,
    8694.416076230846,
    8737.763734983517,
    8680.920817641789
  ],
  "duracao_episodios": [
    365,
    365,
    365,
    365,
    365,
    365,
    365,
    365,
    365,
    365,
    365,
    365,
    365,
    365,
    365,
    365,
    365,
    365,
    365,
    365,
    365,
    365,
    365,
    365,
    365,
    365,
    365,
    365,
    365,
    365,
    365,
    365,
    365,
    365,
    365,
    365,
    365,
    365,
    365,
    365,
    365,
    365,
    365,
    365,
    365,
    365,
    365,
    365,
    365,
    365
  ],
  "perdas_politica": [
    0.3331434942177824,
    0.1272468448449404,
    0.07715155544690788,
    0.05653725238516927,
    0.04618744452229955,
    0.03930225381627679,
    0.03759616992852472
  ],
  "perdas_valor": [],
  "perdas_entropia": [],
  "acuracoes_bc": [
    0.9004275760135135,
    0.9502266125801282,
    0.970943603515625,
    0.9792608351934524,
    0.9842007723721591,
    0.9872940726902174,
    0.9884900681515958
  ],
  "contagem_acoes": {
    "plantar": 1600,
    "herbicida": 9552,
    "regar": 1287,
    "colher": 1142,
    "fertilizar_N": 942,
    "esperar": 3727
  },
  "kpis_agricolas": {
    "produtividade": [
      830.4602334310379,
      866.8334979365391,
      857.4157050254037,
      839.1102506187519,
      849.7657374757139,
      815.7252856701746,
      836.5817566578621,
      846.3331535121073,
      822.358729165846,
      554.5205046747344,
      835.4449840607225,
      820.5678787362347,
      830.7957448379073,
      859.8248752288945,
      824.848911791702,
      838.4790343965767,
      837.645782625345,
      822.3539197096344,
      811.0258741437958,
      830.807206411418,
      809.369164113512,
      841.8100383999797,
      843.1729415241139,
      843.3140015429027,
      837.5139310621462,
      825.4295097905832,
      850.7694965987677,
      840.6213139404664,
      842.1984561598033,
      711.7479827266209,
      829.8777453195213,
      829.4073768582047,
      771.3268746847803,
      799.1976758261424,
      846.0838149459148,
      841.4813237649574,
      789.6058618237307,
      840.4031510438853,
      840.002324828442,
      861.5604211397596,
      837.5705183868954,
      839.8672847910541,
      826.1359979336694,
      844.7608227020114,
      833.6304181787795,
      842.9966375604592,
      841.6805509956338,
      824.8061405416486,
      849.7223067388286,
      829.5333414663884
    ],
    "qualidade_solo": [
      0.20841361716887957,
      0.3808504576118895,
      0.42684645309004887,
      0.2787141807765475,
      0.46329679405492424,
      0.1740123307905328,
      0.17241849561049874,
      0.2741066622156789,
      0.2983154510196576,
      0.2854015690533662,
      0.21489655148093254,
      0.37042794958260705,
      0.21665275624232638,
      0.2982688305166543,
      0.32417310899075097,
      0.17394791819811767,
      0.19994358987995575,
      0.26447829514661103,
      0.2574019167254019,
      0.21347775241280514,
      0.2191385822382072,
      0.20987330475644836,
      0.19849722998155264,
      0.1782633053390687,
      0.34412384665339246,
      0.22333160704548616,
      0.25522902466374225,
      0.28442729112985404,
      0.12812825566315633,
      0.34500021735710923,
      0.16537905851687124,
      0.3699899090273741,
      0.2890946644993008,
      0.3786081812187183,
      0.3922461298040865,
      0.16027008423905084,
      0.17825585741766542,
      0.2199074348168444,
      0.21128826588902475,
      0.1741848139191916,
      0.18686727018222185,
      0.16927848058363684,
      0.40579299128833235,
      0.19118595111281717,
      0.188645664990055,
      0.14409970747031253,
      0.2222015820752599,
      0.20141880656583785,
      0.235910398373972,
      0.2505993497565677
    ],
    "uso_quimicos": [
      2000,
      1984,
      1744,
      2096,
      1984,
      1312,
      1792,
      1968,
      2128,
      880,
      1840,
      1936,
      1520,
      1120,
      960,
      1904,
      1808,
      1648,
      2000,
      1632,
      1376,
      1504,
      1664,
      1856,
      1568,
      1152,
      2032,
      1968,
      2000,
      1600,
      1808,
      1824,
      1024,
      1424,
      1744,
      1728,
      688,
      704,
      1840,
      1552,
      1168,
      1696,
      928,
      2128,
      1552,
      1712,
      1712,
      1328,
      1552,
      1440
    ],
    "biodiversidade": [
      5.3887048308448496e-70,
      1.0435490249317857e-80,
      1.0472711391917889e-80,
      5.843648326960505e-70,
      7.064701937482878e-78,
      2.7808991595631547e-64,
      1.072131034689118e-83,
      1.2546576001933285e-79,
      5.854902939372794e-77,
      9.503032888911665e-56,
      1.9035099982374837e-77,
      1.8055098781284664e-66,
      1.6061655510150915e-70,
      2.3274375169155927e-68,
      4.5631208584844284e-68,
      2.5472639553103657e-63,
      1.124325121917288e-75,
      1.8692315013343884e-63,
      6.086072250681507e-66,
      1.3850374053189233e-71,
      2.3149297748577908e-61,
      3.9794482790376066e-72,
      1.1581935142825499e-80,
      6.993136936653379e-63,
      7.566013452951687e-75,
      3.8801142445533643e-66,
      3.216816828718219e-86,
      2.6016299409767756e-76,
      4.599137840548143e-79,
      1.1585151010100666e-59,
      7.423506799583086e-67,
      1.1052553495138312e-74,
      9.956448082549586e-52,
      1.0593831769151918e-61,
      1.186791536490904e-79,
      1.3502076132240044e-74,
      9.130608368411863e-52,
      3.917938618797049e-63,
      6.333411578508621e-74,
      1.8279440268446853e-77,
      2.1251130791818503e-71,
      2.1596615753934787e-73,
      3.339053461985434e-68,
      8.541215982455084e-84,
      3.4920124650191674e-74,
      4.496198853386642e-70,
      5.957447984116963e-71,
      2.523287601690105e-59,
      2.4836707269924198e-77,
      4.1360927792017615e-61
    ]
  },