{
  "recompensas_episodios": [
    6287.678621400641,
    6901.769641745013,
    7898.040078753835,
    8797.922133052083,
    6606.280108300129,
    7682.925744835786,
    5737.905406370855,
    5827.649210399899,
    7973.3909104611685,
    8130.842177817132,
    6248.821646428589,
    7085.291661845795,
    8276.511136902189,
    6043.987227092022,
    8380.693931679267,
    8773.237410197988,
    5764.789195869733,
    7019.374641144474,
    7598.805304495663,
    8229.393144889053,
    7482.31526638256,
    6468.9967994616545,
    8524.249579594714,
    8534.89315662815,
    7099.914363750555,
    6938.394841313714,
    8791.767457326016,
    7835.451636500184,
    6967.214044706318,
    7212.891385847539,
    7722.741575801523,
    6329.6425829748705,
    6354.1253153209955,
    7174.348591546733,
    8546.30711480793,
    8617.72326266115,
    8216.534969796567,
    5398.352859231296,
    6163.233130874816,
    8677.128458414547,
    8159.726683388133,
    7023.2356064365285,
    6707.376235487944,
    8045.279034617302,
    7494.016235704163,
    5530.754412085067,
    8596.787494347056,
    6113.6308104186555,
    6962.429482247797,
    8546.96109895915
  ],
  "media_recompensa_final": 7350.034656406298,
  "desvio_recompensa_final": 996.1015174336073,
  "ood_dry_recompensas": [
    3543.035211650917,
    3801.4420712321903,
    3765.135508655001,
    3657.403888341395,
    3559.576221868786,
    3688.094229376753,
    3847.077911903408,
    3682.339696436222,
    3644.267341390341,
    3607.633068716645,
    3850.22894091931,
    3590.9773665816765,
    3655.2493020645616,
    3790.3346845811675,
    3889.644177940735,
    3606.0673798319453,
    3555.489075169085,
    4014.7664315359007,
    3622.880006908226,
    3611.693595554284,
    3678.0883484078677,
    3761.1427056519215,
    3956.0483990704633,
    3700.4939109199977,
    3637.4459308514506,
    3617.9314359088703,
    3646.5304158743493,
    3648.3257344327176,
    3587.9052866850307,
    3570.3429782452195,
    3634.7266869476207,
    3599.0275443146757,
    3632.786683666414,
    3698.8616834611175,
    3993.513830157751,
    3685.04356945934,
    3725.2940717991,
    3611.3433068403547,
    3659.2768446254076,
    3797.045264081633,
    3646.607704213437,
    3846.8203985914806,
    3756.482600997345,
    3619.886844609866,
    3634.5394039884986,
    3644.7223199877826,
    3662.9775079157207,
    3660.6846835470506,
    3848.7506443682914,
    3902.048496040224
  ],
  "ood_humid_recompensas": [
    8294.185216825423,
    5887.210536482353,
    5277.17526369793,
    7270.7585857605845,
    7661.509808231018,
    9238.46994158746,
    7892.007784361588,
    7836.522554241585,
    5696.759685333052,
    5429.509231964063,
    7055.844206391819,
    8779.281657663214,
    5703.87621390696,
    7838.408004235169,
    8112.285287566259,
    8979.258466334075,
    8436.36270333247,
    9346.76331030695,
    8533.870340573749,
    8826.145963955107,
    8524.437358135028,
    5639.398063268956,
    5244.193014458748,
    4503.407692234636,
    5547.765987557105,
    8650.604672982287,
    9220.085740462242,
    9163.694601721942,
    6921.3046461613385,
    5839.980008352946,
    8677.352143801876,
    8972.743666158542,
    8342.819071820562,
    8521.164854988048,
    8079.104697901319,
    9162.738348626637,
    6146.1283541448975,
    8609.863801179383,
    5000.614692909558,
    6274.72259641201,
    8338.367723117663,
    8182.210315309381,
    7611.758082076645,
    7388.595214152957,
    8832.574144038608,
    5686.357918325861,
    9169.251863253925,
    5373.532052537531,
    8620.525859158693,
    8981.154841097254
  ],
  "media_ood_dry": 3700.960626926391,
  "media_ood_humid": 7546.453135781948,
  "acuracia_bc_final": 0.9999856387867647,
  "contagem_acoes": {
    "plantar": 1598,
    "esperar": 10841,
    "regar": 1059,
    "herbicida": 4093,
    "colher": 636,
    "fertilizar_N": 23
  },
  "kpis_agricolas": {
    "produtividade": [
      527.069330116897,
      610.4732397430962,
      721.718763712085,
      827.5091221446869,
      581.1576418116495,
      705.846484734483,
      485.3464603266417,
      520.8209231815013,
      725.3381952206132,
      747.8911486625947,
      521.8343646289468,
      622.0158140555754,
      769.1170555389733,
      522.5266758169199,
      795.9613787421002,
      830.2394287949937,
      464.86368882771984,
      605.2151242977459,
      700.4640865940142,
      759.4351512561775,
      685.9102809076188,
      555.9095943834985,
      794.1458903157206,
      794.4104207771387,
      622.2883512494792,
      603.9179097120787,
      823.3641908160176,
      715.4728150502344,
      612.8631407936817,
      621.3442769740329,
      706.9569630810171,
      560.5279815478503,
      541.8606192592448,
      623.8932891933705,
      802.3142756039088,
      807.2159859877015,
      756.5851515470936,
      463.41139989139276,
      536.9170044711947,
      811.1425364762495,
      755.288381378745,
      624.1052283029505,
      578.5129036751456,
      733.1585913971705,
      664.4701616497392,
      436.1188140656416,
      816.1446975982665,
      506.70259787854104,
      603.6600501339074,
      803.3556181985696
    ],
    "qualidade_solo": [
      0.33482746005011577,
      0.3957174979414083,
      0.3616123691992919,
      0.28010293574643963,
      0.2135399894402733,
      0.24149002962899008,
      0.3285065818076923,
      0.32748401664305393,
      0.2006688608180797,
      0.3070075611725682,
      0.3504896491416417,
      0.39145700049908716,
      0.2504725625557571,
      0.293964190318407,
      0.22691105837867614,
      0.16173673222792267,
      0.37516165108063876,
      0.31897056874518737,
      0.27697129836553347,
      0.22852877190212667,
      0.28201806127015955,
      0.3641733810868649,
      0.22828418190271865,
      0.16285864749795065,
      0.3511189413661776,
      0.36761018614847796,
      0.23028151551217035,
      0.22329995106869233,
      0.23640224070947052,
      0.28994130466941237,
      0.25132502079026986,
      0.3606307344135785,
      0.30291057417219275,
      0.3496214210214382,
      0.291916394300029,
      0.1748399214940325,
      0.15802425551627425,
      0.39071306293375957,
      0.21516361461058556,
      0.20509970055034027,
      0.25335978714461677,
      0.1161411691183112,
      0.41663477404874155,
      0.2053833661390717,
      0.24820520259624007,
      0.18692983640919583,
      0.23384145038501591,
      0.24666995171727785,
      0.3310391471197972,
      0.19546430036851115
    ],
    "uso_quimicos": [
      512,
      272,
      608,
      720,
      656,
      688,
      704,
      576,
      640,
      464,
      752,
      736,
      1024,
      640,
      928,
      576,
      592,
      592,
      800,
      1088,
      864,
      544,
      768,
      528,
      1008,
      864,
      960,
      944,
      560,
      576,
      656,
      336,
      608,
      528,
      640,
      496,
      416,
      624,
      528,
      544,
      608,
      784,
      880,
      1088,
      784,
      368,
      816,
      1168,
      320,
      832
    ],