{
  "in_dist": {
    "modo": "in_dist",
    "n_eps": 50,
    "seed_eval": 999,
    "recompensas": [
      8448.44254579062,
      8703.406972076806,
      7242.064514063406,
      7767.662227837187,
      7299.079097232863,
      6917.777101179712,
      7299.406432050875,
      5055.739675814282,
      7755.724074179603,
      5425.379324407798,
      8418.12632346787,
      8775.359182661157,
      8721.736509902901,
      6006.181249001719,
      7826.177483969412,
      7420.282224085773,
      7357.834625892516,
      8710.385635142884,
      6123.416847195727,
      6914.272926489075,
      5853.89059502933,
      5622.837921810244,
      7374.93771951738,
      6870.780153062178,
      6798.336554420461,
      7076.75214768982,
      6173.371106905646,
      8753.601521937311,
      5984.883649443442,
      6546.3838099303075,
      8513.618259553754,
      7042.843237563997,
      7232.957751364769,
      6053.772679002503,
      7164.959911290331,
      6620.597709094415,
      8400.54063485324,
      7359.593466879914,
      6302.768466599838,
      8015.730343089559,
      5925.545878784,
      6433.502111401454,
      7159.630618576357,
      7150.638814544216,
      5725.440240738564,
      7689.078207628116,
      7896.947843645321,
      7168.777524523533,
      8433.117430486498,
      7818.829068242794
    ],
    "media": 7187.06240700103,
    "std": 972.9234603714402,
    "min": 5055.739675814282,
    "max": 8775.359182661157
  },
  "ood_dry": {
    "modo": "dry",
    "n_eps": 50,
    "seed_eval": 999,
    "recompensas": [
      3859.2944175408575,
      4010.1476196561334,
      4145.767103874873,
      3783.746197170778,
      3877.255727521796,
      3915.8514942626502,
      3737.147023388597,
      3695.317331184994,
      3706.3767903599373,
      3767.5365272244653,
      4062.5850027116558,
      4000.461493405576,
      3769.0353554633825,
      3847.6891549554975,
      3962.151659815552,
      3836.0529024728826,
      4018.6919104661933,
      4030.659239573255,
      3895.7371803190304,
      3854.4042832216046,
      3776.908471586423,
      3887.906144274584,
      3751.749758717409,
      3773.142384220573,
      4090.7201361431967,
      3912.1940949503887,
      3678.5445013056833,
      4103.333684179297,
      3786.6320904397485,
      3909.2322114075455,
      3958.4920547569577,
      3777.1852420860905,
      3962.056485299552,
      3897.1362016877547,
      3713.171084064655,
      3771.1096748169884,
      3806.9667258111667,
      4026.7207331328245,
      3768.596395914268,
      4039.0812254056164,
      3733.0204544543235,
      4014.786242043908,
      3803.9251791436036,
      3632.7622615423143,
      2510.4306495408937,
      3797.9837495730253,
      3786.8412116147783,
      3573.340172605393,
      3699.2667419943527,
      3921.4160251810854
    ],
    "media": 3832.811208049682,
    "std": 229.58808088492896,
    "min": 2510.4306495408937,
    "max": 4145.767103874873
  },
  "ood_humid": {
    "modo": "humid",
    "n_eps": 50,
    "seed_eval": 999,
    "recompensas": [
      9023.920995595592,
      9023.344324270618,
      9058.274014306156,
      9158.230041620869,
      9399.554210702006,
      8181.2886524855785,
      9013.932068485516,
      6553.645004671406,
      8695.500056828016,
      6954.8051671290905,
      8946.028318795336,
      9256.57895591555,
      9043.171568149284,
      8807.237481053204,
      9065.419387515189,
      9287.001240611655,
      8273.440090789978,
      9163.489085433703,
      9073.5248089753,
      8984.125187569334,
      8965.441430317023,
      6551.314282848476,
      8173.156001972182,
      7702.852645852652,
      9084.63241503085,
      8553.12318631052,
      8329.554799988038,
      9146.17436600101,
      8085.900081033818,
      9028.010071666016,
      9181.919527377839,
      9051.343335416906,
      8763.524328120458,
      8800.445273705012,
      9106.88053793854,
      8566.729965774291,
      8967.175012821346,
      9011.994158342593,
      8871.622826387727,
      8947.246853285029,
      6797.558055093508,
      9078.695343020347,
      9217.845606733365,
      9163.283839015188,
      8157.6583266428515,
      9017.382052328501,
      9261.819687814526,
      9155.155807452422,
      9245.346643183573,
      9253.511980546798
    ],
    "media": 8723.996182058496,
    "std": 695.015953090544,
    "min": 6551.314282848476,
    "max": 9399.554210702006
  }
}