{
  "recompensas_episodios": [
    8252.96922817108,
    8526.930010575476,
    6155.923864403421,
    6675.866747358507,
    8309.162133809958,
    6646.716544622914,
    8633.879510693332,
    7506.756332142904,
    6747.9508829744245,
    7785.014723084728,
    8400.616019700541,
    6647.9502691711605,
    8359.863594952716,
    8937.709582817522,
    6419.213953388155,
    7693.8645994070275,
    5556.404276217949,
    8686.450870260773,
    7806.522976634962,
    6692.0347584616975,
    8206.745831505781,
    6964.29683843651,
    7236.151415473545,
    7835.892315067329,
    8200.56685454009,
    8675.888224086482,
    8261.789777399856,
    6867.039974528989,
    6086.904256920861,
    6285.418986369544,
    7221.946041390993,
    8840.756963494227,
    8648.865440202344,
    6934.036416611198,
    7926.546158007833,
    8314.419158549186,
    7479.462585776975,
    8771.188386628808,
    7266.451088998058,
    7271.990078114877,
    7566.210881365798,
    6613.656497770784,
    7216.29861016619,
    8317.641296772515,
    5507.377483722359,
    6266.248442875609,
    8610.30458996278,
    8966.189727357763,
    6487.59340703088,
    8524.837557061453
  ],
  "media_recompensa_final": 7556.290323300777,
  "desvio_recompensa_final": 944.6003816625367,
  "ood_dry_recompensas": [
    3907.227946483809,
    3637.6939478608974,
    3588.949960260381,
    3716.583690176022,
    3591.650096694905,
    3668.685174942896,
    3857.3320619937067,
    3842.1551283672625,
    3169.441165852916,
    3636.070419686437,
    3623.7906934143043,
    3717.9296109060474,
    3778.708407317965,
    3666.703619943718,
    3609.433133680122,
    3658.440486502091,
    3710.857829878717,
    3629.712943180032,
    4118.536720232126,
    3783.4675343797912,
    3735.6943062013497,
    3668.120345423801,
    3901.1128593356652,
    3693.7901555398507,
    3609.5141509809127,
    3916.336059351789,
    3559.8552865503807,
    2303.7143995356964,
    3814.900621154716,
    3991.9514575484272,
    3685.2746970750213,
    3675.818775033832,
    3910.8721833349823,
    3604.7216492584917,
    4190.502932457833,
    3642.1070301601194,
    3620.0447842828867,
    3869.6944522377653,
    3602.025753668777,
    3719.725999762886,
    3607.6651536034437,
    3822.439953415018,
    3684.26060560357,
    3614.0252732767667,
    3775.5829020249366,
    3763.8420500222783,
    3600.3319024416614,
    3892.755436337864,
    3781.3908143677845,
    3929.819413871386
  ],
  "ood_humid_recompensas": [
    8872.751348452792,
    7029.292372141607,
    6654.23018836443,
    8475.13176215747,
    9166.151389587967,
    9128.525393106429,
    8266.373141232612,
    7974.529507598152,
    6547.506804787641,
    8784.535244703457,
    8992.08829693525,
    9196.151879394589,
    9113.369603639037,
    7282.059599490076,
    9104.50905298128,
    9332.51806331877,
    9130.513341691232,
    8323.55031015034,
    7078.926843082583,
    8049.665984409397,
    9027.126435769926,
    8851.694488577068,
    8839.673463129671,
    8463.700735189996,
    9120.75803321235,
    8935.49612954678,
    9006.02081936982,
    9026.503019887277,
    8360.798702078211,
    9068.039461707518,
    9053.365314584747,
    9158.574695214626,
    9159.551110737484,
    8160.032244498025,
    8223.803766141587,
    7325.364610431702,
    9106.23203121695,
    9033.186126603925,
    8542.928838713267,
    9003.969424617448,
    5506.508111609248,
    8897.297186072949,
    6207.509616190462,
    9254.39567604482,
    9250.056465216512,
    8623.724936501532,
    9167.019607118198,
    9057.019659364383,
    8104.515945785843,
    7929.305619592588
  ],
  "media_ood_dry": 3702.025239512281,
  "media_ood_humid": 8479.331048039003,
  "acuracia_bc_final": 0.9999712775735294,
  "contagem_acoes": {
    "plantar": 1587,
    "esperar": 10638,
    "herbicida": 4284,
    "regar": 1035,
    "colher": 689,
    "fertilizar_N": 17
  },
  "kpis_agricolas": {
    "produtividade": [
      765.9440978329733,
      787.3920803416603,
      510.07757343723404,
      570.5890422734067,
      775.6398881850546,
      564.0748059060585,
      806.4167713295038,
      668.1084888115296,
      582.7057768075822,
      723.7310967504638,
      784.8761774073827,
      581.6135691071793,
      775.6292692559725,
      837.4890383934728,
      545.389650872243,
      696.9241558513951,
      471.7484111827224,
      806.1393429545598,
      712.776835007812,
      578.765517933462,
      751.7931969414963,
      604.1768250036661,
      636.9639727889518,
      707.0077063182719,
      756.1626399765073,
      814.1035978261723,
      765.168535372728,
      607.7962015365728,
      516.9750510586548,
      523.3448945255711,
      638.0260058556107,
      831.3578751187032,
      814.119161220013,
      592.9286042605795,
      719.7294806179525,
      768.7492025777246,
      666.8199845814648,
      821.100093455336,
      638.4684298769705,
      644.7665052438463,
      675.8356886072285,
      565.6248271026324,
      624.4857667308636,
      773.0419042314829,
      513.5090766374495,
      542.5578008396286,
      805.9862636319436,
      838.6409677528059,
      565.5537047484299,
      797.2916379942604
    ],
    "qualidade_solo": [
      0.1526104573354053,
      0.3801566858033919,
      0.33439910595507,
      0.30662719969989005,
      0.21675578260298256,
      0.27042914823370956,
      0.23224455158173393,
      0.26874903435838826,
      0.26037074554827266,
      0.22339825663468255,
      0.18043672742106084,
      0.3734359380167837,
      0.3374044942967602,
      0.3070091430166528,
      0.30541942757600204,
      0.1953188434705056,
      0.26403034648923257,
      0.3236772374795019,
      0.2978226262896231,
      0.3101253311086266,
      0.23560812927359379,
      0.24984070375979772,
      0.18625430803020687,
      0.1598883050805263,
      0.31049088299497474,
      0.25350219916511413,
      0.23663866380432497,
      0.32945600941159475,
      0.2621021472412215,
      0.3448557485082646,
      0.3193952558339791,
      0.3834363998887456,
      0.25307255270947315,
      0.3839021836939789,
      0.3445497801520394,
      0.22284733053299569,
      0.30355940183947494,
      0.3839254362795526,
      0.20721945216300203,
      0.25339424321499704,
      0.2853611760679056,
      0.28543148542289154,
      0.33793828807496473,
      0.2038965205618186,
      0.11656783392409013,
      0.2839744386699273,
      0.2637672173756156,
      0.2244513049161907,
      0.32861295683627895,
      0.3275018344507379
    ],
    "uso_quimicos": [
      640,
      672,
      448,
      512,
      944,
      832,
      512,
      768,
      720,
      448,
      1088,
      736,
      752,
      640,
      1088,
      560,
      608,
      688,
      752,
      1088,
      640,
      704,
      512,
      576,
      944,
      640,
      880,
      960,
      880,
      880,
      800,
      880,
      560,
      560,
      752,
      528,
      928,
      928,
      880,
      736,
      816,
      784,
      832,
      848,
      240,
      672,
      960,
      416,
      1232,
      976
    ],