{
  "recompensas_episodios": [
    8443.386323606215,
    7728.523053050065,
    4821.891388010453,
    8160.267028371591,
    8779.113161798956,
    5094.293733091161,
    6141.908828210827,
    5611.185803249843,
    7824.744237963307,
    5957.033593511941,
    6785.008499818642,
    6901.099528659163,
    4301.528320623221,
    5947.749737889166,
    6933.832848061992,
    5762.220883452404,
    5777.06433609304,
    7359.905123301355,
    5420.111415533007,
    4677.648658313174,
    5210.726739696432,
    6149.694908582842,
    7169.283562278396,
    8139.547495715489,
    6925.450060865266,
    6175.069011286919,
    6192.167346559619,
    7432.756262322455,
    5608.258892926832,
    6453.219759170746,
    5951.917587734653,
    6130.323968218212,
    5367.987792960123,
    4786.7677904327775,
    5293.9297947829145,
    5875.551210104324,
    5584.217719291704,
    6072.4704409075875,
    5680.061590231633,
    5168.948407275084,
    6136.331151663143,
    7397.10675309369,
    5316.723353920743,
    6210.548523237123,
    6224.128672458735,
    3556.7412333772377,
    8755.369626944295,
    6667.608248988624,
    7602.504636854654,
    2582.724693973003
  ],
  "media_recompensa_final": 6204.933074769295,
  "desvio_recompensa_final": 1251.194583693599,
  "ood_dry_recompensas": [
    3229.0868183711063,
    3773.8528901720133,
    3702.979484895567,
    2625.515709882116,
    1360.8640672989363,
    3947.684540344253,
    2755.353621074797,
    3612.3850245222047,
    3571.428215652425,
    3960.070045968133,
    2197.691655496954,
    3581.9967516745387,
    3685.9202623260176,
    3740.679446595861,
    2854.6336013506193,
    3604.017270387183,
    3180.8107146490674,
    3630.0885915250174,
    2987.8896393512787,
    3689.8578603115448,
    3644.6804892510063,
    3602.6128776716387,
    3788.375488224825,
    3601.848732542901,
    3555.3089030762435,
    3185.555665543855,
    3617.061888326844,
    3659.9471472358564,
    3692.6402804292306,
    3882.7088971677176,
    3264.9570441280657,
    3616.485778502417,
    4111.498832654447,
    3998.107110964037,
    3752.1241939941115,
    3659.928461523923,
    3592.556845118691,
    463.62869000072175,
    3389.93046484239,
    3630.9789407764033,
    2100.8873506966233,
    3778.1351957001607,
    3094.9661795266093,
    3681.3551660626886,
    3606.4656338720597,
    3822.7725555023353,
    3167.884962019177,
    3819.4614546973007,
    3266.695932997195,
    2484.5914322533595
  ],
  "ood_humid_recompensas": [
    9202.98107395479,
    8314.096922885565,
    4590.562730570881,
    9358.035681792395,
    9547.825499906634,
    8778.2328045623,
    9046.557364430355,
    9113.93895577156,
    8868.175842790355,
    8732.043817026497,
    9216.593148372081,
    9305.139415972419,
    9066.835113811141,
    7606.7272777676035,
    9141.631156150259,
    9198.292595327643,
    9115.376056027755,
    7911.524433728239,
    8906.902448019777,
    9103.122983801726,
    9093.738029014457,
    9005.783982293795,
    9242.033181898856,
    9085.113515329766,
    9117.05698162008,
    9068.779459137979,
    8779.153742336559,
    9056.774610266802,
    8251.026250559707,
    8628.343994251487,
    9018.201088535709,
    9181.52009059501,
    9224.667528410195,
    9113.84389642889,
    7005.620031810209,
    8778.648958100595,
    9108.672770201265,
    8990.969610634183,
    8441.443320391041,
    8259.587130193617,
    7998.979091053208,
    8443.799490892066,
    9321.427211672839,
    8460.703819224591,
    9134.720494689751,
    8411.262486945643,
    7557.505319070873,
    9051.862143172817,
    9362.964776772742,
    9328.079418558655
  ],
  "media_ood_dry": 3364.5391761430487,
  "media_ood_humid": 8752.937554934666,
  "acuracia_bc_final": 0.992919921875,
  "contagem_acoes": {
    "plantar": 1569,
    "esperar": 11896,
    "herbicida": 3237,
    "regar": 1020,
    "colher": 524,
    "fertilizar_N": 4
  },
  "kpis_agricolas": {
    "produtividade": [
      785.8167519346447,
      691.0969043018972,
      413.62772701201794,
      751.6644359854772,
      824.0816224852715,
      445.78299575647054,
      535.6069279905795,
      446.36412388529266,
      706.5107634758995,
      543.8360868762386,
      581.4247719033091,
      622.2741393646951,
      367.01930063779514,
      553.5625329954269,
      607.5907106691724,
      515.9969990832896,
      471.0199138093159,
      657.522225493185,
      453.16977506507425,
      393.3378064009005,
      468.49212630936677,
      518.8968933015072,
      617.2884015030654,
      738.9665251852305,
      622.5441745698007,
      506.6292856729883,
      509.58067580324337,
      664.0880265716982,
      483.98784295123414,
      527.0265761739931,
      533.9185396486583,
      500.99411958185226,
      422.5421855913394,
      398.816535327367,
      452.9451046381614,
      502.0633776615646,
      428.7465376648757,
      517.3751711027352,
      474.8341073016621,
      479.49401505979034,
      543.1962277137152,
      662.586414746543,
      419.49572250525506,
      503.7480847280353,
      554.8657813634032,
      297.405810135898,
      821.5386002818292,
      574.1957427701144,
      683.8311386540367,
      181.30600936636858
    ],
    "qualidade_solo": [
      0.21107156952827977,
      0.23342252785660927,
      0.42684645309004887,
      0.2560449400973326,
      0.3198229399783494,
      0.2874396036920923,
      0.3313204708499716,
      0.2846626290290414,
      0.2304107155251005,
      0.2377430326105266,
      0.3671208093184407,
      0.3699188306913609,
      0.35256175111397936,
      0.291806830393324,
      0.3522393864424176,
      0.20023796223105378,
      0.20403636338929265,
      0.32824754696362535,
      0.3084457064178235,
      0.14044950025065567,
      0.2490976900345258,
      0.36119011440077975,
      0.2508599513385889,
      0.20060550651529763,
      0.4066227603027716,
      0.31369302497187723,
      0.23456456286225308,
      0.31355055038311624,
      0.19389402787328797,
      0.25832851648040817,
      0.26710953895215106,
      0.38138353997620633,
      0.31373447680109084,
      0.4166790779331016,
      0.38258933100374226,
      0.29467982924490344,
      0.3086647734068739,
      0.2734771886096053,
      0.1770207957954036,
      0.3268053734304034,
      0.29884747619403473,
      0.18642090563523417,
      0.40423695615450894,
      0.25802881939627775,
      0.29997209473835307,
      0.23091813110518913,
      0.3576871589964291,
      0.22687054654858937,
      0.3710795598936324,
      0.3478381039221027
    ],
    "uso_quimicos": [
      640,
      544,
      272,
      752,
      656,
      672,
      544,
      864,
      576,
      304,
      864,
      576,
      832,
      528,
      752,
      464,
      800,
      784,
      432,
      0,
      432,
      752,
      608,
      464,
      448,
      992,
      656,
      912,
      624,
      352,
      384,
      672,
      896,
      720,
      752,
      864,
      512,
      672,
      48,
      224,
      608,
      1072,
      640,
      816,
      928,
      704,
      800,
      656,
      720,
      624
    ],