{
  "recompensas_episodios": [
    8757.302852426235,
    8566.029503555,
    7588.445408095551,
    8455.85245036785,
    7122.398215818712,
    8616.666435000338,
    8846.061092831873,
    8460.776367232993,
    4912.611318717601,
    8427.305007738421,
    8609.376915390923,
    8628.907498871176,
    8719.411986304029,
    4677.356256626501,
    8682.84702313401,
    8585.411782415778,
    8785.628194434066,
    8555.239328763008,
    8327.685680981966,
    7457.687865431247,
    8484.648188008621,
    3561.1089025297306,
    8556.32282475314,
    7666.158126884753,
    7722.124512826934,
    8408.507837191652,
    8535.827282620008,
    8479.67840129173,
    5085.180845200749,
    8656.522863413795,
    8576.739080691566,
    8697.12334274729,
    8871.326046409988,
    8516.174543815407,
    1879.6810350542353,
    5415.64137319195,
    8409.856958745744,
    7053.3606330688235,
    5121.865945194855,
    8706.92701830066,
    8665.265621817973,
    7404.760434528454,
    8841.321117264786,
    5196.366509293468,
    8598.4792951446,
    8610.629613306826,
    8490.43582516743,
    5551.953700707836,
    8694.971153694798,
    8656.364963867114
  ],
  "duracao_episodios": [
    365,
    365,
    365,
    365,
    365,
    365,
    365,
    365,
    365,
    365,
    365,
    365,
    365,
    365,
    365,
    365,
    365,
    365,
    365,
    365,
    365,
    365,
    365,
    365,
    365,
    365,
    365,
    365,
    365,
    365,
    365,
    365,
    365,
    365,
    365,
    365,
    365,
    365,
    365,
    365,
    365,
    365,
    365,
    365,
    365,
    365,
    365,
    365,
    365,
    365
  ],
  "perdas_politica": [
    0.5854093701452823,
    0.5247304872060433,
    0.4576433700323105,
    0.39566668768723806,
    0.33173668404871764,
    0.27053242549300194,
    0.22515934899132303
  ],
  "perdas_valor": [],
  "perdas_entropia": [],
  "acuracoes_bc": [
    0.717283836570946,
    0.7498422475961538,
    0.7884130859375,
    0.8225109281994047,
    0.8547085848721591,
    0.8842529296875,
    0.9055923786569149
  ],
  "contagem_acoes": {
    "plantar": 1609,
    "regar": 1142,
    "herbicida": 7411,
    "esperar": 6562,
    "colher": 886,
    "fertilizar_N": 640
  },
  "kpis_agricolas": {
    "produtividade": [
      843.8722320230869,
      823.3561356789554,
      719.3815739580666,
      790.8821270622796,
      655.2950582458092,
      830.7643865036626,
      823.8517235966481,
      823.4235841276458,
      395.0954790834226,
      785.1176679858709,
      816.8733262963116,
      821.797530881734,
      828.3155573776813,
      395.136877429707,
      829.2666017213127,
      834.2244008579584,
      838.8420665756387,
      820.656285759756,
      793.7650025647495,
      662.7753042809004,
      819.5176713835539,
      246.86972313476787,
      808.722142022591,
      712.1136676970635,
      736.4857613260237,
      794.5155956334476,
      800.6631067874483,
      827.2670946224177,
      441.408292146285,
      827.5193894634738,
      813.5791043854579,
      815.6809380983847,
      836.0158899510126,
      829.3266271320489,
      166.77688380695582,
      454.5935127206242,
      807.2465662218649,
      645.6029892734329,
      416.04454595526204,
      845.5232820222052,
      837.8288419395215,
      650.4791181192664,
      845.6840392209867,
      391.8326552704449,
      821.8476923341224,
      810.6028359705407,
      792.5480289106537,
      508.3653112280057,
      844.5858870739081,
      831.157134930349
    ],
    "qualidade_solo": [
      0.1911762347742419,
      0.3808504576118895,
      0.2249125586958725,
      0.20396238033238356,
      0.2205472304402929,
      0.16199734533720261,
      0.21842958139210508,
      0.20428989356673083,
      0.3007185760196577,
      0.26471726178804855,
      0.2776311584620976,
      0.38881803823736294,
      0.22122256222288594,
      0.3070091430208288,
      0.3097473204485345,
      0.1799841566777814,
      0.21612477778786443,
      0.23545181967932027,
      0.18810008544547047,
      0.26012148432402316,
      0.1487395255590655,
      0.4122967835193506,
      0.1878570790598564,
      0.1998208740205895,
      0.39345425025815767,
      0.21202018153499366,
      0.3846613259089606,
      0.24771232389095413,
      0.1972351523560496,
      0.31381630405475247,
      0.1995323910443218,
      0.3799082044618861,
      0.22324878622519734,
      0.3397088392033506,
      0.17784714526023676,
      0.27033435801040534,
      0.2517258232437789,
      0.35584417114277345,
      0.29728418267710427,
      0.2646299939915699,
      0.21983354736792843,
      0.38157344577797814,
      0.4302122105645634,
      0.333432537885895,
      0.19016246984541355,
      0.1603364536573588,
      0.2421259000427773,
      0.3103637262737443,
      0.22254657043980375,
      0.23022913039142348
    ],
    "uso_quimicos": [
      1232,
      2000,
      1344,
      944,
      1312,
      1648,
      160,
      1968,
      1744,
      976,
      1776,
      1728,
      864,
      1888,
      944,
      1984,
      1440,
      1888,
      1424,
      928,
      1824,
      1120,
      1200,
      1472,
      1744,
      1312,
      992,
      2000,
      1744,
      1664,
      1200,
      496,
      704,
      2080,
      288,
      608,
      1520,
      720,
      1072,
      1968,
      1552,
      304,
      1344,
      736,
      1504,
      1504,
      1008,
      752,
      1568,
      1504
    ],
    "biodiversidade": [
      2.679290224135736e-57,
      1.6345401248568496e-75,
      1.0916319073407632e-76,
      5.3193308295737593e-51,
      9.434684167167411e-57,
      2.4134828466691294e-68,
      1.7896129945462655e-50,
      7.121130801426605e-79,
      1.2155483497007552e-63,
      1.1129744451601293e-49,
      5.3710365206859856e-64,
      1.3582586188861903e-63,
      7.814994302256204e-59,
      3.4578266806464323e-68,
      3.690911769179753e-62,
      5.633859357580569e-79,
      1.8232123687447285e-61,
      4.4937041047330866e-69,
      1.303286673674119e-66,
      1.9590005814950507e-54,
      4.0200288359374834e-67,
      2.0345735184774213e-54,
      1.5062564571697342e-60,
      4.6028677421776797e-66,
      6.488084825594379e-78,
      6.44400934260551e-57,
      3.177252313898049e-58,
      8.990007744594254e-78,
      2.709913478015527e-73,
      8.417315509257851e-66,
      1.647793154605606e-62,
      4.25519055427795e-54,
      1.4981912433961542e-48,
      1.8280619755391106e-81,
      1.164573447629026e-44,
      1.5939367131178998e-50,
      1.3668012000127891e-73,
      2.5369468011332815e-52,
      1.2401332496991213e-50,
      5.178988056159141e-79,
      2.3398437333177624e-73,
      1.5861211866187664e-41,
      2.8922339079295377e-74,
      5.912239555688427e-44,
      2.6982669197067086e-65,
      2.586968785838502e-54,
      4.141242964478115e-49,
      4.676922486783011e-50,
      4.116411039026405e-77,
      1.1206242889602184e-70
    ]
  },