{
  "recompensas_episodios": [
    8543.800201992988,
    8485.796184586314,
    8833.557458627147,
    8574.11759000341,
    8694.831881702581,
    8458.579290926953,
    8330.082600878619,
    7358.9188262278585,
    8728.188212783934,
    7636.532214949068,
    8417.399037963713,
    8353.29974574452,
    8371.446701981462,
    8920.604240747749,
    8611.76037432735,
    8655.614473702135,
    8558.937232725324,
    8836.845924735095,
    3475.3026738885083,
    8561.167418588226,
    8507.478640959953,
    8658.849392627333,
    8733.38519245916,
    8783.011458191133,
    6919.645015135528,
    4050.136152707263,
    7968.730992303801,
    8638.121066328364,
    3693.392224760544,
    8587.146443311425,
    6107.181543387375,
    7858.529617365617,
    8490.056509732938,
    8718.275357830931,
    8592.979204864372,
    8435.472830660292,
    8410.355020289833,
    6412.372315192821,
    6592.638169599635,
    8944.605120252578,
    8693.702711980925,
    6950.592232183644,
    8164.469224637789,
    8621.08792927987,
    8134.1139504909825,
    8879.154404445231,
    8470.306705589042,
    8641.090163615834,
    7541.718298663804,
    8602.8694058636
  ],
  "duracao_episodios": [
    365,
    365,
    365,
    365,
    365,
    365,
    365,
    365,
    365,
    365,
    365,
    365,
    365,
    365,
    365,
    365,
    365,
    365,
    365,
    365,
    365,
    365,
    365,
    365,
    365,
    365,
    365,
    365,
    365,
    365,
    365,
    365,
    365,
    365,
    365,
    365,
    365,
    365,
    365,
    365,
    365,
    365,
    365,
    365,
    365,
    365,
    365,
    365,
    365,
    365
  ],
  "perdas_politica": [
    0.4184552581773864,
    0.2554435409997639,
    0.20143172673881055,
    0.15210214913600967,
    0.12989064353433522,
    0.12078993738345478,
    0.10422221503180007
  ],
  "perdas_valor": [],
  "perdas_entropia": [],
  "acuracoes_bc": [
    0.8265936957465277,
    0.8927875719572368,
    0.9184619140625,
    0.9397472563244048,
    0.9492886629971591,
    0.9537958559782609,
    0.9604853091032609
  ],
  "contagem_acoes": {
    "plantar": 1603,
    "esperar": 6574,
    "regar": 1147,
    "herbicida": 7536,
    "colher": 828,
    "fertilizar_N": 562
  },
  "kpis_agricolas": {
    "produtividade": [
      794.9106790001589,
      814.1099711909443,
      844.7300425785755,
      825.7581373650819,
      848.6222193213299,
      804.7251408065116,
      770.759266582033,
      650.2965679648657,
      846.6456948695568,
      707.398834586906,
      805.1942413893597,
      789.515918299691,
      790.2791539898859,
      850.5845083756785,
      822.3596194933449,
      843.5587759139806,
      817.805219971555,
      850.7739191527534,
      263.4842062980527,
      801.4502458741127,
      800.09971787963,
      827.4417076313607,
      841.526116661738,
      830.8206202261148,
      604.0448416321975,
      296.3700609661416,
      722.2486070175079,
      843.5136684658271,
      272.20836279147784,
      833.1746132977185,
      502.4660850063369,
      731.9664803882024,
      818.3282579775444,
      843.0446667666403,
      809.3086237456014,
      800.3515417259536,
      773.4014061047149,
      551.6304429513591,
      585.8311138576232,
      859.3941425737338,
      830.3987882544732,
      619.5041764799911,
      778.7827003991729,
      842.3867230968248,
      747.5776278209197,
      845.9936039870039,
      791.8456250859488,
      842.0973209339237,
      678.579948164328,
      831.2767996597585
    ],
    "qualidade_solo": [
      0.1773467335241456,
      0.37432101273746876,
      0.42886029443147844,
      0.2537236491666486,
      0.20107456290936532,
      0.17200313425614555,
      0.18071306440365467,
      0.3553026954931474,
      0.17830194528344845,
      0.1754051244118714,
      0.29519990678832375,
      0.4402437970005556,
      0.2694017560771191,
      0.3070091430169361,
      0.27993022657494254,
      0.18268380507954415,
      0.1847093655181284,
      0.3102165661663622,
      0.2644807992604486,
      0.32485232635804745,
      0.16729469915246825,
      0.2747785217343393,
      0.2279165517547419,
      0.18453374652410204,
      0.3901901030805796,
      0.36287174241653153,
      0.38012237356738554,
      0.25276562162471183,
      0.26571342277749144,
      0.31411212377705133,
      0.20101714906940296,
      0.3632704219670323,
      0.2130448358409892,
      0.34589448202619266,
      0.3686851239021979,
      0.16940680184204662,
      0.3464849243603225,
      0.32830145223880536,
      0.21582381617114116,
      0.33954295680651014,
      0.1929058445011831,
      0.2677792187425528,
      0.40423695615450894,
      0.14131282619627722,
      0.20166436053895098,
      0.14592675336857713,
      0.3077344023309445,
      0.20169375586271288,
      0.35189235815170233,
      0.20049827816563587
    ],
    "uso_quimicos": [
      464,
      2160,
      1776,
      1728,
      1696,
      1776,
      704,
      928,
      1744,
      672,
      1824,
      1856,
      992,
      1200,
      1328,
      1824,
      1744,
      1552,
      640,
      800,
      960,
      1472,
      1488,
      400,
      720,
      736,
      752,
      1968,
      672,
      1984,
      832,
      704,
      1968,
      1520,
      1344,
      1888,
      368,
      1600,
      960,
      1536,
      1232,
      576,
      1344,
      2016,
      864,
      1008,
      928,
      2208,
      1536,
      1552
    ],
    "biodiversidade": [
      1.0057860617344676e-41,
      4.6678390785267106e-79,
      1.1432191057302528e-71,
      9.621280865878132e-70,
      3.6697731662025163e-72,
      2.789763654502791e-61,
      1.1226193571005633e-58,
      1.4441287126780465e-56,
      9.820231494761635e-78,
      2.288305496236039e-43,
      1.0653408198237188e-70,
      7.004162784532916e-67,
      1.22962071771441e-59,
      7.022158651862163e-69,
      4.6756746696413196e-66,
      7.908522014419056e-81,
      1.5343554893912842e-72,
      2.8906143438347493e-66,
      1.1432624746676672e-39,
      2.9826112287867595e-54,
      7.236561439447583e-51,
      3.469823052873657e-62,
      4.937503878854434e-71,
      5.674173273057805e-51,
      1.604308899179429e-54,
      1.3285202235470495e-54,
      9.078918524812292e-56,
      1.3607230511590785e-79,
      8.293272559628253e-48,
      5.704961709223407e-78,
      1.4872692303856957e-49,
      3.319242354386931e-63,
      1.8816609027685046e-73,
      2.1931578043226995e-75,
      1.1827433743263331e-64,
      2.109017851323611e-72,
      2.3272581952539355e-47,
      7.920450003303136e-77,
      6.215853568003729e-58,
      4.903194319019857e-71,
      4.819825761706562e-62,
      3.7852779514430426e-44,
      7.905004060460075e-74,
      1.865565145326234e-80,
      3.459375542339497e-50,
      2.2769171782706255e-59,
      6.724834440740558e-58,
      7.205571562429574e-85,
      7.710408782560116e-69,
      3.4434644511519966e-67
    ]
  },