{
  "recompensas_episodios": [
    4768.38566116041,
    3252.8461175943353,
    3074.205380618445,
    1764.63828738862,
    8452.24830938487,
    3349.8938306165282,
    5588.578345637376,
    7714.003542511111,
    4162.010834669961,
    4651.202242741974,
    4174.1882533674925,
    3828.8984702569396,
    95.28871939630817,
    4871.8103700925785,
    1388.0996987306519,
    4455.298553964937,
    2491.292180790535,
    7663.354795651879,
    8642.030738294156,
    3193.151564748,
    4847.537413823249,
    3288.6427058062654,
    6703.800293664045,
    4832.486325955889,
    2214.894967109484,
    7477.287854089083,
    3410.3037328877135,
    2435.7054780054955,
    2141.3845917712847,
    2556.5894622508176,
    7980.65233414646,
    4762.787257892045,
    4375.91774492482,
    3475.9722988815183,
    1884.1772007105733,
    4795.444842210711,
    2903.3040244293015,
    4684.061427923108,
    3921.522823851133,
    4160.535500619562,
    2876.6548688142993,
    3562.5244168302215,
    5173.815913644418,
    5214.066347093394,
    5102.210809277076,
    3982.447803813312,
    656.9651097787521,
    4003.935111601462,
    8464.241346197005,
    4285.826975581414
  ],
  "duracao_episodios": [
    365,
    365,
    365,
    365,
    365,
    365,
    365,
    365,
    365,
    365,
    365,
    365,
    365,
    365,
    365,
    365,
    365,
    365,
    365,
    365,
    365,
    365,
    365,
    365,
    365,
    365,
    365,
    365,
    365,
    365,
    365,
    365,
    365,
    365,
    365,
    365,
    365,
    365,
    365,
    365,
    365,
    365,
    365,
    365,
    365,
    365,
    365,
    365,
    365,
    365
  ],
  "perdas_politica": [
    1.447382786694695,
    0.9073613391203039,
    0.8510547490680919,
    0.8223913101588979,
    0.7994499732466305,
    0.7829532658352572,
    0.7671389457057504,
    0.7538470362915712,
    0.742721371790942,
    0.7331846251207239,
    0.7250629014828626,
    0.7175341704312492,
    0.7095845183905434,
    0.703470263411017,
    0.6950869910857257,
    0.6892420702120837,
    0.6842740107985104,
    0.6798715065507328,
    0.6741026376976686,
    0.66799435896032,
    0.6628621869227466,
    0.6593819453435785,
    0.6536836536491618,
    0.6485065852894503,
    0.6434596268569722,
    0.637314333635218,
    0.6354643492137685,
    0.6303516573765698,
    0.6258187381660237,
    0.6224189593511469,
    0.6202851779320661,
    0.6174411107512081,
    0.6134034482871785,
    0.6118967936319464,
    0.6063290045541876,
    0.6016776772106395,
    0.5997021548888263,
    0.5960414321983561,
    0.5938776398406309,
    0.5927202193176045,
    0.5880358464577619,
    0.5851577029508703,
    0.5850235574385699,
    0.5811101338442635,
    0.5769023684894338,
    0.5754017479279462,
    0.572853684425354,
    0.571465451927746,
    0.5696344252894906,
    0.5676667427315432,
    0.5648874009356779,
    0.5635492188089034,
    0.5595165000242346,
    0.5596799657625311,
    0.5560117591829861,
    0.5547961049220141,
    0.5535127099822549,
    0.5517331291647518,
    0.55163674845415,
    0.547876254600637,
    0.546055010136436,
    0.5456701657351326,
    0.5433769033235663,
    0.5425992573008818,
    0.5412808463853949,
    0.5395038338268504,
    0.5374717887710122,
    0.5364251513691509,
    0.5355821795323316,
    0.5357952258166145,
    0.5330328993937549,
    0.5330205121461082,
    0.53084156443091,
    0.5305874926202437,
    0.5282070838353213,
    0.528817322324304,
    0.5280033954802681,
    0.5267274537507225,
    0.5272636369747274,
    0.5255672993028865,
    0.5253250072984135,
    0.5240040912347681,
    0.5250703981694054,
    0.5228959234321818,
    0.5216483438716215,
    0.5220732960630866,
    0.523163905915092,
    0.5223158448934555,
    0.5218579637653687,
    0.5213843443814445,
    0.5209913385265014,
    0.5214026210939183,
    0.5194788732949425,
    0.5207711046232897,
    0.5188216137535432,
    0.5198959778336918,
    0.5196493828997892,
    0.520084188264959,
    0.5191065502517364,
    0.5199698087047128
  ],
  "perdas_valor": [],
  "perdas_entropia": [],
  "acuracoes_bc": [
    0.5365923713235294,
    0.5558794806985294,
    0.5656451056985294,
    0.5777372472426471,
    0.5914952895220589,
    0.5965217141544118,
    0.6054113051470589,
    0.6114430147058824,
    0.6173311121323529,
    0.6210506663602942,
    0.6246122472426471,
    0.6284323299632353,
    0.6364028033088235,
    0.6376378676470589,
    0.6457232306985294,
    0.6455796185661765,
    0.6512379365808824,
    0.6519129136029411,
    0.6577579273897058,
    0.6619226792279411,
    0.6631433823529411,
    0.6680405560661765,
    0.6715734145220589,
    0.6746754365808824,
    0.6770593979779411,
    0.6819278492647058,
    0.6839527803308824,
    0.6876866957720589,
    0.6889361213235294,
    0.6902142693014706,
    0.6922966452205882,
    0.6955997242647058,
    0.6982421875,
    0.6984576056985294,
    0.7010426240808824,
    0.7056094898897058,
    0.7050206801470589,
    0.7071317784926471,
    0.7106071920955882,
    0.7098460477941176,
    0.7132783777573529,
    0.7142549402573529,
    0.7141831341911765,
    0.7164234834558824,
    0.7196547564338235,
    0.7210047104779411,
    0.7224264705882353,
    0.7243221507352942,
    0.7252269071691176,
    0.7256290211397058,
    0.7249827665441176,
    0.7287166819852942,
    0.7318474264705882,
    0.7307846966911765,
    0.7328527113970589,
    0.7335994944852942,
    0.7340877757352942,
    0.7375057444852942,
    0.7365004595588235,
    0.7389562270220589,
    0.7406939338235294,
    0.7393870634191176,
    0.7409811580882353,
    0.7410816865808824,
    0.7417423023897058,
    0.7416704963235294,
    0.7448443244485294,
    0.7451171875,
    0.7455336626838235,
    0.7446863511029411,
    0.7478601792279411,
    0.7469985064338235,
    0.7477596507352942,
    0.7481330422794118,
    0.7506749770220589,
    0.7489229090073529,
    0.7515222886029411,
    0.7500861672794118,
    0.7506893382352942,
    0.7521829044117647,
    0.7506749770220589,
    0.7524126838235294,
    0.7517951516544118,
    0.7539349724264706,
    0.7544376148897058,
    0.7530302159926471,
    0.7521685431985294,
    0.7524844898897058,
    0.7533748851102942,
    0.7538200827205882,
    0.7557014016544118,
    0.7538775275735294,
    0.7549402573529411,
    0.7549258961397058,
    0.7563332950367647,
    0.7548253676470589,
    0.7550838694852942,
    0.7540067784926471,
    0.7568933823529411,
    0.7536908318014706
  ],
  "contagem_acoes": {
    "plantar": 1257,
    "esperar": 13739,
    "regar": 423,
    "herbicida": 2501,
    "colher": 312,
    "fertilizar_N": 18
  },