{
  "in_dist": {
    "media": 3432.683851101008,
    "std": 1036.224920227582,
    "recompensas": [
      1700.7473613796656,
      3909.0260539900096,
      4894.542657528278,
      4976.040079801392,
      4524.066202343367,
      2638.9281147270585,
      3817.5718784367564,
      3274.360275272822,
      3936.0455690811887,
      4268.246092532101,
      4455.552667781281,
      4188.889798104498,
      3610.191369410526,
      1746.7032570832737,
      3414.3653012689874,
      3978.2674940166385,
      2609.0794274340406,
      3741.5829117557355,
      1162.022821481419,
      3084.2250577801206,
      1860.1860932659024,
      3594.096913547668,
      4068.5660285300473,
      3881.6700774618384,
      1421.3490510285646,
      4575.415755291736,
      2721.3641118191963,
      3289.0853942798663,
      3065.2054164446417,
      4045.8180998189773,
      2793.243982910898,
      4856.802664692938,
      4557.078381910815,
      4178.545043712459,
      3067.5549725243154,
      3459.1542688043546,
      4408.341546676115,
      1576.4823436807442,
      3874.737381061459,
      2000.4694708026632,
      2937.8091445793916,
      5370.1025874657225,
      1976.7928409037834,
      3889.0557637659267,
      4815.150882165425,
      2395.220928815598,
      2865.4927309779223,
      2248.852327293861,
      3807.6749905703973,
      4102.418969037966
    ]
  },
  "ood_dry": {
    "media": 2012.1342267450627,
    "std": 506.80171465983176,
    "recompensas": [
      2558.971973360257,
      1009.2306217207561,
      2373.2613277460896,
      2610.7877821526145,
      2082.4794774736824,
      2201.8857964366325,
      1510.2868982890227,
      2302.288825601284,
      2101.8104396652,
      1425.443003744229,
      1327.8640673676778,
      2308.656711996978,
      2884.1038092865,
      1644.0320282118676,
      1506.9085712019123,
      2279.858107962249,
      898.9904527639287,
      1332.1066790564157,
      2410.6407717270595,
      2648.8100252432105,
      2378.134978334977,
      2220.7688087506976,
      1206.0188213731542,
      2153.190712749967,
      2459.719139291624,
      1917.8839762308048,
      1408.4726766945246,
      2504.033090597918,
      2070.9977414484238,
      2075.8153733060853,
      3092.8565095825543,
      1270.4847490391824,
      2818.481417320428,
      2167.2765285608266,
      1435.5921621584116,
      2404.584249702598,
      1623.0031469582896,
      1735.1919310565395,
      1774.2470374248928,
      1850.8370389372112,
      1729.2187836868075,
      2142.299782187948,
      1448.5007952798965,
      2945.4098568689847,
      2089.414766560447,
      2045.153124902296,
      1870.9987441030908,
      1942.1265235238147,
      2093.867647201243,
      2313.7138524119173
    ]
  },
  "ood_humid": {
    "media": 4048.8897033159774,
    "std": 1074.4188439831785,
    "recompensas": [
      4003.6672214950754,
      2430.404689269625,
      3266.0272274603226,
      4180.142550312785,
      4528.816385914417,
      2579.9749733190856,
      4229.693655408119,
      3794.5680592603794,
      5399.221980454019,
      4204.835378658529,
      4782.881444911919,
      3614.1704422787625,
      5599.634034056424,
      3917.768341174051,
      5108.1179167958635,
      4055.7810231744907,
      5282.296091738353,
      5540.761221013599,
      5724.617433633177,
      1968.5470256489875,
      5344.353724152517,
      1875.5928445400823,
      4482.535154097963,
      4246.52219751365,
      5499.007343007474,
      5225.673488126372,
      4018.1016349436295,
      2586.0424040344906,
      3661.7032830983408,
      3605.9474401728376,
      2827.4341335100426,
      2645.1357251228064,
      4209.78105433296,
      4698.201916575387,
      4453.434603585532,
      2382.337768306782,
      4362.615649760833,
      4202.3023938774895,
      5793.169846063876,
      4638.189223279069,
      3082.578406375881,
      4286.744011293982,
      3753.6444094869457,
      5027.524272385337,
      2352.9526793187697,
      2272.6228771299584,
      3590.6888492955086,
      5599.829690745113,
      2993.1689485720417,
      4514.722097115209
    ]
  }
}