{
  "recompensas_episodios": [
    6819.780280503434,
    8109.199963088922,
    8744.6589401855,
    8646.856837944926,
    8760.182735835871,
    8597.10978198248,
    8591.147185305239,
    8793.674996932437,
    8671.087675257808,
    8504.081513383646,
    6471.004241184888,
    8632.542038755542,
    7386.1349103092225,
    8782.336368193104,
    8829.472648548312,
    7260.867433286658,
    8558.097346551143,
    9001.947067743999,
    8505.192468619669,
    8567.217120529005,
    8533.667735588411,
    8722.123572649387,
    7769.707357450553,
    7988.708310819147,
    6035.460119141158,
    7205.490307280414,
    5361.422004577285,
    8768.458224147314,
    8580.360983171748,
    8471.077373082113,
    8577.390786545086,
    8650.193271780761,
    8502.165722573303,
    6901.701988184702,
    5003.199688467155,
    8168.412436092989,
    8621.547933454338,
    5112.85137200434,
    6985.286211492236,
    7073.666607790874,
    7285.558054285256,
    7662.0091794594855,
    8193.525025241543,
    8582.28475941013,
    8643.395755536867,
    8711.793660337586,
    8562.829598870876,
    6335.774965696322,
    7723.162120092433,
    8709.005947581696
  ],
  "duracao_episodios": [
    365,
    365,
    365,
    365,
    365,
    365,
    365,
    365,
    365,
    365,
    365,
    365,
    365,
    365,
    365,
    365,
    365,
    365,
    365,
    365,
    365,
    365,
    365,
    365,
    365,
    365,
    365,
    365,
    365,
    365,
    365,
    365,
    365,
    365,
    365,
    365,
    365,
    365,
    365,
    365,
    365,
    365,
    365,
    365,
    365,
    365,
    365,
    365,
    365,
    365
  ],
  "perdas_politica": [
    0.5809855875131246,
    0.511634630881823,
    0.4487849717587233,
    0.375412440938609,
    0.30661951598118653,
    0.25493330767621164,
    0.21459456479295771
  ],
  "perdas_valor": [],
  "perdas_entropia": [],
  "acuracoes_bc": [
    0.7174646326013514,
    0.7579527243589743,
    0.792437744140625,
    0.8313534691220238,
    0.8664495294744318,
    0.8927458389945652,
    0.9111245013297873
  ],
  "contagem_acoes": {
    "plantar": 1606,
    "esperar": 6722,
    "herbicida": 7338,
    "regar": 1137,
    "colher": 879,
    "fertilizar_N": 568
  },
  "kpis_agricolas": {
    "produtividade": [
      583.09063322549,
      751.0846475525116,
      825.8805448958271,
      842.0421969129555,
      850.8247219192539,
      809.2223414650283,
      833.4940000658813,
      844.183666506286,
      811.56536753691,
      811.6890709954185,
      551.2638082850212,
      818.6877264067653,
      667.9793332473087,
      852.8791804474013,
      851.3370260532553,
      647.0911064042181,
      825.3553689108143,
      848.1975512472045,
      789.0653274448568,
      794.8953533543262,
      813.6960229448828,
      843.1696946270433,
      723.9125285529807,
      759.745064700597,
      512.4346765596517,
      646.9397126004819,
      458.4029507627172,
      837.8687203172009,
      836.3328280349348,
      829.4665328461474,
      829.3966426607807,
      836.5170767836009,
      817.8973205133165,
      602.0500281272019,
      480.89421865291,
      763.7288971675296,
      822.2364987732822,
      462.79722975218243,
      628.1468485074104,
      620.6898293957016,
      693.4310117392121,
      698.7156936330979,
      758.5758248449075,
      820.6601186409271,
      836.0016985322658,
      820.650648704619,
      799.4937268994893,
      541.0669467368353,
      687.7791163665953,
      843.8279370035444
    ],
    "qualidade_solo": [
      0.28429073669335114,
      0.37363168769438243,
      0.4465015065237273,
      0.2389186387390512,
      0.16360703892643363,
      0.2443720043265037,
      0.17960704262479024,
      0.2123156012429705,
      0.229664777865539,
      0.22372131100517034,
      0.382344358555021,
      0.3895152052904969,
      0.31023443222446645,
      0.3032591430166544,
      0.3078045874669962,
      0.26869732568554927,
      0.1734249335178161,
      0.31073624260353516,
      0.2742488930711066,
      0.24921925274548137,
      0.1501984430093624,
      0.25200530199987287,
      0.2568214590806734,
      0.1579932125816057,
      0.3983167659832689,
      0.4405621806671138,
      0.3143511072472954,
      0.24086890769425073,
      0.1268987483378456,
      0.1499324150735999,
      0.16888499313600153,
      0.36338041472212124,
      0.1694113482822805,
      0.34587142103037327,
      0.33999263483957776,
      0.2620904665847653,
      0.2555548419171846,
      0.2604462620354269,
      0.2700518069080253,
      0.2497356586032417,
      0.18642082096952917,
      0.2573960361668484,
      0.40423695615450894,
      0.16448480500781254,
      0.2234737733024893,
      0.16321454460512957,
      0.23331123639595241,
      0.20026369163915703,
      0.3542208238678167,
      0.2547495399238271
    ],
    "uso_quimicos": [
      400,
      1728,
      800,
      1824,
      1824,
      1088,
      1984,
      1200,
      864,
      1856,
      1328,
      1264,
      416,
      1888,
      1584,
      1056,
      1312,
      640,
      224,
      480,
      1472,
      1712,
      1744,
      1904,
      480,
      1680,
      1008,
      1104,
      1936,
      1920,
      1888,
      1504,
      1456,
      688,
      1584,
      1440,
      880,
      768,
      1568,
      1008,
      752,
      1488,
      2032,
      1280,
      1632,
      1088,
      544,
      368,
      320,
      1792
    ],
    "biodiversidade": [
      3.907679536625741e-38,
      5.859217286823945e-67,
      2.0541829877711885e-66,
      1.7770870157977312e-73,
      9.787371800850998e-69,
      5.031063941623617e-53,
      2.916661756444193e-81,
      3.158402230596364e-67,
      2.610375444636879e-52,
      6.426252048710072e-69,
      5.911104083250039e-66,
      2.5671192868363487e-57,
      4.478351651166932e-50,
      3.6020710703652265e-82,
      4.6706041988240186e-76,
      5.996629739783999e-57,
      7.739160328548073e-64,
      9.402041856531158e-48,
      5.848961377880242e-46,
      5.019761511309242e-47,
      5.597153387073128e-62,
      1.3150701203030652e-68,
      2.469691444074335e-80,
      1.8798096864819213e-74,
      1.201080951403367e-50,
      4.2085699109757914e-76,
      1.3882298499879516e-65,
      4.165825514902726e-59,
      1.7033025061239378e-79,
      1.408675605616842e-75,
      9.713636517420495e-76,
      6.573630540479783e-79,
      3.4075858706597454e-66,
      1.1276423449476144e-51,
      5.228929790510474e-67,
      4.213786249557303e-67,
      5.948646053570038e-62,
      8.694469268734742e-51,
      1.4061784630879768e-67,
      6.429081798822448e-54,
      4.042838672319776e-57,
      8.126473454137424e-58,
      7.828736512474285e-72,
      1.1467460744216146e-63,
      2.62014954099392e-72,
      1.9368746931286084e-45,
      7.565712776933762e-49,
      7.654366527172659e-43,
      1.2952367571299874e-46,
      1.1829693220742693e-72
    ]
  },