{
  "recompensas_episodios": [
    5997.44573148045,
    8898.863315119735,
    8866.56921188451,
    6270.647805282759,
    6987.557092588979,
    6411.5987080507575,
    8754.632217603688,
    5078.412753952231,
    7771.5346387826685,
    8403.748936873799,
    6343.869430191746,
    7682.541530172173,
    8585.158441970596,
    8764.96253101905,
    8691.749908116855,
    8327.123151798383,
    8730.406551493135,
    8203.598955114692,
    8066.335157074769,
    7855.7781823232735,
    6289.654966528695,
    8754.764130605447,
    7999.627480123142,
    8258.403514652835,
    7101.148298862445,
    8608.606814295927,
    5775.4045403968785,
    6802.917972184178,
    6331.4646501829575,
    8700.813660277148,
    5630.743742955798,
    7933.3736099813905,
    7388.067456032299,
    8903.086397029905,
    8608.471947818118,
    7521.555611315933,
    7551.080391318514,
    7253.297152772182,
    5925.378613840687,
    5946.213222666502,
    5406.1841158696225,
    6854.0495462964955,
    7775.514481707549,
    8060.850155458658,
    7770.053197764516,
    6273.362221278507,
    8668.444956792271,
    8657.640463051452,
    6536.9364422378585,
    6872.592179077332
  ],
  "duracao_episodios": [
    365,
    365,
    365,
    365,
    365,
    365,
    365,
    365,
    365,
    365,
    365,
    365,
    365,
    365,
    365,
    365,
    365,
    365,
    365,
    365,
    365,
    365,
    365,
    365,
    365,
    365,
    365,
    365,
    365,
    365,
    365,
    365,
    365,
    365,
    365,
    365,
    365,
    365,
    365,
    365,
    365,
    365,
    365,
    365,
    365,
    365,
    365,
    365,
    365,
    365
  ],
  "perdas_politica": [
    0.9545305248569039,
    0.7516288950162775,
    0.7167704718954423,
    0.6987456188482397,
    0.6595625070964589,
    0.6305653400280896,
    0.6117755349944619,
    0.589856975218829,
    0.589952314601225,
    0.5676937296110041,
    0.5571313027073356,
    0.54604172706604,
    0.5412843805902144,
    0.5295997866812874,
    0.5086932340089012,
    0.5014311522245407,
    0.4919618026298635,
    0.4762718467151417,
    0.46660807115190167,
    0.4618709516875884,
    0.4499089489964878,
    0.4324555607403026,
    0.42765331794233885,
    0.40326620813678293,
    0.3927028073984034,
    0.37893517140079946,
    0.362214892226107,
    0.3451180387945736,
    0.3290523062734043,
    0.3122728813220473,
    0.30343811389277964,
    0.28879479143549414,
    0.27438678022693186,
    0.25854609205442314,
    0.24320096128127155,
    0.22213212181540096,
    0.21951872636290157,
    0.21262860298156738,
    0.1939190981142661,
    0.18110920905190356,
    0.16660702338113503,
    0.16199005921097362,
    0.1511465880800696,
    0.14201043107930353,
    0.13187350135515719,
    0.12300733652184992,
    0.11549792789361056,
    0.11171188446528771,
    0.10462820157408714,
    0.09949174117954339,
    0.09328476734021131,
    0.08301677160403308,
    0.07726536143352003,
    0.07523955996422206,
    0.06972262066076784,
    0.06437585491906195,
    0.06042681733036742,
    0.055097012944957786,
    0.04955995860783493,
    0.0493039985132568,
    0.045982723726945764,
    0.04093567145002239,
    0.03887269399402773,
    0.034297451705617064,
    0.032578012522529155,
    0.03275987746960977,
    0.028059234212645712,
    0.027433958041536456,
    0.023464551250285962,
    0.021137600737240386,
    0.020985530470223987,
    0.020007032435387373,
    0.019660512355211025,
    0.017231927938101924,
    0.015512798460857832,
    0.014175991924917874,
    0.012724246651701191,
    0.012441088828970404,
    0.011204610880026045,
    0.010238787474329858,
    0.00926351812942063,
    0.009284494732342222,
    0.008265356053872144,
    0.0077134422916809425,
    0.00732095621745376,
    0.006823158008046448,
    0.0064403695698060535,
    0.006026164183447904,
    0.0057215163593783095,
    0.0054917953538653605,
    0.005407158997567261,
    0.004914365640348371,
    0.005047554704908501,
    0.004628599751466776,
    0.004619939968346015,
    0.004513693151666838,
    0.004531893036876093,
    0.004321950771982837,
    0.0045538214069572,
    0.00448633445878787
  ],
  "perdas_valor": [],
  "perdas_entropia": [],
  "acuracoes_bc": [
    0.5404555376838235,
    0.5948558134191176,
    0.6143583409926471,
    0.6326976102941176,
    0.6592084099264706,
    0.6761977251838235,
    0.6844697840073529,
    0.6945226332720589,
    0.6950109145220589,
    0.7113108915441176,
    0.7117417279411765,
    0.7191377527573529,
    0.7226418887867647,
    0.7285443474264706,
    0.7386833639705882,
    0.7431209788602942,
    0.7498563878676471,
    0.7537626378676471,
    0.7601533777573529,
    0.7635282628676471,
    0.7736529181985294,
    0.7823414522058824,
    0.7856158088235294,
    0.7974781709558824,
    0.8014705882352942,
    0.8093836167279411,
    0.8191636029411765,
    0.8304658777573529,
    0.8373305376838235,
    0.8440659466911765,
    0.8497242647058824,
    0.8567325367647058,
    0.8654210707720589,
    0.8740234375,
    0.8801700367647058,
    0.8929515165441176,
    0.8952062270220589,
    0.8981502757352942,
    0.9088637408088235,
    0.9147231158088235,
    0.9224207261029411,
    0.9248477711397058,
    0.9295582490808824,
    0.9335363051470589,
    0.9398696001838235,
    0.944580078125,
    0.9477108226102942,
    0.9510282628676471,
    0.9539579503676471,
    0.9568014705882353,
    0.960693359375,
    0.9643267463235294,
    0.9662224264705882,
    0.9680032169117647,
    0.9706744025735294,
    0.9736902573529411,
    0.9750258501838235,
    0.9777544806985294,
    0.9795209099264706,
    0.9799661075367647,
    0.9819910386029411,
    0.9834702435661765,
    0.9848920036764706,
    0.9865004595588235,
    0.9873764935661765,
    0.9869887408088235,
    0.9895593979779411,
    0.9897030101102942,
    0.9909524356617647,
    0.9921156939338235,
    0.9919289981617647,
    0.9924603630514706,
    0.9923454733455882,
    0.9935518152573529,
    0.9943560431985294,
    0.9947437959558824,
    0.9955767463235294,
    0.9953900505514706,
    0.9957347196691176,
    0.9961511948529411,
    0.9965963924632353,
    0.9967830882352942,
    0.9971277573529411,
    0.9972570082720589,
    0.9975011488970589,
    0.9978458180147058,
    0.9978745404411765,
    0.9981186810661765,
    0.9980612362132353,
    0.9980755974264706,
    0.9984202665441176,
    0.9985207950367647,
    0.9983340992647058,
    0.9986069623161765,
    0.9986787683823529,
    0.9986644071691176,
    0.9986069623161765,
    0.9986500459558824,
    0.9987649356617647,
    0.9987074908088235
  ],
  "contagem_acoes": {
    "plantar": 1656,
    "esperar": 10820,
    "herbicida": 4080,
    "regar": 1038,
    "colher": 644,
    "fertilizar_N": 12
  },