{
  "recompensas_episodios": [
    7600.482443423584,
    6774.4527682545895,
    3180.5898538590286,
    6510.355341113047,
    7951.825347851194,
    5709.558596710165,
    5831.343167303202,
    8583.969662414933,
    5765.666070468807,
    6984.853513129881,
    5950.630125893735,
    6898.2214923544525,
    4906.65960893207,
    6156.753663345864,
    5391.593098406274,
    5361.964728491788,
    7961.442744566455,
    6111.729601554696,
    7468.80485291073,
    7204.310710393502,
    5626.437183813218,
    6901.208885625947,
    6969.958239380256,
    4611.535170615378,
    7000.527584280729,
    7410.646491419049,
    6503.978013544576,
    4191.200013188984,
    5364.73907310854,
    6364.09359550314,
    8433.894226814642,
    5305.9838747298545,
    8031.192601020863,
    6806.090746742755,
    6215.719383603895,
    6445.699322871263,
    5185.841237538959,
    5491.02735972357,
    5788.109157157662,
    6884.770641710142,
    6791.33836297597,
    6676.43826059197,
    3786.163859721239,
    5966.173828092766,
    8097.87399810046,
    7441.450697740469,
    676.0342889434637,
    5985.677300719264,
    3867.797901258341,
    4898.87675566776
  ],
  "media_recompensa_final": 6160.513708951662,
  "desvio_recompensa_final": 1432.4680405807514,
  "ood_dry_recompensas": [
    1531.669884018816,
    3568.011799752461,
    3730.0538069084173,
    3867.3695710554193,
    3474.375647352951,
    3682.900817563176,
    3776.6349011065795,
    3369.732833479271,
    3442.2821078633688,
    3487.349117704315,
    3647.3004781270747,
    3725.4972855458755,
    3725.0166071170647,
    3688.4274006503447,
    2748.81920824992,
    3588.0250362208853,
    3685.6766163205157,
    3964.81368844771,
    3442.103066931405,
    3721.0212623712864,
    2385.68929323073,
    3722.292692599617,
    2860.65027413667,
    3701.1046988305043,
    3677.391248727695,
    3212.5202122216733,
    2790.4057742867626,
    2370.1672129123326,
    3649.24866405599,
    3630.062721496489,
    3614.194611730193,
    3728.3004447187286,
    3353.7296472995304,
    3741.886934989716,
    3649.853509460478,
    3683.3940819695413,
    3781.1791823614794,
    3627.5420230574036,
    3482.567333299085,
    3151.333217800833,
    3655.3979694118098,
    3682.048245969141,
    3922.2468794241076,
    3717.9718548204232,
    3718.161652439484,
    3911.516676560742,
    2322.6015775344804,
    3693.418840980209,
    2787.8850758504523,
    3713.3646165460736
  ],
  "ood_humid_recompensas": [
    6429.477330683363,
    7067.605410851136,
    8540.497961126011,
    8782.730455482628,
    7950.3017158352395,
    8445.6172647357,
    6941.677367888278,
    7253.8216624581955,
    9319.491300857104,
    6871.011559990369,
    4922.814859893139,
    5305.103388249536,
    6593.554296095275,
    5735.501771723071,
    9218.172177568867,
    9324.273898953761,
    6673.0467371772975,
    8505.27161540757,
    5752.857525654123,
    7440.60270748963,
    7596.5473258093025,
    5510.278346081107,
    8941.077630763575,
    6669.454551367284,
    3809.160860705493,
    8571.41440144143,
    8958.827759860738,
    5339.4458077200525,
    2426.8733991728514,
    6697.053200052101,
    5653.064237739979,
    8897.786229345606,
    8448.656632271603,
    2513.1746146764362,
    6883.926892976375,
    6973.145198093902,
    7403.761669179359,
    8088.138033421296,
    4949.129485487687,
    4721.637661883089,
    4557.273786586476,
    6106.708668499161,
    8671.389459631679,
    8378.94396834101,
    4720.0610759303345,
    9396.247664788667,
    9071.319735431096,
    9068.967701742255,
    5453.910673470502,
    8011.08726922654
  ],
  "media_ood_dry": 3456.104166110184,
  "media_ood_humid": 6991.237898996345,
  "acuracia_bc_final": 0.9938246783088235,
  "contagem_acoes": {
    "plantar": 1554,
    "esperar": 11994,
    "regar": 986,
    "herbicida": 3227,
    "colher": 485,
    "fertilizar_N": 4
  },
  "kpis_agricolas": {
    "produtividade": [
      676.715131998872,
      585.7968701461074,
      249.19625115172798,
      559.7940703657341,
      721.277198735274,
      525.1332206114947,
      534.6130333011379,
      797.892962764666,
      489.7964283905104,
      629.2019711208609,
      516.4825978620992,
      597.447046835644,
      441.67901661620294,
      538.0797535611657,
      447.58476126119524,
      412.68760404494265,
      717.0210727294681,
      517.6819088693402,
      672.7533011228254,
      646.9647907071164,
      464.48754399878726,
      599.5615115686139,
      597.5413800685651,
      345.03098109577485,
      618.9995029564093,
      686.5013472787871,
      579.0600666598634,
      354.8777940126928,
      478.5362136588053,
      523.5943233705174,
      780.5126053231542,
      421.1196154715192,
      732.6575929188793,
      632.9791087925867,
      512.0613897099506,
      544.9652787670702,
      412.5836687333183,
      477.59649622880534,
      499.8716087600088,
      618.8099628835848,
      622.8332194587302,
      579.1740037923859,
      310.1138545083651,
      521.9999354465056,
      739.2549916354036,
      664.3511694659228,
      22.094051956738216,
      498.3173119756443,
      310.67388954320757,
      413.9405625106429
    ],
    "qualidade_solo": [
      0.25608939343936005,
      0.41252946643852134,
      0.41235680203270964,
      0.20333852280762488,
      0.4472381284408357,
      0.27583569009184195,
      0.34425176463085677,
      0.2735968113362792,
      0.2711564619379656,
      0.2611889182815877,
      0.278315503642759,
      0.39692154246271494,
      0.25367674059597434,
      0.3333604692563036,
      0.380635738161333,
      0.26841482678037454,
      0.21017851917646496,
      0.3279862413811394,
      0.1560836788431063,
      0.27707813266124304,
      0.32583740990620574,
      0.3725301001707475,
      0.26658953061708496,
      0.26786803114126345,
      0.42304509369525034,
      0.2221148205249846,
      0.33999176388657393,
      0.1853896132096317,
      0.11492525753886959,
      0.32939396427237055,
      0.25960043454961157,
      0.3797291570849278,
      0.2821154509232195,
      0.3322088264112312,
      0.3225938732774668,
      0.3159085006959486,
      0.3070545373963121,
      0.3062786899226181,
      0.2809231053134019,
      0.33293444415011564,
      0.2376188509361778,
      0.38355831529800244,
      0.40118916882158856,
      0.22720581417643626,
      0.23833329558748326,
      0.18315035277722594,
      0.26865882737897717,
      0.2624327460178247,
      0.22568940756887435,
      0.378166528840682
    ],
    "uso_quimicos": [
      624,
      416,
      736,
      432,
      1056,
      448,
      368,
      608,
      864,
      752,
      272,
      944,
      0,
      48,
      640,
      848,
      688,
      896,
      624,
      496,
      688,
      784,
      624,
      672,
      960,
      256,
      784,
      0,
      16,
      464,
      800,
      992,
      528,
      336,
      480,
      720,
      768,
      528,
      640,
      768,
      224,
      720,
      624,
      688,
      608,
      576,
      432,
      688,
      80,
      1040
    ],