{
  "recompensas_episodios": [
    8572.977428524227,
    8795.965210828344,
    8340.605787026163,
    8724.33738222373,
    8411.584140751245,
    6457.724294484197,
    8697.1020802948,
    7269.258763636811,
    8627.992267984639,
    7837.134127121364,
    8656.24139452664,
    8625.627162537145,
    8509.649393404077,
    8903.639085475781,
    8685.459588170499,
    8836.349488996488,
    8804.604102958769,
    8691.929122379144,
    5538.47547618771,
    7123.125050923758,
    8602.631173315947,
    8708.01823019615,
    8692.685830030956,
    8484.737486898368,
    8375.308151158186,
    5524.439905068282,
    8525.325856027404,
    8624.939460877096,
    8707.795577833711,
    8534.23249102444,
    7319.898394159245,
    6201.293558523711,
    8683.676488599116,
    8692.040731437013,
    5450.445967319376,
    8511.937034267861,
    4811.3648739992295,
    5790.9045805529395,
    6191.767929642763,
    7570.444930817845,
    8571.109754687157,
    5327.411766046183,
    8770.717979362555,
    8710.332231785993,
    8529.901554503798,
    8503.233094168441,
    8538.382272308674,
    8722.44952943163,
    7245.490720506976,
    8668.99497389028
  ],
  "duracao_episodios": [
    365,
    365,
    365,
    365,
    365,
    365,
    365,
    365,
    365,
    365,
    365,
    365,
    365,
    365,
    365,
    365,
    365,
    365,
    365,
    365,
    365,
    365,
    365,
    365,
    365,
    365,
    365,
    365,
    365,
    365,
    365,
    365,
    365,
    365,
    365,
    365,
    365,
    365,
    365,
    365,
    365,
    365,
    365,
    365,
    365,
    365,
    365,
    365,
    365,
    365
  ],
  "perdas_politica": [
    0.39713459759950637,
    0.24405408719411262,
    0.19416510697454215,
    0.16419192460321244,
    0.14713074363429438,
    0.1327889429324347,
    0.12133520549916206
  ],
  "perdas_valor": [],
  "perdas_entropia": [],
  "acuracoes_bc": [
    0.8409786739864865,
    0.8970565404647436,
    0.9205712890625,
    0.933696056547619,
    0.9417413884943182,
    0.948091457201087,
    0.9538127493351064
  ],
  "contagem_acoes": {
    "plantar": 1605,
    "esperar": 6757,
    "regar": 1167,
    "herbicida": 7326,
    "colher": 855,
    "fertilizar_N": 540
  },
  "kpis_agricolas": {
    "produtividade": [
      813.5212579362094,
      847.0058285250377,
      784.7891533741147,
      846.5580865659404,
      789.1146815372794,
      571.5127203782686,
      837.0188805811732,
      647.1313398102953,
      829.1748036930347,
      725.4191792768054,
      825.3475406206977,
      809.7487991441212,
      799.4509100064739,
      848.9091283710975,
      822.6780018263917,
      855.249176381587,
      823.2631774872347,
      837.5125822934821,
      499.86701778888465,
      630.6605680481536,
      811.0410850530264,
      825.9930075089159,
      832.8276894819081,
      792.6200181935707,
      797.3582070449139,
      447.30325133763967,
      817.8862413044243,
      840.0554004528328,
      829.3567409775291,
      806.2428865350693,
      654.0121446985219,
      546.111255313558,
      830.0854405116289,
      832.9430569324597,
      507.6028235938923,
      811.5114357994042,
      334.337165521913,
      477.6703474797687,
      505.5545778488753,
      708.1980858172868,
      830.512452065828,
      413.0439943337544,
      844.8440719469016,
      847.4435434066287,
      806.7365403597406,
      804.1059311265856,
      813.4208950337147,
      840.34381703793,
      657.4027164170792,
      838.3307243047184
    ],
    "qualidade_solo": [
      0.22959628438904672,
      0.3808504576118895,
      0.311777187263107,
      0.23011980656606087,
      0.2817188379470778,
      0.295656743381129,
      0.2060763504185693,
      0.25788767459450723,
      0.1852171890040934,
      0.23592255257852163,
      0.3603639986368148,
      0.39857512736423506,
      0.3295170861171395,
      0.3032591430166544,
      0.3097255978318475,
      0.16530284980802262,
      0.2567178403413022,
      0.3102165661663622,
      0.34812078859802187,
      0.2638154542790112,
      0.16835135770955384,
      0.21338167380308629,
      0.17449468556032605,
      0.14943402757812502,
      0.3744635497783935,
      0.324375667780942,
      0.19054042852651773,
      0.26257594949853613,
      0.1334863244056762,
      0.143782879284954,
      0.24371094880523242,
      0.3831391148636063,
      0.1660412214806989,
      0.34587142098559565,
      0.3691189867632937,
      0.16146259635325555,
      0.31568988427515354,
      0.23667731995177166,
      0.16523092043166537,
      0.22519390030699368,
      0.2046467918171738,
      0.35765315644398454,
      0.4049385195720657,
      0.1933225114889055,
      0.1913000698227573,
      0.1448558536100193,
      0.2435548129105336,
      0.19013942643712464,
      0.3418165721728535,
      0.29901119221730144
    ],
    "uso_quimicos": [
      1360,
      1888,
      976,
      1792,
      640,
      576,
      1344,
      640,
      1840,
      1632,
      1456,
      848,
      1184,
      976,
      1168,
      1728,
      496,
      1776,
      1296,
      928,
      800,
      832,
      1360,
      720,
      1552,
      592,
      1696,
      2064,
      1424,
      1520,
      544,
      1616,
      1152,
      1488,
      752,
      1632,
      480,
      928,
      592,
      1520,
      1904,
      704,
      1712,
      1680,
      1120,
      1136,
      1904,
      1328,
      1712,
      1936
    ],
    "biodiversidade": [
      3.2191872599676664e-51,
      9.3306698357017e-75,
      7.157696947350303e-72,
      1.2573017735232126e-69,
      1.0882608597576068e-51,
      2.1551287728418434e-47,
      3.1726485835005795e-73,
      2.223669405398159e-56,
      4.422202733577884e-73,
      3.721231341847226e-70,
      4.0391969133911874e-71,
      1.2174479162619835e-54,
      1.541367870210141e-54,
      3.897333733920254e-62,
      1.0329352055279117e-63,
      9.318616185701477e-75,
      4.184222511877227e-44,
      2.1123519660602474e-74,
      1.0321435451255238e-56,
      6.046214899415337e-60,
      2.9592752846297787e-53,
      5.325060827467358e-52,
      1.1564967539065375e-68,
      6.877160931775005e-47,
      1.3140557332424118e-71,
      1.254414429042898e-43,
      1.5613717529183377e-74,
      6.865497607980706e-78,
      1.1960383404029963e-59,
      9.646488575013863e-56,
      3.5377842095561845e-51,
      5.5243446187491564e-70,
      2.4077239661993852e-57,
      3.9596718435138354e-75,
      8.024405799821573e-58,
      1.479216799672587e-68,
      2.165683279056959e-53,
      1.4023491543195846e-57,
      2.0642744726814415e-48,
      4.1164793560428335e-66,
      8.872321851447826e-76,
      1.0609191199903658e-46,
      5.040161128997343e-77,
      9.03347166622839e-71,
      1.7402732721076563e-57,
      3.0532906326167063e-52,
      1.6134223325707748e-61,
      6.795129560610867e-69,
      7.558055449668872e-82,
      1.806735109358545e-72
    ]
  },