{
  "recompensas_episodios": [
    7432.126301379863,
    5983.3611647230755,
    5471.045075656859,
    8868.763647395317,
    5437.510339864964,
    5559.0099580053065,
    3843.0398925804425,
    5896.078671029026,
    7052.388268869459,
    5245.800216565083,
    6776.873389877168,
    6916.986181064191,
    5468.561702795298,
    8300.35377990446,
    6834.718841510807,
    7431.424895354401,
    6788.756189160309,
    5454.374617577913,
    1984.8743731508473,
    4875.915926564458,
    5980.957477552885,
    6368.949185745474,
    5500.050106476227,
    5734.857845746423,
    4801.885457585869,
    5314.650489111453,
    7535.694615104563,
    6133.245986517995,
    6809.579344362937,
    7320.745368173675,
    6234.8971377710595,
    5587.713867432965,
    5341.901533547303,
    7697.923813042608,
    7951.294718866471,
    7689.614974639221,
    4903.82025875683,
    7216.811538749884,
    6859.118438420757,
    4893.423303814492,
    5815.766502749861,
    5816.367609840563,
    6719.301082212718,
    7601.205702089565,
    5052.263657308711,
    7598.338806412164,
    4510.909184310163,
    6129.461947897855,
    6627.033227910757,
    6501.912358100995
  ],
  "media_recompensa_final": 6197.433179465634,
  "desvio_recompensa_final": 1224.731979954686,
  "ood_dry_recompensas": [
    3392.786694587595,
    3605.141911428034,
    3607.074520734181,
    2148.500408498473,
    3600.504373536823,
    3096.3838254343736,
    3063.1209839938074,
    3561.5721752977943,
    3596.8924234825126,
    3044.4685909425475,
    3583.604019645588,
    1882.1664499418343,
    3643.6496107950043,
    3422.4482503864247,
    3621.8159715629963,
    3661.156471363597,
    3634.7068796019876,
    3548.8835163963427,
    3289.8891217131577,
    3277.088440733804,
    3407.2525583022343,
    2475.2553353105645,
    3626.2059771895274,
    3634.76182201541,
    3635.9291579531982,
    3264.311349358295,
    3275.5620041858556,
    3571.264136826233,
    3606.3464603317866,
    2692.890305117996,
    2318.312507471983,
    3621.3925646603757,
    3649.0185072006675,
    3465.1846796030595,
    3825.0324167185763,
    3292.6348465003575,
    3578.3470831902596,
    3611.5738380161047,
    3408.1904985836736,
    2688.6687308485,
    941.23064384598,
    3623.6365982583975,
    3266.749288736311,
    3121.786541620809,
    3656.4382928383657,
    3408.490493539265,
    3570.3733647544755,
    3285.424828570196,
    3049.0010620919525,
    1584.4679142998532
  ],
  "ood_humid_recompensas": [
    8711.006945754169,
    8219.437593016859,
    8410.40215501012,
    9233.096007717959,
    7236.754772739483,
    8828.112414844541,
    9142.263441321162,
    9135.04742047213,
    7306.412582937222,
    6897.631388113423,
    9107.511976906317,
    9133.44401532998,
    9234.876668812163,
    9189.285213698533,
    8404.10781783321,
    9457.308104250173,
    6967.187164636718,
    8268.69062204046,
    8727.034653855095,
    6641.957460936922,
    8565.950592984871,
    8946.202739519933,
    8582.579415833648,
    6058.562305336867,
    9077.197080902508,
    8721.922345572388,
    8104.605525977303,
    5608.117837392969,
    8022.439010630686,
    9160.850044695684,
    6167.4483348643225,
    8741.910285199136,
    9161.007685737644,
    7307.26281986669,
    7474.50961943444,
    7555.0196576551225,
    9095.265203288915,
    9126.567620444857,
    8377.192136637292,
    5837.9162321237145,
    8282.707922160274,
    9234.249839367863,
    8872.887441577606,
    8338.560263557121,
    9096.594613750905,
    8291.404637987327,
    9348.708353952017,
    7956.500438165876,
    8648.731304477267,
    4434.3757333665535
  ],
  "media_ood_dry": 3248.7517689603433,
  "media_ood_humid": 8208.976309253769,
  "acuracia_bc_final": 0.9960286458333333,
  "contagem_acoes": {
    "plantar": 1662,
    "esperar": 12060,
    "regar": 908,
    "herbicida": 3123,
    "colher": 497
  },
  "kpis_agricolas": {
    "produtividade": [
      663.175029413902,
      511.24798831121853,
      439.49225287664603,
      827.138941042761,
      440.50096365166235,
      480.28399466604634,
      322.6113831829418,
      483.7930079201376,
      627.5873840320455,
      418.104911106684,
      588.9916469408062,
      604.0451652719657,
      412.72567867093886,
      768.3360523199549,
      594.2047204742184,
      658.7534757547375,
      570.7657554476318,
      423.8811670083797,
      137.58121629265702,
      378.36389576661,
      505.49248754334724,
      553.7249057539397,
      477.4085852077427,
      460.45366807996834,
      406.78476815640585,
      418.1472458653319,
      667.71518834652,
      521.5760621238829,
      589.4513289001254,
      644.4259768738834,
      509.99227476024714,
      474.3921721511184,
      428.2919997208428,
      690.37206000687,
      720.3804699144574,
      693.875862190383,
      379.08406213506606,
      625.9042135962342,
      601.0992712738972,
      418.5954438281334,
      503.8130847156914,
      490.7986515985446,
      584.7344141030298,
      685.0529735841878,
      410.0463705976408,
      681.9304634603537,
      347.30539269603406,
      551.8155237659422,
      568.5325886082251,
      550.4181252308465
    ],
    "qualidade_solo": [
      0.3259811236848959,
      0.383389709458141,
      0.2788399041992873,
      0.33996436591023993,
      0.1955457462531247,
      0.25335645893213954,
      0.18067818940054536,
      0.3373786025725646,
      0.18419350584213262,
      0.3371880030457681,
      0.3574529397677485,
      0.2553789522117369,
      0.34076125449008277,
      0.2853601742876423,
      0.37516192250752767,
      0.15822824864560078,
      0.17678284375000003,
      0.2879889180522369,
      0.13347249943064596,
      0.3091037272829095,
      0.3107884538888913,
      0.25841123517876463,
      0.3028703204801445,
      0.20224790183067198,
      0.4296447176946856,
      0.3955392901124434,
      0.2200413165536526,
      0.38158518572644406,
      0.28347749584970183,
      0.345030097514604,
      0.17669291116932503,
      0.35256820723519394,
      0.2573282820412211,
      0.34962142098322463,
      0.35198445310570614,
      0.24307440489183657,
      0.18199901530542872,
      0.23157415587985122,
      0.32708356427391455,
      0.18933485134238456,
      0.2910023579506996,
      0.28089145587153086,
      0.42297079565068574,
      0.19325789193360393,
      0.33352684970845026,
      0.17316397212292492,
      0.31181307355655774,
      0.2146751055477668,
      0.29218252911805687,
      0.248159054360736
    ],
    "uso_quimicos": [
      560,
      496,
      288,
      528,
      480,
      848,
      0,
      768,
      752,
      816,
      880,
      656,
      368,
      832,
      912,
      512,
      512,
      592,
      432,
      784,
      832,
      384,
      896,
      528,
      432,
      1056,
      624,
      768,
      576,
      496,
      576,
      720,
      496,
      560,
      656,
      848,
      336,
      656,
      784,
      240,
      816,
      688,
      816,
      672,
      576,
      448,
      448,
      336,
      720,
      528
    ],