{
  "recompensas_episodios": [
    6478.651730577314,
    7108.331508136267,
    4460.997419025598,
    344.22901940937413,
    1214.0083721663975,
    6029.4870143520275,
    4246.954952271114,
    6505.684924853655,
    4629.706950755279,
    5356.123051084909,
    6163.778341455546,
    3364.588181245159,
    6192.742918523652,
    6797.454843006928,
    5771.075234877941,
    4351.092557841084,
    4170.781667755184,
    3289.0776118406893,
    5708.301952686427,
    7938.878660389657,
    4089.5555341586355,
    4981.3853623675,
    6060.340570900138,
    5399.292502614209,
    2693.774283243847,
    5309.176855306101,
    5930.353181461249,
    6682.099395574816,
    2699.1204796988723,
    6791.90982048857,
    6967.303081371162,
    5187.233339497119,
    7257.911780074002,
    6148.168229008981,
    6957.162887255352,
    5229.3840325924575,
    7709.530105914975,
    3971.1262875661887,
    6021.624756997707,
    3255.67348546384,
    6739.165010903577,
    6490.8398258001,
    5507.382955570785,
    5767.641481342409,
    5030.139399045602,
    5868.276659496501,
    5265.2460736439025,
    4570.009904193661,
    4461.555234541671,
    7001.691985676278
  ],
  "media_recompensa_final": 5323.320428280488,
  "desvio_recompensa_final": 1562.9086446294334,
  "ood_dry_recompensas": [
    3377.7152682749092,
    1502.5087973296631,
    3418.3377820055466,
    3607.207763954189,
    3811.1624841147022,
    3872.870846152321,
    2724.772478528932,
    3742.7636092314233,
    3616.6080137545778,
    943.2343132383207,
    1443.565279309309,
    2916.67745994731,
    3598.4925348560228,
    3647.8481396585466,
    3729.2161207145946,
    3696.2190051336784,
    2489.3917273580428,
    2419.533668784298,
    3490.81600813485,
    3447.375386163872,
    3580.555441419327,
    1456.0380624990426,
    3859.6431768734674,
    2319.6866493782027,
    524.9224902187938,
    3085.154719425278,
    3679.5179932724577,
    3609.348274100469,
    1976.2500075663543,
    2886.601328800155,
    2981.4765205417843,
    3634.587558172242,
    2515.9066462987967,
    3630.132780359664,
    3450.0906924750207,
    3680.680620602775,
    3754.78645011751,
    2533.511512170924,
    3733.544077145315,
    3296.214477853346,
    2711.261202253091,
    3755.426189140346,
    3862.5819206323185,
    3974.271817244001,
    3255.086707446204,
    2659.2836808739103,
    3672.56255313775,
    3648.266038675797,
    3593.16168881224,
    3323.898072108298
  ],
  "ood_humid_recompensas": [
    1352.4948628117625,
    2970.8411420204934,
    997.9506416399597,
    4275.755716477179,
    5806.256084648631,
    8311.432515529694,
    3076.1963883682665,
    3323.951467597376,
    3707.733251381258,
    3828.3438816523276,
    6141.998198150987,
    4839.863762685471,
    5774.772669844702,
    4722.342068243646,
    7346.217135465462,
    4377.515356131707,
    5591.256489084108,
    3705.696642165851,
    8037.152679499661,
    3523.3915894959428,
    3409.2722369917947,
    6627.266944360855,
    1653.4754154373168,
    7623.677901835581,
    1818.8917622406984,
    1021.2367890581108,
    6309.148707050617,
    6421.784400717639,
    3538.3363594026955,
    1076.379376759108,
    5623.412997408735,
    5293.898730412896,
    4989.455274284216,
    2962.3032850125883,
    3429.648383150342,
    7517.64001470494,
    2029.1803423454262,
    5490.797713138672,
    4405.205530914609,
    1940.5551259766062,
    2678.3508203594292,
    3357.454325828802,
    6210.699290481526,
    5708.539002501209,
    7983.124001325328,
    2719.3697236723774,
    4385.064210907437,
    3612.137190167617,
    4705.2289834156245,
    773.9392211543784
  ],
  "media_ood_dry": 3122.8153207252008,
  "media_ood_humid": 4340.5327320782335,
  "acuracia_bc_final": 0.8369858685661765,
  "contagem_acoes": {
    "plantar": 1476,
    "esperar": 12316,
    "herbicida": 3387,
    "regar": 653,
    "colher": 418
  },
  "kpis_agricolas": {
    "produtividade": [
      558.7055451984095,
      632.4724880660816,
      364.89300713542525,
      22.44484023901515,
      22.35120386734902,
      515.6523676847202,
      368.7131380287876,
      553.5268542697283,
      364.9509745045368,
      428.03038333716165,
      536.5606363660056,
      263.9276195530639,
      515.1440226179529,
      577.7380515046161,
      505.38788998480504,
      302.48994011985724,
      298.35493048720423,
      223.05133262002863,
      482.46961810543314,
      741.3911395025818,
      352.5123649724697,
      417.55439823495755,
      501.75650317464084,
      461.8958209918054,
      189.76686597380834,
      475.37987232628285,
      497.6640323191633,
      573.9092799975009,
      145.7561935176712,
      600.3553652431791,
      624.9407735231204,
      439.7284885959135,
      644.2073928760309,
      502.97756461198037,
      655.0497961392585,
      405.8959292239846,
      690.8647080787348,
      346.3227405395796,
      505.5310421220962,
      229.94265191183595,
      576.2097882449873,
      578.0784280558038,
      435.5186204290182,
      475.78516536807854,
      372.7538843221144,
      479.71859425400913,
      382.4994676774297,
      313.8836072762288,
      359.92688719172645,
      615.7372177924377
    ],
    "qualidade_solo": [
      0.32758509694262894,
      0.40742456077852873,
      0.4465015065237273,
      0.1291591904978574,
      0.4716080903550013,
      0.3078394539948187,
      0.3355541055799076,
      0.2399684621890373,
      0.16949012197404248,
      0.2981418286331262,
      0.25976326170751446,
      0.2670457695114883,
      0.34479320441520844,
      0.404571224728297,
      0.38049167025807007,
      0.16089005625000002,
      0.2040396952939481,
      0.1946969309091679,
      0.3768668828851477,
      0.2185548733113601,
      0.34578858425985937,
      0.33692290581642614,
      0.19081505015870925,
      0.1724350152907274,
      0.31188862354822755,
      0.2028870340038339,
      0.2301848464903562,
      0.21911467590831085,
      0.25208601741823616,
      0.3561269671223147,
      0.26838482717426704,
      0.22291976446529457,
      0.13718998817184158,
      0.3454130324689013,
      0.28986038783149803,
      0.18974354594978263,
      0.2729720888634842,
      0.14232659310070234,
      0.1772049799313094,
      0.3323505592873346,
      0.22628831566685856,
      0.2773574470870294,
      0.3210392723164124,
      0.24883381846458702,
      0.2948135858238551,
      0.11732738814208765,
      0.1562332676475282,
      0.1580074551423596,
      0.4333473120654592,
      0.1848215635731984
    ],
    "uso_quimicos": [
      1008,
      480,
      976,
      0,
      1408,
      976,
      304,
      336,
      0,
      1072,
      16,
      1344,
      672,
      976,
      688,
      800,
      544,
      400,
      656,
      544,
      832,
      864,
      208,
      944,
      0,
      272,
      944,
      432,
      1024,
      672,
      1104,
      64,
      736,
      816,
      1136,
      672,
      800,
      48,
      624,
      1184,
      960,
      1088,
      1120,
      688,
      272,
      560,
      560,
      256,
      240,
      816
    ],