{
  "recompensas_episodios": [
    6092.585731232919,
    5678.49921741121,
    6055.747461225504,
    7111.498308830395,
    5837.057473734653,
    5731.889117503493,
    8569.438003271465,
    8443.712916430291,
    6169.081660574173,
    6166.609982520227,
    7179.857518695059,
    7827.274134579621,
    6457.34719738643,
    7131.067841860763,
    5430.710709398586,
    8068.683097975581,
    7068.749238676627,
    5275.221773365933,
    5591.117034317401,
    8619.306353017604,
    6275.380681963704,
    4748.981619226654,
    1751.9829391126523,
    7685.976322928196,
    5379.193201827492,
    3082.815104849018,
    7014.7742370135165,
    5997.63759274555,
    3912.2779957252933,
    6097.78235054226,
    6873.533097304188,
    7067.738502980794,
    8194.808804392747,
    7962.127003133362,
    6585.535929382728,
    8868.385348095087,
    7366.107977097097,
    1485.395199681295,
    6407.5416007300255,
    5808.8263168525755,
    4714.627205349096,
    4000.3360321179193,
    7467.514221458103,
    7130.591680079882,
    6444.549797871287,
    6922.93792565978,
    8678.655126253678,
    6426.797864728051,
    4519.595494665442,
    5906.883798966313
  ],
  "media_recompensa_final": 6305.694914894835,
  "desvio_recompensa_final": 1593.9157572877577,
  "ood_dry_recompensas": [
    3033.73489714958,
    3599.093969808155,
    3767.0487201057044,
    3043.740388237481,
    2975.775407801507,
    3509.1834261517897,
    3683.5588003436233,
    3432.382553881617,
    3237.7355899747827,
    3574.787045716592,
    3626.3089273615783,
    3618.512960366923,
    2601.097890278738,
    3624.878590280941,
    3641.8873393665826,
    3616.0380618771496,
    3063.8911497617823,
    857.9421424919211,
    3657.3182942944723,
    2509.190950767213,
    3859.5067251002183,
    619.9764943247072,
    3615.6845772946417,
    2143.1009664679614,
    3616.7875889623692,
    3362.359866583066,
    641.0312554528701,
    3241.537283608829,
    3696.725876017001,
    459.08990446191996,
    1229.6049157724824,
    3677.4822784335925,
    3617.5772588005957,
    3491.1276713278694,
    3637.918768534646,
    3579.891475146987,
    3738.788869659318,
    3780.6064661592936,
    3510.4899965958493,
    3093.5471243902502,
    2703.0478709313575,
    3691.3931881731623,
    3089.4750519919844,
    2532.6132207420396,
    3663.0361328790495,
    3591.2384083257057,
    3601.007839153717,
    3670.0708394883377,
    4052.1052704492045,
    460.55971183868667
  ],
  "ood_humid_recompensas": [
    9233.222749703391,
    5404.354051680179,
    8531.17874562784,
    9060.051739249884,
    8215.131328562105,
    8879.340320491414,
    8269.266548557842,
    956.2375344063199,
    9123.388325822449,
    8949.31102381893,
    5597.113745975221,
    9328.516009808658,
    8867.919013308978,
    9253.552919676884,
    7434.237201925803,
    7501.977165864584,
    6900.852389875454,
    8351.793701862507,
    9340.700085323915,
    8955.211969057045,
    7291.4519655904705,
    5629.33949007537,
    8144.258147962237,
    8967.727429025977,
    6916.91419412023,
    9103.774599173481,
    8287.814975134334,
    7840.471545309803,
    5420.441979165796,
    9054.632303585455,
    7141.26538115221,
    9175.78121881923,
    5477.602924152736,
    4977.020957649404,
    9003.120044058376,
    8708.213142759047,
    9047.617159310576,
    9098.795545373858,
    8103.350753276741,
    7673.0828835765315,
    7032.189647000099,
    8701.608496737332,
    9305.803062876053,
    9168.307045725727,
    5770.929697276256,
    9211.5795207103,
    9469.763245289214,
    5543.904499736257,
    5959.643699320053,
    9137.112524317921
  ],
  "media_ood_dry": 3086.8298000617174,
  "media_ood_humid": 7850.33749297721,
  "acuracia_bc_final": 0.996728515625,
  "contagem_acoes": {
    "plantar": 1694,
    "esperar": 11442,
    "herbicida": 3658,
    "regar": 939,
    "colher": 517
  },
  "kpis_agricolas": {
    "produtividade": [
      560.138955871848,
      492.4354438305049,
      540.5545900632137,
      614.6017105094982,
      460.4939115906087,
      453.5069097071172,
      795.9994302477585,
      790.9993788032518,
      525.3705399465795,
      504.69934976216604,
      644.2719613055233,
      702.6624506438139,
      536.6165967307577,
      625.3447518712411,
      507.7609522190536,
      738.7426965999637,
      622.8371684488491,
      461.739972694879,
      492.1728088862931,
      806.5825303829885,
      544.6411166533105,
      368.3015488091492,
      105.12527273391154,
      688.0782278191302,
      443.25160821443825,
      216.23815714959758,
      607.1198819683888,
      488.4186031429686,
      303.51779300424994,
      505.7273022753978,
      598.0037958719479,
      616.6937813355371,
      745.556858573102,
      727.8481735048387,
      557.0998178180427,
      841.6517496046505,
      660.8822725205163,
      88.09716640183464,
      553.9425999418175,
      486.89311383985256,
      418.7744898089709,
      341.75304553411274,
      672.4805448810811,
      625.4337309633966,
      541.3947199806437,
      596.2441630608553,
      809.8815529006189,
      564.8580621468981,
      343.718054994767,
      490.48504411835324
    ],
    "qualidade_solo": [
      0.26115898217838596,
      0.37883398590752615,
      0.4333372775792744,
      0.3791501719199443,
      0.143121946619677,
      0.2083515586820877,
      0.3778800513525111,
      0.20950118808945647,
      0.3684875468255099,
      0.16619467935230514,
      0.3252835669308239,
      0.29131655748104646,
      0.29705148427187783,
      0.3056138711516411,
      0.14340905354798908,
      0.3385336648475684,
      0.25464745707305114,
      0.22313048627507925,
      0.21109471654271295,
      0.287146695454966,
      0.26101973492926095,
      0.15858487925974166,
      0.3361173688031055,
      0.2015364248474351,
      0.44174884682414706,
      0.37022223668806054,
      0.35167889858200047,
      0.38935944218718443,
      0.19468903953021005,
      0.29185574722314267,
      0.15672389229610145,
      0.3102437892178129,
      0.21319667254649866,
      0.20089757804252734,
      0.36376075149042386,
      0.2945097788395622,
      0.19955871436720246,
      0.32752162680150454,
      0.26642905692141916,
      0.21359402585721116,
      0.22590495344269945,
      0.10237466229732589,
      0.40732153722299125,
      0.14628706880754397,
      0.30761961915199765,
      0.16800802062139483,
      0.22087412489271285,
      0.35389689763739307,
      0.34189181339529645,
      0.3897559859510481
    ],
    "uso_quimicos": [
      480,
      208,
      624,
      672,
      640,
      800,
      688,
      608,
      768,
      608,
      768,
      688,
      768,
      672,
      0,
      656,
      832,
      64,
      816,
      752,
      592,
      0,
      1200,
      384,
      560,
      576,
      784,
      688,
      624,
      1040,
      576,
      768,
      608,
      736,
      768,
      704,
      608,
      448,
      720,
      1376,
      832,
      96,
      912,
      976,
      672,
      864,
      960,
      1040,
      608,
      784
    ],