{
  "recompensas_episodios": [
    5929.170747936718,
    7468.777747619015,
    7025.004841096514,
    5779.446081091304,
    7898.885560677113,
    6729.480099073444,
    7753.947324310544,
    6466.420233823438,
    7073.906005165514,
    6576.4338173548385,
    3556.476288508172,
    6317.663516527364,
    615.2615521280982,
    8802.656731054682,
    8159.46590952338,
    7606.424494867912,
    8683.320350058131,
    4735.236927985314,
    7325.898451929599,
    6010.294964297325,
    5859.920567266354,
    6371.703151875193,
    5229.48789380786,
    7870.432317390905,
    7471.877307820185,
    6143.68609210455,
    6973.997844749403,
    7118.631046468427,
    6113.305566031622,
    6470.761969258318,
    6907.505674095724,
    4502.249131994608,
    4281.395764996038,
    7615.374232741571,
    6537.32685283562,
    7255.8163604522515,
    5431.042835428974,
    7060.7031721270005,
    5272.307037778513,
    5514.656203891335,
    8233.353504338225,
    6642.141392745214,
    5242.900861307171,
    7445.320787460732,
    5750.713522858647,
    8605.274378624952,
    5505.692621409017,
    6329.828355372752,
    7263.665743203633,
    6500.562924177359
  ],
  "media_recompensa_final": 6480.7161351928125,
  "desvio_recompensa_final": 1414.5102992527493,
  "ood_dry_recompensas": [
    3431.027002904758,
    3686.2943666367933,
    3917.538064811597,
    3845.902992338688,
    4068.8517493587315,
    3650.4188096443377,
    3633.1439742476514,
    3715.9928712266264,
    3926.37933122768,
    3622.3750445258124,
    3652.192588245432,
    3615.5563516922193,
    3458.363667924317,
    3805.5587406653194,
    4049.5863132183003,
    3737.191619827584,
    992.0454660509401,
    3841.720582695265,
    3940.7166190044322,
    3592.69222653597,
    3327.835846157617,
    3581.4387122198295,
    4006.267711857758,
    3755.804594520596,
    3650.374595887327,
    3815.307631102918,
    3748.869568480519,
    3654.470730309192,
    3582.080767670759,
    3763.1739690616405,
    2602.95278401834,
    3735.7931237771754,
    3617.6068588821536,
    3956.2880325763226,
    3939.8632249503307,
    3991.8720558828,
    3864.134642049281,
    3699.0564966684833,
    3278.6671634568047,
    3789.8377793623786,
    3619.5382480088256,
    3698.4327604724094,
    3893.094119396049,
    3011.2850449624398,
    3577.5767912599117,
    2525.607142067874,
    3796.7057903666687,
    3207.669905414135,
    3926.328799706689,
    3567.793081664446
  ],
  "ood_humid_recompensas": [
    7099.798847136713,
    7353.372647113461,
    8989.688629138047,
    8424.754592396617,
    9363.668790778334,
    9211.167551852415,
    8484.82439932982,
    8685.115096909241,
    9173.729415048414,
    8745.457484038136,
    7699.151754075606,
    9202.24613063275,
    9174.861681346396,
    6922.177499048099,
    6934.683764914824,
    9507.608684140889,
    9136.029087496023,
    8166.950148842381,
    9255.983743412144,
    5504.256925008877,
    9090.48339769257,
    9119.055578075542,
    6872.342634547799,
    9252.302385170397,
    8843.393397664637,
    8288.842958306413,
    7560.73478889631,
    8664.748615137438,
    8734.841342035348,
    8840.808366110003,
    9179.560774965414,
    9153.821467658858,
    7550.51727243903,
    8184.104924651664,
    8818.505185055099,
    7107.296152984117,
    7814.380858909348,
    9093.313239648489,
    6853.4559581444955,
    8372.794553958382,
    7917.500922225976,
    4588.229565475524,
    7650.524432698723,
    8513.049525359347,
    9309.246483199593,
    8112.8330518960975,
    9175.203653426684,
    7552.7955638578405,
    5278.294527112048,
    9158.412601532182
  ],
  "media_ood_dry": 3607.3855270998824,
  "media_ood_humid": 8233.738421029891,
  "acuracia_bc_final": 0.9989803538602942,
  "contagem_acoes": {
    "plantar": 1558,
    "esperar": 11772,
    "regar": 988,
    "herbicida": 3377,
    "colher": 554,
    "fertilizar_N": 1
  },
  "kpis_agricolas": {
    "produtividade": [
      495.135263848193,
      656.2643067279146,
      612.7537159377072,
      518.8958969280255,
      711.5704241380554,
      572.3910582794292,
      695.8532190652719,
      558.751640415482,
      625.1422287770336,
      566.4456742090844,
      315.9273850857004,
      526.7714012708984,
      0.0,
      825.4749019686684,
      745.1421326511557,
      684.0159697001283,
      805.7875227248041,
      391.2879348910133,
      654.7844877155743,
      525.7570204788523,
      515.7190129064418,
      543.4658137997591,
      420.3122156838068,
      705.4679716378066,
      670.5158794668887,
      504.15437768352416,
      613.2326775965272,
      621.7793965844457,
      526.7404994749687,
      541.0866150954269,
      596.3199788162207,
      339.4986033436403,
      329.98483613975776,
      680.9098741340914,
      563.5499191609935,
      634.2472930382612,
      457.9129092121149,
      611.9395454630081,
      420.7943955701615,
      456.73681337158314,
      756.1144312991,
      615.4589971661774,
      444.6431293338616,
      658.0112080729239,
      517.809771843749,
      807.6563129848543,
      456.87724634681507,
      526.4325042826985,
      629.7330478508713,
      547.3352644223697
    ],
    "qualidade_solo": [
      0.32853252485651885,
      0.3808504576118895,
      0.3052278485377903,
      0.2747696808390977,
      0.48476046869055367,
      0.2501295359365321,
      0.2629349809817966,
      0.237327640209741,
      0.26191695276367355,
      0.2623843684161152,
      0.2913351862591754,
      0.3862345359057741,
      0.34430427203942693,
      0.2895674840007495,
      0.3712210520199139,
      0.2669605606441816,
      0.2104389273078967,
      0.12020445145996593,
      0.29944064163809797,
      0.2501085744434375,
      0.35657748330798705,
      0.29690769759415214,
      0.31365874451864284,
      0.23656231725439775,
      0.39970522563617417,
      0.38140375481119443,
      0.3367823432131404,
      0.2563127360895934,
      0.21404074275281826,
      0.3260025514502195,
      0.24834596605112294,
      0.383139289670981,
      0.3510368489636194,
      0.34582259626443457,
      0.34779030234644265,
      0.20137833025897017,
      0.38269862288885914,
      0.2375974947062745,
      0.1899244306942774,
      0.3042839720373909,
      0.2444196038205483,
      0.18994316775467873,
      0.4051801730785437,
      0.21388407849312938,
      0.27624861825284375,
      0.16399478529089306,
      0.31741458166201664,
      0.20152005626634312,
      0.3413892306959813,
      0.2582447108759679
    ],
    "uso_quimicos": [
      704,
      448,
      528,
      496,
      672,
      592,
      720,
      800,
      928,
      720,
      176,
      672,
      160,
      752,
      448,
      736,
      480,
      0,
      528,
      864,
      496,
      544,
      384,
      480,
      848,
      528,
      720,
      848,
      624,
      848,
      592,
      864,
      752,
      624,
      992,
      624,
      448,
      592,
      832,
      1248,
      592,
      80,
      768,
      816,
      688,
      688,
      752,
      544,
      272,
      1072
    ],