{
  "recompensas_episodios": [
    6743.744084461021,
    7204.6771429109685,
    6762.510160125812,
    5561.5174695772075,
    5645.9429650540715,
    3775.1514928315855,
    6718.849964338788,
    7910.797093224568,
    8180.730656829406,
    6666.405698535345,
    6360.950504222828,
    8029.055269963223,
    8306.42129100176,
    8866.256887538282,
    6105.392853467654,
    8292.575783348711,
    6818.74629901966,
    7446.158981428319,
    6600.878822076373,
    7989.807127097689,
    7970.44813604911,
    6513.449793991373,
    7192.734093938107,
    7639.600832611141,
    7539.705264124047,
    7984.630826516062,
    5174.060928173412,
    6270.677535612428,
    5724.563040358829,
    6311.38481077749,
    7244.380602226457,
    5823.710636266469,
    5481.13727081092,
    5580.387188274611,
    5564.857335489443,
    6294.584308358462,
    6214.686526348627,
    8642.894799900496,
    7809.117422013533,
    8838.258658534647,
    5672.752114109201,
    7920.319410983262,
    5821.430615262998,
    7992.228691398066,
    4329.129112229897,
    6832.487580671042,
    5668.455592173381,
    7212.212428814469,
    7484.386339583614,
    7466.003426923369
  ],
  "duracao_episodios": [
    365,
    365,
    365,
    365,
    365,
    365,
    365,
    365,
    365,
    365,
    365,
    365,
    365,
    365,
    365,
    365,
    365,
    365,
    365,
    365,
    365,
    365,
    365,
    365,
    365,
    365,
    365,
    365,
    365,
    365,
    365,
    365,
    365,
    365,
    365,
    365,
    365,
    365,
    365,
    365,
    365,
    365,
    365,
    365,
    365,
    365,
    365,
    365,
    365,
    365
  ],
  "perdas_politica": [
    1.159674072265625,
    0.8249533653259278,
    0.7779917160669962,
    0.747961684068044,
    0.7240921378135681,
    0.705038046836853,
    0.6891328493754069,
    0.6727824211120605,
    0.6568043390909831,
    0.643312950929006,
    0.637482225894928,
    0.6261238336563111,
    0.6174430886904398,
    0.6027435302734375,
    0.5919712781906128,
    0.5833022634188334,
    0.5771275997161865,
    0.5654267549514771,
    0.5587795495986938,
    0.5588541785875957,
    0.5440139214197794,
    0.5358923554420472,
    0.5235327919324239,
    0.5155163049697876,
    0.514056118329366,
    0.4992876390616099,
    0.4891959846019745,
    0.475955597559611,
    0.4644241770108541,
    0.4508109311262766,
    0.4402088602383932,
    0.4188631614049276,
    0.4121464729309082,
    0.40265673796335855,
    0.3837009906768799,
    0.3730927467346191,
    0.36093544363975527,
    0.3511518875757853,
    0.33613519271214803,
    0.32294819156328836,
    0.31280754605929056,
    0.3049320578575134,
    0.29440584580103557,
    0.2883000373840332,
    0.2826931238174438,
    0.268668602903684,
    0.2598596394062042,
    0.24953790108362833,
    0.24595772624015808,
    0.2375384231408437,
    0.22769856850306194,
    0.21908464630444843,
    0.21712309221426646,
    0.20986178914705914,
    0.2000593254963557,
    0.1949850797653198,
    0.19428809384504955,
    0.1842346062262853,
    0.17956796685854595,
    0.17409191230932872,
    0.16940546830495198,
    0.1632260580857595,
    0.15859572887420653,
    0.15584290822347005,
    0.14608936309814452,
    0.14244557519753773,
    0.13504907339811326,
    0.13204454630613327,
    0.12704348415136338,
    0.12731070518493653,
    0.11764244188865026,
    0.11613031327724457,
    0.1127597654859225,
    0.11142996847629547,
    0.10902483959992727,
    0.10572792539993922,
    0.1029610628883044,
    0.09883819967508316,
    0.09597907414038977,
    0.09478099743525187,
    0.09095203578472137,
    0.08909236739079157,
    0.0877219170331955,
    0.0853180060784022,
    0.08365627725919088,
    0.08268811206022898,
    0.0822550818324089,
    0.0788615251580874,
    0.07889028588930766,
    0.07850671311219533,
    0.07621887748440107,
    0.07529036750396093,
    0.07358594636122386,
    0.07388388613859813,
    0.07406212985515595,
    0.07218118607997895,
    0.07395067512989044,
    0.07263238355517387,
    0.07293716271718344,
    0.07172702277700106
  ],
  "perdas_valor": [],
  "perdas_entropia": [],
  "acuracoes_bc": [
    0.5162923177083333,
    0.5588053385416667,
    0.5925130208333333,
    0.6048502604166667,
    0.6102864583333333,
    0.6276529947916667,
    0.6367024739583333,
    0.649365234375,
    0.6599283854166667,
    0.6693033854166667,
    0.6735026041666666,
    0.6796712239583333,
    0.684423828125,
    0.6959798177083333,
    0.7001302083333333,
    0.7013997395833333,
    0.7026692708333333,
    0.7135091145833333,
    0.7154947916666666,
    0.70859375,
    0.7255208333333333,
    0.728173828125,
    0.7349283854166667,
    0.739501953125,
    0.7380208333333333,
    0.7511067708333333,
    0.757421875,
    0.7685709635416667,
    0.7722005208333333,
    0.7810221354166667,
    0.7865885416666667,
    0.801318359375,
    0.8038411458333333,
    0.8091959635416667,
    0.8187662760416666,
    0.8247721354166667,
    0.8308919270833334,
    0.8386555989583333,
    0.8466796875,
    0.8519694010416666,
    0.8572428385416667,
    0.8639322916666666,
    0.86767578125,
    0.8707194010416667,
    0.8750813802083334,
    0.879833984375,
    0.8841634114583333,
    0.8889811197916667,
    0.8917805989583333,
    0.8962239583333333,
    0.90048828125,
    0.90498046875,
    0.9071614583333333,
    0.9103190104166666,
    0.9142415364583333,
    0.9163248697916667,
    0.9168294270833334,
    0.921630859375,
    0.925244140625,
    0.9274251302083333,
    0.9297688802083334,
    0.93212890625,
    0.93466796875,
    0.9361328125,
    0.9403157552083333,
    0.9422037760416667,
    0.945751953125,
    0.9471028645833334,
    0.9491373697916666,
    0.9493001302083334,
    0.95361328125,
    0.9539713541666667,
    0.9552408854166666,
    0.95556640625,
    0.956689453125,
    0.9585774739583334,
    0.9596354166666666,
    0.9616536458333333,
    0.9623046875,
    0.9631022135416667,
    0.965234375,
    0.966455078125,
    0.9667643229166667,
    0.9684407552083333,
    0.968994140625,
    0.9691569010416666,
    0.9695149739583333,
    0.9710123697916667,
    0.9705729166666667,
    0.9709147135416667,
    0.9722819010416667,
    0.9722493489583334,
    0.9735026041666667,
    0.9734049479166667,
    0.972998046875,
    0.97431640625,
    0.9728515625,
    0.9736002604166667,
    0.9725748697916666,
    0.973974609375
  ],
  "contagem_acoes": {
    "plantar": 1748,
    "esperar": 11107,
    "regar": 948,
    "herbicida": 3842,
    "colher": 605
  },
  "kpis_agricolas": {
    "produtividade": [
      594.0241255829881,
      630.1940481411128,
      578.0438627209743,
      475.7544016482278,
      453.7373286429742,
      317.0331335152461,
      618.1126659067917,
      730.203466769234,
      759.8992721555893,
      588.4882443201022,
      532.1017244715879,
      730.3139118704187,
      765.9429389442594,
      829.5114533616423,
      520.109549532459,
      771.3816246096411,
      598.951241299703,
      689.8510347642689,
      557.1200811383899,
      732.7136664454977,
      725.5492200700085,
      557.7919534637979,
      635.416164256305,
      679.5318555477867,
      670.2231908807568,
      725.7444556918241,
      435.68227826838444,
      533.8574963942312,
      451.5325348177963,
      569.4628470836855,
      649.9730011981396,
      493.8169046551314,
      468.06973638876514,
      450.1988732196318,
      463.7607540732878,
      528.243771478548,
      529.6411697848952,
      805.533187755132,
      705.4203752795847,
      827.6402807720509,
      462.52986602064914,
      721.7076673772466,
      461.0876249542798,
      732.3500527715648,
      349.9580308888772,
      596.5673306452888,
      492.8616252532064,
      647.8837098811076,
      674.3101750776964,
      659.0523894013778
    ],