{
  "recompensas_episodios": [
    7116.570764842083,
    7129.1053860500915,
    6379.365006228367,
    7457.541287457714,
    4281.323104581674,
    3758.393101580564,
    5757.128926741905,
    7051.717700386666,
    6260.676663884039,
    7356.656579153162,
    6137.28116738724,
    6784.459898383859,
    4849.295244831068,
    6650.91075399142,
    6328.490709663767,
    6649.408417499919,
    7260.463891422718,
    6416.228837038836,
    7318.625575099006,
    6301.55757946657,
    6024.878129036317,
    5416.926674428252,
    3634.0813316160175,
    6991.832016588274,
    5428.947558855323,
    7949.593245723365,
    5762.618237321065,
    7424.677565324183,
    6409.1107559681,
    6259.912021170661,
    6371.712284252662,
    5116.267157036496,
    5948.9349241177,
    7126.95127351948,
    7486.293458336841,
    4400.6212896195675,
    5204.07570798764,
    7217.4269853319265,
    5605.381076829892,
    5057.025785425903,
    5797.446688284739,
    5592.77607432162,
    8487.548838342507,
    7845.442284277924,
    2944.8759304508767,
    7860.607242737851,
    7320.345378161868,
    5331.47808200321,
    7259.836927210854,
    6926.009384398461
  ],
  "media_recompensa_final": 6268.9766980874065,
  "desvio_recompensa_final": 1178.5450086206545,
  "ood_dry_recompensas": [
    3874.836059523045,
    3768.43287591858,
    3860.7778575060065,
    3594.73208831803,
    1949.8445745437084,
    3633.05303873666,
    3915.693724308323,
    4099.976811049626,
    2737.899893031074,
    3758.517469753606,
    3623.3536573238334,
    3674.9867133238395,
    4162.302391665929,
    3656.4674082887873,
    2932.2262741150926,
    3913.0696082198483,
    354.5488685235595,
    3016.503292547856,
    3875.712062278483,
    3695.0486309191183,
    3987.105749363378,
    3554.649281932604,
    3980.909385158582,
    1238.5949743137523,
    4043.4721889116713,
    2940.997246214588,
    3114.1975373241617,
    4021.465565767099,
    3894.6501189062396,
    4032.8529324134324,
    3843.2365047742987,
    2326.5931837850776,
    2804.800045972145,
    3259.3116427661716,
    3186.95015891588,
    3668.110455573319,
    3874.011732699173,
    3970.306124069199,
    3726.723676796393,
    3359.4292156531847,
    3644.746244238311,
    2718.0140885395203,
    3900.7866606014363,
    3935.3122528936083,
    3693.114717225234,
    3667.493080512364,
    3932.8931424306666,
    3713.92363426456,
    2871.253861077682,
    3122.216865464873
  ],
  "ood_humid_recompensas": [
    6933.818869445908,
    5754.506983870089,
    2694.2852361735113,
    7653.983629819295,
    8113.934444828568,
    8723.666043024637,
    6563.987323771305,
    7852.9434321594945,
    9097.90436684171,
    4996.823567210179,
    8686.618044904886,
    6610.680824176336,
    5683.924802096937,
    3875.803242983201,
    2260.837430671632,
    7857.930267904594,
    5758.980798145114,
    7203.233671264103,
    7462.118704851366,
    8857.575190716407,
    5673.836759717558,
    5396.586577852757,
    4356.423268647892,
    7738.491828492385,
    8723.720898785425,
    8259.028484196178,
    4743.382513042762,
    70.6366148046745,
    6323.3962680187,
    5611.8552512742335,
    7261.977176500777,
    7739.231625682143,
    5031.5745807588055,
    6466.624947482353,
    8946.11208497098,
    7734.7321964685925,
    4713.4056451949145,
    8676.410376521844,
    9152.141045157085,
    3229.833123046344,
    5085.91730054796,
    8388.669182745798,
    4465.189118705559,
    8807.19129256331,
    7599.847354942034,
    6686.282699124662,
    7269.537261058134,
    5713.953368126665,
    9371.37316018831,
    8977.077276162501
  ],
  "media_ood_dry": 3442.5221113690727,
  "media_ood_humid": 6617.159923112813,
  "acuracia_bc_final": 0.9942985983455882,
  "contagem_acoes": {
    "plantar": 1558,
    "esperar": 12002,
    "regar": 1005,
    "herbicida": 3087,
    "colher": 536,
    "fertilizar_N": 62
  },
  "kpis_agricolas": {
    "produtividade": [
      612.595246602762,
      639.3908774977147,
      541.3153550793563,
      674.0088602628267,
      313.09217298235245,
      326.23669342727146,
      500.4276710176847,
      605.9153231286095,
      549.479319217374,
      658.839395847923,
      515.4178612332692,
      584.2076348048876,
      348.91431465312724,
      592.9292042965785,
      590.2489854624151,
      590.9419151539636,
      630.4194038387676,
      550.015232850834,
      654.0567020919898,
      525.2866467067004,
      541.1819262648393,
      496.9520196688717,
      273.58120627625755,
      603.8380547921753,
      454.41355655142087,
      723.0930494792018,
      490.4445868959428,
      686.6191115869158,
      545.5133046064967,
      517.8574105620821,
      549.3029007017178,
      464.1949924606037,
      489.47155280431525,
      621.3000927080775,
      662.9978596879754,
      382.0310724262365,
      462.1990764494866,
      629.6084300087454,
      427.2786380134306,
      434.2953773621279,
      517.7524839949006,
      474.3360409463196,
      780.487357858561,
      709.8856480862958,
      269.2851305278951,
      709.8284365933902,
      653.118020717364,
      489.6694135040317,
      637.9829680010741,
      597.9824565612779
    ],
    "qualidade_solo": [
      0.3244785040661775,
      0.41252946643849886,
      0.3809595461840065,
      0.2920852035742908,
      0.45465443732108574,
      0.2562767750232716,
      0.27598804339706984,
      0.24762426283472924,
      0.2822932607252041,
      0.23166886120399838,
      0.3403342983216515,
      0.2902306688272421,
      0.3118731648822617,
      0.22941837596179085,
      0.3316061019683845,
      0.19929793231670478,
      0.2563009618155755,
      0.3188111457526688,
      0.2856426295650166,
      0.29020167489569276,
      0.20393860627589305,
      0.14083063589360034,
      0.3167264483189862,
      0.20391840386046467,
      0.33215601293087643,
      0.3090664358460329,
      0.32831334776871623,
      0.25429195820792916,
      0.21574461781794674,
      0.3228288940103259,
      0.29501524583104666,
      0.3556556717044567,
      0.24602891718095213,
      0.34587142098798906,
      0.3062964363165619,
      0.21963405719074863,
      0.153309367565585,
      0.28301507175889856,
      0.2060830169380233,
      0.2865521310213788,
      0.360459902734791,
      0.26775690242142147,
      0.4491545691888492,
      0.2606782342185877,
      0.08599565430548022,
      0.23497272520571633,
      0.3004599127117069,
      0.25185707159826753,
      0.24115669730769773,
      0.2597483818777022
    ],
    "uso_quimicos": [
      400,
      688,
      608,
      560,
      848,
      0,
      736,
      688,
      768,
      640,
      640,
      704,
      592,
      768,
      320,
      528,
      576,
      608,
      672,
      480,
      432,
      144,
      768,
      800,
      96,
      592,
      576,
      512,
      1120,
      576,
      576,
      192,
      976,
      560,
      416,
      368,
      48,
      816,
      480,
      592,
      512,
      432,
      688,
      608,
      304,
      640,
      784,
      240,
      976,
      512
    ],