{
  "recompensas_episodios": [
    6493.045619776943,
    7446.837967622491,
    5706.773774204386,
    6288.815006346035,
    4538.865657970833,
    7463.701865882727,
    8628.270638159858,
    5371.979693965648,
    6691.055998927695,
    7832.731191005307,
    5199.259592643649,
    6270.748631037939,
    5660.332891652071,
    4321.506971941439,
    5760.210548406165,
    6839.5285791986635,
    7779.011749665875,
    6307.745626865506,
    7669.722125198556,
    6200.636925479293,
    6484.336380724696,
    5376.652214947732,
    7286.9385650031945,
    8671.403067675246,
    6191.285711598861,
    7792.817425391633,
    2598.096232737604,
    5534.382051679826,
    8617.979047479294,
    6762.294806434455,
    5995.637054005581,
    7607.491408795264,
    5793.038085488161,
    7550.126244790687,
    8593.58062138857,
    7401.530126226411,
    6758.996446295111,
    5653.80017150739,
    6824.554948440464,
    7929.754886911924,
    4489.457137300316,
    7778.539260045118,
    6009.662927199447,
    6748.6187923288435,
    8362.444087929043,
    7255.632779585165,
    6700.063851719691,
    5863.213464471117,
    6137.648094270471,
    5963.902416139896
  ],
  "media_recompensa_final": 6584.093187289246,
  "desvio_recompensa_final": 1230.9742895509594,
  "ood_dry_recompensas": [
    3274.974148531787,
    3698.5944083960867,
    4129.296176357001,
    4172.233550235608,
    4213.933455524277,
    3814.049210783046,
    3754.1550449711704,
    3920.409983723165,
    3729.9638273507094,
    3601.588461214784,
    3576.329749540534,
    3845.4142292460706,
    3610.1134824603614,
    3788.546406811285,
    3620.780246004222,
    3299.727687868235,
    3970.8510652994464,
    3749.2472203974885,
    3841.560127142252,
    3683.285451939245,
    3623.37844855177,
    3967.3578656410054,
    3541.840867559603,
    2098.968515089623,
    967.3887838727703,
    3699.3359586154907,
    3680.5366712561186,
    3662.2422151242117,
    3952.631074535888,
    3985.728969456979,
    3640.6602835789845,
    3657.1833695599476,
    3538.4025610709914,
    3825.86494170646,
    3840.419986315129,
    3995.9450194484116,
    3617.00500594835,
    3676.6618935654806,
    4144.722639955595,
    3781.012265174291,
    3938.5022609251946,
    3639.353481852282,
    3415.8945138180648,
    3757.1171494402524,
    4060.088595878679,
    3824.9625632348734,
    3955.440433991869,
    3942.3275297665114,
    3996.0758841246998,
    2049.0116670712687
  ],
  "ood_humid_recompensas": [
    8908.684442381375,
    7648.578563762107,
    8087.297263056531,
    8135.71938021449,
    9078.651687181653,
    8568.327355156034,
    8672.869291259487,
    7055.387796597073,
    9035.033378536285,
    6912.317208354085,
    8521.208377641346,
    8982.71378923234,
    4533.43094564455,
    5076.256638187848,
    8978.35078877435,
    8879.820766849929,
    8844.136132535683,
    9014.906605662241,
    8369.27273660728,
    8357.83658148857,
    6495.122721342825,
    4725.107236015117,
    8663.599412917141,
    9098.896270562916,
    7012.526075566673,
    9023.258857179804,
    7344.265837553736,
    9077.435888120941,
    2776.7709322968276,
    7124.89084855359,
    8803.148575693838,
    8571.956813304761,
    8866.234507809238,
    8207.442715373942,
    7950.13787052259,
    6470.2109406131085,
    8604.334225852715,
    8927.598036170417,
    9001.021655856952,
    8663.233166081896,
    7697.363007468866,
    5772.816743339627,
    9212.277723471441,
    8778.860698271952,
    9339.99762422488,
    8527.428784936707,
    9245.562481464272,
    8006.5519487218135,
    8197.571470386756,
    9219.597361686716
  ],
  "media_ood_dry": 3655.422306998551,
  "media_ood_humid": 8021.320403209706,
  "acuracia_bc_final": 0.9989516314338235,
  "contagem_acoes": {
    "plantar": 1562,
    "esperar": 11394,
    "regar": 1078,
    "herbicida": 3685,
    "colher": 520,
    "fertilizar_N": 11
  },
  "kpis_agricolas": {
    "produtividade": [
      560.6827792963039,
      663.4163151868896,
      470.6632083518855,
      524.720538184,
      397.83146712164336,
      661.1424530927459,
      803.9368081982444,
      480.5484765136957,
      568.2549137663457,
      720.6264028993377,
      461.0045266349961,
      542.262181415635,
      502.1430543559808,
      393.36347005357175,
      503.7533473730548,
      580.5344102145489,
      702.1442010371347,
      542.7554055900655,
      693.8366859620919,
      525.4052737440834,
      551.9067593711351,
      445.8355663612234,
      650.0811918026191,
      809.8688759809081,
      538.2320127814588,
      706.316990021219,
      191.06798034430255,
      484.0938528929747,
      805.9349760098595,
      574.2934117320978,
      507.414684371122,
      681.5089122755743,
      498.12394059594055,
      676.2033245361091,
      801.7375564649232,
      654.0179852789788,
      573.2458409816862,
      499.5426633666318,
      587.2757576549266,
      721.286110540815,
      360.9776622468082,
      702.5878477596003,
      536.086608372605,
      577.6875991188072,
      773.124242606676,
      648.3611328211894,
      562.1791959138749,
      481.3842817550114,
      537.566252655404,
      500.1856294048926
    ],
    "qualidade_solo": [
      0.3993063245952214,
      0.4125294664384973,
      0.3258740622399039,
      0.3534936190941345,
      0.3229238245625076,
      0.22294917568533518,
      0.24767571510552705,
      0.3970765848160324,
      0.18245331287108435,
      0.26510490646960977,
      0.35951851324313183,
      0.4212161675871333,
      0.1619730995424808,
      0.17757193901855123,
      0.41720762245694476,
      0.28106752125202017,
      0.265443037848133,
      0.32375585057114176,
      0.30266046755074316,
      0.3044458557419156,
      0.18058605467060534,
      0.4074630475807519,
      0.24713701116301656,
      0.16347792618412327,
      0.45177368935746964,
      0.322538607871051,
      0.23642972124237854,
      0.17678275374854768,
      0.148663216308292,
      0.2377699688204858,
      0.16325090246139784,
      0.38313917183457546,
      0.3854421043722731,
      0.3431243524964339,
      0.21140321707216636,
      0.2539457616749709,
      0.2606544611540751,
      0.2602760316106044,
      0.22354609208042306,
      0.19761825241138725,
      0.2836895426434959,
      0.22358484435679013,
      0.40928171893134424,
      0.30377142853925987,
      0.1855055390749915,
      0.1455832822293654,
      0.20342516224787854,
      0.18773653214118352,
      0.35839760764714507,
      0.3462043664765243
    ],
    "uso_quimicos": [
      640,
      928,
      624,
      576,
      464,
      688,
      656,
      816,
      896,
      944,
      608,
      768,
      16,
      16,
      912,
      416,
      816,
      688,
      912,
      624,
      576,
      608,
      688,
      704,
      688,
      976,
      288,
      80,
      752,
      848,
      640,
      848,
      864,
      1168,
      592,
      704,
      800,
      800,
      704,
      1056,
      432,
      736,
      880,
      592,
      416,
      768,
      784,
      752,
      848,
      592
    ],