{
  "recompensas_episodios": [
    4235.644144777918,
    7046.744427591597,
    6107.169581945581,
    6668.363616766454,
    4223.681930969991,
    557.0013259225651,
    7613.215057995228,
    6160.403491905389,
    5995.313974546334,
    8466.346783735313,
    4169.347480103714,
    4639.502461223871,
    899.6980162822194,
    3088.5660100945784,
    8416.300787248134,
    7623.845528208705,
    5348.3713400054485,
    6592.8432661842235,
    4600.088210225893,
    2048.590599214056,
    985.3406592780733,
    6660.66758212644,
    4045.676821111553,
    8429.120648256734,
    5382.653562451709,
    7143.861563791323,
    4928.193206725138,
    4472.480426181424,
    4790.2623828139895,
    6466.794544892653,
    5545.217640645789,
    7580.89542047645,
    3939.0505791763526,
    5756.074441438423,
    2208.9696481241554,
    7788.350310275258,
    3204.9093354562456,
    7421.876219515818,
    4256.833821110027,
    5525.09504674545,
    4116.711710041521,
    5686.161150826137,
    6720.5749904208205,
    7023.303744139608,
    6606.722195268385,
    4311.559703699279,
    5200.609336780306,
    7307.6615427293555,
    3963.922433401449,
    7173.062805737789
  ],
  "media_recompensa_final": 5382.873030171698,
  "desvio_recompensa_final": 1948.1937847306199,
  "ood_dry_recompensas": [
    3555.473764814654,
    3670.3082821884145,
    3793.8909677909132,
    3625.4068366751176,
    3885.5015106923893,
    3652.806996401658,
    3619.256362400748,
    3658.740625666914,
    3338.9083109238486,
    1890.9046743102217,
    3759.494372816901,
    3888.6052875842697,
    1739.4931170144419,
    3762.7077206423937,
    3782.696288833893,
    3032.2714712380375,
    3755.420564188461,
    3869.303965510502,
    3777.1167994721454,
    2894.1536079985904,
    3758.6757475392906,
    3142.394727753187,
    3367.227208358573,
    636.4867384995279,
    3853.8467792297815,
    517.8867874126738,
    854.2603983847437,
    4071.3774804318655,
    3696.6397554428504,
    2017.5365175281927,
    4134.980902319316,
    4163.624464936984,
    3801.3092929279283,
    2053.0435905770237,
    3464.4370541375465,
    3644.4989632713305,
    3741.759815309328,
    3766.177267285071,
    3649.5292578714457,
    3611.4631735155117,
    3651.8728824721375,
    3722.053655367019,
    310.16840153424533,
    3835.217776707484,
    3626.850277048974,
    3636.600894200057,
    4051.9353879121954,
    3663.835399606207,
    3836.752938048985,
    3802.127090594103
  ],
  "ood_humid_recompensas": [
    705.4705362251358,
    7136.101590346279,
    265.2172401821337,
    7033.34488018733,
    7696.173394982494,
    1375.48585993183,
    571.3608380402142,
    5818.444581129514,
    8392.073131845778,
    3667.059476616072,
    8401.293585463342,
    7283.9668828867925,
    7628.186903692447,
    3881.8285631911303,
    5529.778737408703,
    7136.276243789987,
    4199.146342639474,
    1360.262556245203,
    2289.093774867589,
    4384.1994858802445,
    3741.9375170589965,
    6040.034423697838,
    5622.374421701506,
    1184.1380224137865,
    4555.253938526912,
    1117.8310102952328,
    4810.505303376021,
    3294.403363616031,
    3002.2967595863433,
    5014.554738882431,
    1605.0809588928498,
    3597.299476593159,
    3290.185026809957,
    526.4677273773094,
    6327.390899169105,
    2369.6582715008826,
    2031.2536999424424,
    6388.01724082547,
    5221.467157778175,
    2562.1893453156995,
    5929.411446502305,
    3592.726596974162,
    6635.394473133407,
    4291.740712655015,
    7650.023431047099,
    1822.463427449964,
    6898.258455326177,
    1490.1403697078017,
    5232.572852040091,
    3030.417533807423
  ],
  "media_ood_dry": 3300.7406430677615,
  "media_ood_humid": 4272.6050641511065,
  "acuracia_bc_final": 0.8313706341911765,
  "contagem_acoes": {
    "plantar": 1483,
    "esperar": 12210,
    "regar": 776,
    "herbicida": 3314,
    "colher": 465,
    "fertilizar_N": 2
  },
  "kpis_agricolas": {
    "produtividade": [
      374.95326314351354,
      618.5179779602562,
      536.5058351541712,
      615.7674436692921,
      331.090075259479,
      0.0,
      678.2953337889558,
      553.4976667780821,
      551.8014908896026,
      781.2562191471134,
      369.2625787079245,
      376.57196550079647,
      68.50237763530954,
      175.1643125019564,
      800.7159440331915,
      697.2180350517865,
      440.98257466038575,
      543.4310949706393,
      363.49932054758574,
      155.1748446117108,
      49.2890103897672,
      579.0454076688361,
      310.7544893931564,
      789.8486958328828,
      469.8746254816655,
      624.8867443774421,
      401.1206730760798,
      341.46462229594755,
      365.7285713533764,
      540.2301958734471,
      447.1389187003002,
      672.1528221874275,
      298.56311815055636,
      478.3171974225989,
      101.23538224270612,
      701.8592298220282,
      285.7550813276403,
      662.6791391497022,
      377.7355945940916,
      447.1138713740403,
      357.40907158794676,
      457.645785423598,
      565.0272845011509,
      599.354800882478,
      567.5224881132813,
      385.44988960886684,
      463.01527910561214,
      631.6124981888381,
      341.35701977633266,
      652.0815840202082
    ],
    "qualidade_solo": [
      0.2077524509151984,
      0.36224998939124864,
      0.34456955050197036,
      0.1809080302664081,
      0.44547866498248523,
      0.2672902997736608,
      0.2874421503813269,
      0.3254894168436298,
      0.30410477448773326,
      0.25690936456358765,
      0.2743700067314147,
      0.3969215354906067,
      0.2723966409845193,
      0.2752191581387724,
      0.31686852330879073,
      0.23891423458648547,
      0.2807688295615023,
      0.28390281776665804,
      0.3483805770677948,
      0.21702709840165751,
      0.28971386468375837,
      0.32910209916863103,
      0.3837451232319147,
      0.19638485607714806,
      0.4058570708800577,
      0.3412675312625885,
      0.3702265926956262,
      0.3485539657025575,
      0.21227855348547475,
      0.3357919294112983,
      0.27421217978572937,
      0.38138353997620633,
      0.2771919764342847,
      0.41096003768894157,
      0.3686851225051181,
      0.18533353812104067,
      0.1596685594651464,
      0.3367837492280983,
      0.13494054280608797,
      0.22322712528139887,
      0.12722887703822222,
      0.2653908741193228,
      0.40732153722299125,
      0.2913962090356761,
      0.30404468418680813,
      0.0939270688288853,
      0.14660286556502103,
      0.2015200565658267,
      0.4324794665976723,
      0.3182799543187106
    ],
    "uso_quimicos": [
      128,
      640,
      512,
      112,
      1264,
      80,
      864,
      16,
      608,
      304,
      64,
      720,
      736,
      592,
      1008,
      480,
      912,
      224,
      624,
      0,
      240,
      560,
      896,
      880,
      688,
      576,
      848,
      688,
      352,
      416,
      848,
      528,
      1632,
      176,
      496,
      736,
      880,
      688,
      0,
      1520,
      0,
      784,
      544,
      656,
      608,
      16,
      672,
      288,
      880,
      1376
    ],