{
  "recompensas_episodios": [
    7736.24209163808,
    7603.078134120231,
    8051.562148979197,
    6757.388194222973,
    4855.458058217222,
    6201.256021109944,
    7041.743491283241,
    8506.58128954956,
    5975.256183738107,
    6335.53204637125,
    5228.536163871697,
    4869.65160928098,
    2126.7512893514017,
    5624.159466807822,
    7196.564079295153,
    8643.74022016707,
    6793.806518589017,
    6358.703233052605,
    6347.754183001346,
    5639.33196190147,
    5984.473608564054,
    5420.925963555812,
    8558.491852514871,
    4564.469345228786,
    5695.945633818372,
    4341.7267217623685,
    5721.40392621848,
    6583.3287662701805,
    7004.288768293369,
    7992.920818167722,
    7374.001526416376,
    5657.925215246751,
    2054.5570278256023,
    6066.601392794326,
    3660.0722152182043,
    3293.475606292406,
    5538.184502722561,
    7162.323487283888,
    6876.418236452716,
    5593.583725664143,
    1412.1089582793616,
    6254.847908690621,
    5397.527713920286,
    7776.744201922403,
    5764.707535089059,
    7324.356315245805,
    6131.736484517629,
    7317.068350698901,
    5264.393940076972,
    7206.6850708699
  ],
  "duracao_episodios": [
    365,
    365,
    365,
    365,
    365,
    365,
    365,
    365,
    365,
    365,
    365,
    365,
    365,
    365,
    365,
    365,
    365,
    365,
    365,
    365,
    365,
    365,
    365,
    365,
    365,
    365,
    365,
    365,
    365,
    365,
    365,
    365,
    365,
    365,
    365,
    365,
    365,
    365,
    365,
    365,
    365,
    365,
    365,
    365,
    365,
    365,
    365,
    365,
    365,
    365
  ],
  "perdas_politica": [
    1.097133978324778,
    0.8110782100873835,
    0.7626857722506803,
    0.7312222088084501,
    0.7107174080960891,
    0.6943071326788735,
    0.678460031747818,
    0.6689184237928951,
    0.6483532137730542,
    0.6355575200389413,
    0.6191206258886001,
    0.6057507693767548,
    0.5954935375381919,
    0.5833967170294594,
    0.573187423102996,
    0.5612318463185254,
    0.5522932129747727,
    0.542383108068915,
    0.5263852433246725,
    0.5153377126244938,
    0.5046833499389536,
    0.4893343378515804,
    0.47696808769422416,
    0.4641654289820615,
    0.45092857234618244,
    0.43813247978687286,
    0.4256821607842165,
    0.41303133000345793,
    0.39804699578705954,
    0.38648036911207084,
    0.37374639949377847,
    0.3596024311640683,
    0.34877294126678915,
    0.3390803161789389,
    0.3298620415084502,
    0.32353899145827575,
    0.30995699675644145,
    0.3001538585214054,
    0.29421642203541365,
    0.28464065623634,
    0.27378548725562935,
    0.2640564476742464,
    0.2616937782834558,
    0.24822939011980505,
    0.2487333241631003,
    0.23973575760336482,
    0.23122980664758122,
    0.22297168523073196,
    0.2160806103664286,
    0.2108821557725177,
    0.2007381639936391,
    0.19749964203904657,
    0.1910835110089358,
    0.18825659462634256,
    0.18221709351329243,
    0.1775418425745824,
    0.17123378550305085,
    0.16537213194019654,
    0.16041917616830154,
    0.1550029115203549,
    0.15271226316690445,
    0.14751346080618746,
    0.14293738498407252,
    0.1395203940132085,
    0.13592919860692584,
    0.13316214172279134,
    0.12724140834282427,
    0.12489230361054926,
    0.12224921145859886,
    0.119889825801639,
    0.11691857129335403,
    0.11646058213184862,
    0.11135094196480863,
    0.1082347596392912,
    0.10630237070076606,
    0.10440911944298183,
    0.10070807837388095,
    0.09951893021078671,
    0.09754142274751383,
    0.09609164363321136,
    0.09304715583429617,
    0.09339009663637947,
    0.09152893349528313,
    0.08956004766856923,
    0.08932076591779203,
    0.08737932452384163,
    0.0873499024001991,
    0.08593153339975021,
    0.08391731845981934,
    0.08366760129437727,
    0.08243226500995018,
    0.08300396219334182,
    0.08190903681166031,
    0.08202533489641022,
    0.08178711299072294,
    0.08088596877368058,
    0.08007257431745529,
    0.08087321874849937,
    0.08069183370646309,
    0.08039424864246565
  ],
  "perdas_valor": [],
  "perdas_entropia": [],
  "acuracoes_bc": [
    0.5466595818014706,
    0.5807531020220589,
    0.5995519301470589,
    0.6133530560661765,
    0.6277429917279411,
    0.6373506433823529,
    0.6490119485294118,
    0.656982421875,
    0.6708266314338235,
    0.67724609375,
    0.6893813189338235,
    0.6974666819852942,
    0.7040728400735294,
    0.7088407628676471,
    0.7144703584558824,
    0.7191664751838235,
    0.7264188878676471,
    0.7301240808823529,
    0.7412971047794118,
    0.7460075827205882,
    0.7519244025735294,
    0.7601246553308824,
    0.7681525735294118,
    0.7754911534926471,
    0.7809771369485294,
    0.7873247931985294,
    0.7951516544117647,
    0.8022604549632353,
    0.8096564797794118,
    0.8151281020220589,
    0.8236586626838235,
    0.8314998851102942,
    0.8353343290441176,
    0.8423282398897058,
    0.8452579273897058,
    0.8489487591911765,
    0.8571920955882353,
    0.8624482996323529,
    0.8654497931985294,
    0.8686667049632353,
    0.8757467830882353,
    0.881591796875,
    0.8812040441176471,
    0.8872501148897058,
    0.8872644761029411,
    0.8932531020220589,
    0.8963838465073529,
    0.9018698299632353,
    0.9054170496323529,
    0.9074132582720589,
    0.9120375689338235,
    0.9144646139705882,
    0.9175379136029411,
    0.91845703125,
    0.9222340303308824,
    0.924072265625,
    0.9272173713235294,
    0.9286534926470589,
    0.9323443244485294,
    0.9340389476102942,
    0.9356186810661765,
    0.9380600873161765,
    0.9394244025735294,
    0.9417796415441176,
    0.9436465992647058,
    0.9454417509191176,
    0.9478257123161765,
    0.9476533777573529,
    0.9486299402573529,
    0.9502814797794118,
    0.9513872931985294,
    0.9524213005514706,
    0.9543887867647058,
    0.9558967141544118,
    0.9559685202205882,
    0.9570886948529411,
    0.9585678998161765,
    0.9595444623161765,
    0.9600901884191176,
    0.9609518612132353,
    0.9621151194852942,
    0.9628331801470589,
    0.9632209329044118,
    0.9642549402573529,
    0.9648006663602942,
    0.9656910615808824,
    0.9659208409926471,
    0.9654900045955882,
    0.9666245404411765,
    0.9669117647058824,
    0.9666819852941176,
    0.9665814568014706,
    0.9677447150735294,
    0.9682042738970589,
    0.9674574908088235,
    0.9674287683823529,
    0.9686925551470589,
    0.9681899126838235,
    0.9686494715073529,
    0.9681037454044118
  ],
  "contagem_acoes": {
    "plantar": 1580,
    "esperar": 11939,
    "regar": 974,
    "herbicida": 3252,
    "colher": 502,
    "fertilizar_N": 3
  },