{
  "recompensas_episodios": [
    8728.53609956921,
    8960.335063658944,
    7985.15013527107,
    3727.0263377243064,
    8068.146106514685,
    7005.1634811623735,
    8643.386893823874,
    8729.033803691602,
    5947.068537397639,
    8694.661555262323,
    8629.203251964904,
    7990.756824309452,
    6597.86072177913,
    8815.280186402095,
    8683.500935175882,
    7098.869222944175,
    8637.09558387513,
    8590.069477744619,
    8432.262564241475,
    7114.704549884683,
    8642.003925024352,
    8545.7783055968,
    6551.679347230025,
    8861.861880164644,
    7935.324690423806,
    8559.762683363208,
    8732.177022106542,
    8628.946919866632,
    8670.20102325319,
    8633.03997615813,
    7587.488502048547,
    6748.805866155515,
    8453.377032643617,
    8773.828992804594,
    6478.904758061637,
    8000.487700763786,
    8695.003504153552,
    7639.876358930169,
    8663.26255022089,
    3831.74235213984,
    8699.656364873194,
    8393.511135314535,
    8714.810259271693,
    8575.221319948942,
    8527.362251478315,
    8677.449413386732,
    7965.232483598107,
    8674.25618835753,
    8649.245778448794,
    8674.654227353078
  ],
  "duracao_episodios": [
    365,
    365,
    365,
    365,
    365,
    365,
    365,
    365,
    365,
    365,
    365,
    365,
    365,
    365,
    365,
    365,
    365,
    365,
    365,
    365,
    365,
    365,
    365,
    365,
    365,
    365,
    365,
    365,
    365,
    365,
    365,
    365,
    365,
    365,
    365,
    365,
    365,
    365,
    365,
    365,
    365,
    365,
    365,
    365,
    365,
    365,
    365,
    365,
    365,
    365
  ],
  "perdas_politica": [
    0.3609587894903647,
    0.1720343407530051,
    0.1331007137708366,
    0.10511502843527566,
    0.09193743067708883,
    0.08074133753290642,
    0.0718939325514626
  ],
  "perdas_valor": [],
  "perdas_entropia": [],
  "acuracoes_bc": [
    0.8603159311655405,
    0.9292856069711538,
    0.947362060546875,
    0.9591936383928571,
    0.9650557084517045,
    0.97041015625,
    0.9739912317154256
  ],
  "contagem_acoes": {
    "plantar": 1585,
    "regar": 1214,
    "herbicida": 7245,
    "esperar": 6728,
    "colher": 920,
    "fertilizar_N": 558
  },
  "kpis_agricolas": {
    "produtividade": [
      843.0534063349376,
      846.1344992786999,
      729.9386541491259,
      275.2515081694893,
      736.6999917913158,
      618.8207083326744,
      816.5664205946288,
      825.5370479163303,
      520.0094791888073,
      840.281660584754,
      827.7911322171645,
      734.4856532352817,
      569.9776308497172,
      850.0767543066838,
      813.2477586942257,
      629.67515653358,
      833.0861160607797,
      814.431812666201,
      788.5835416854118,
      628.1222620032976,
      830.9504553144088,
      823.0923877429087,
      557.8275426498827,
      851.1027014726435,
      736.8470104270833,
      812.777606747537,
      846.8477641685412,
      828.0429149864575,
      842.5208296178835,
      814.256786741289,
      686.5266833618681,
      595.1838790345329,
      803.4694507607406,
      846.5938977843804,
      560.4475160452289,
      742.4360865483856,
      829.7545589722203,
      672.1693175892677,
      836.228415421703,
      383.2873662761049,
      839.7310034989312,
      779.5686612761433,
      829.8138246296746,
      807.0544006049637,
      810.7492476001034,
      844.321994180164,
      743.9430462479172,
      824.0185500036076,
      819.8159184511276,
      833.6530739808098
    ],
    "qualidade_solo": [
      0.19773160286777514,
      0.3808504576118895,
      0.4346394893719313,
      0.3711246224739839,
      0.228039260537865,
      0.3101696828023806,
      0.19147415785379754,
      0.23823653099473785,
      0.2817979071405333,
      0.21007758746972446,
      0.2288500987402049,
      0.4309542694303372,
      0.34714152191433634,
      0.26305839651218466,
      0.33314340690757294,
      0.2816468132014108,
      0.1710076471687838,
      0.22274684569610634,
      0.19429032858029105,
      0.2085918596647559,
      0.2143217038950782,
      0.2988669544128866,
      0.3341407653673395,
      0.16130772579953906,
      0.4236158228867804,
      0.21113534517017932,
      0.2128755495485648,
      0.33471477497359436,
      0.12465879835227255,
      0.32981630405475554,
      0.2250977442327859,
      0.3831391693914481,
      0.21244498530140654,
      0.36801281328503516,
      0.37264060282290074,
      0.21992236514439928,
      0.21496157357368514,
      0.28054867662038874,
      0.18567382384016196,
      0.1741848139191916,
      0.20385299235256765,
      0.1924826748303621,
      0.4174764798733108,
      0.2091390596289009,
      0.15822160140129776,
      0.14406510262500002,
      0.2651699035114,
      0.19240891077821837,
      0.28053502349042386,
      0.24002959208724015
    ],
    "uso_quimicos": [
      1424,
      896,
      1088,
      1088,
      784,
      1264,
      1184,
      896,
      1536,
      1744,
      1648,
      1152,
      1120,
      1808,
      576,
      1232,
      1456,
      1248,
      592,
      1264,
      1136,
      1680,
      992,
      1264,
      1584,
      1136,
      1952,
      1616,
      1600,
      784,
      1696,
      1808,
      1632,
      1616,
      864,
      1632,
      1392,
      416,
      1968,
      304,
      1808,
      768,
      1376,
      704,
      1824,
      1920,
      1056,
      1168,
      960,
      1824
    ],
    "biodiversidade": [
      1.3042701700889938e-63,
      8.270185288682703e-56,
      4.5776521206337755e-59,
      9.96493717437961e-53,
      9.009138098543282e-46,
      2.759156912246824e-54,
      8.554122722171421e-65,
      1.3601445272571024e-57,
      6.768092804162934e-70,
      2.1895414738951493e-72,
      5.827610301667228e-69,
      1.7432537821514797e-57,
      8.595021570142509e-58,
      9.721099754564207e-75,
      1.1487850034810693e-48,
      3.3785078531172146e-53,
      2.4854402825814403e-67,
      5.000683670771188e-57,
      6.07787471474092e-50,
      1.2648524974920018e-64,
      3.2774419268453895e-60,
      2.98306519890648e-70,
      9.190373403498568e-54,
      2.2550907909716494e-63,
      3.185698265794106e-73,
      1.626941889130159e-61,
      1.144532783526478e-80,
      4.594395603500819e-71,
      1.4828382241683447e-74,
      1.1262947054936705e-57,
      1.8111552828650404e-65,
      1.0967803503965655e-64,
      3.703879172527795e-62,
      5.805944997035622e-75,
      1.999821237376787e-53,
      8.864730441651576e-64,
      1.5257652032281002e-60,
      2.1092843712197896e-43,
      3.9773062844612956e-79,
      9.753104072197664e-50,
      2.81187095172762e-75,
      6.220914179877198e-50,
      1.0678096479786186e-75,
      2.832270829112216e-55,
      1.339703473411224e-66,
      6.012729199235875e-72,
      3.675586386864578e-57,
      2.3868250130865937e-63,
      1.9996626672584026e-61,
      3.0594861335475184e-63
    ]
  },