{
  "recompensas_episodios": [
    8673.919082166882,
    8966.852034348003,
    6842.057721540109,
    8811.870966154474,
    6528.874422903624,
    5001.418523396018,
    8733.114574023573,
    8751.048826191825,
    7000.279000631428,
    8486.413042667406,
    5625.017081472753,
    5286.7348089135285,
    8533.005882873276,
    7076.20089121879,
    6178.1727868290445,
    8545.495521632132,
    8589.737921674892,
    8536.51330415842,
    8577.33716559117,
    8785.766482123152,
    7425.784011938267,
    8680.23802375032,
    8713.029346462692,
    8714.034457861208,
    8593.620320673486,
    7691.391734117196,
    7967.164450311828,
    7320.652071069196,
    8819.243244334648,
    7190.649175576074,
    8342.570395193587,
    6160.879738623733,
    8718.545597828881,
    8607.78298832144,
    8587.90244442365,
    8266.070063129479,
    6596.581918041757,
    5975.713429589172,
    8079.270922915277,
    7458.653876144235,
    8331.523136054084,
    8567.321038769398,
    6801.152133902174,
    8837.578572928549,
    8548.325482725322,
    8263.37850055059,
    8684.007889445482,
    8565.259062436418,
    6284.71833185994,
    8313.464847987709
  ],
  "duracao_episodios": [
    365,
    365,
    365,
    365,
    365,
    365,
    365,
    365,
    365,
    365,
    365,
    365,
    365,
    365,
    365,
    365,
    365,
    365,
    365,
    365,
    365,
    365,
    365,
    365,
    365,
    365,
    365,
    365,
    365,
    365,
    365,
    365,
    365,
    365,
    365,
    365,
    365,
    365,
    365,
    365,
    365,
    365,
    365,
    365,
    365,
    365,
    365,
    365,
    365,
    365
  ],
  "perdas_politica": [
    0.36430584152002593,
    0.1748919745095265,
    0.13275499189272522,
    0.1012198698130392,
    0.09110009979287331,
    0.0766016900944321,
    0.06676734868991882
  ],
  "perdas_valor": [],
  "perdas_entropia": [],
  "acuracoes_bc": [
    0.8588682432432433,
    0.927978515625,
    0.947628173828125,
    0.960659644717262,
    0.9663529829545454,
    0.9719822095788043,
    0.9759859125664894
  ],
  "contagem_acoes": {
    "plantar": 1606,
    "esperar": 7160,
    "regar": 1202,
    "herbicida": 6998,
    "colher": 898,
    "fertilizar_N": 386
  },
  "kpis_agricolas": {
    "produtividade": [
      823.6558382439836,
      855.1211650877638,
      582.6736984414313,
      856.9926214174302,
      556.0244177782981,
      434.8730545955615,
      843.7720943354918,
      835.7964464212696,
      616.9728590013483,
      797.8698595779573,
      470.21867151244027,
      417.74917731849746,
      808.8180426173819,
      613.5973831724605,
      549.5069940083617,
      819.5835003052596,
      804.7080951912798,
      813.0521940638868,
      807.2987537052505,
      849.3813509767845,
      710.9493366564785,
      843.4988367059008,
      850.6929226255356,
      848.5415017589203,
      823.6529347636348,
      688.6266924563141,
      730.8184193790489,
      653.1689103617084,
      843.2445446872329,
      629.2443298058355,
      792.5628852522295,
      534.4188331407355,
      828.1428457772258,
      814.3461134560209,
      819.9586900896431,
      774.0694927300026,
      593.8010192224633,
      503.82278604159626,
      746.2974890862181,
      668.0504882569131,
      778.1231464825953,
      829.0025103476352,
      601.5532705557971,
      851.5822608489017,
      801.0941805597355,
      767.7068043048272,
      819.535175763032,
      818.7664123613147,
      565.944180195443,
      785.8545576106627
    ],
    "qualidade_solo": [
      0.20849225727425158,
      0.3808504576118895,
      0.42684645309004887,
      0.21558163030017663,
      0.46146046651976796,
      0.3389933693695184,
      0.34757600359393753,
      0.27481835847411606,
      0.25964213860267793,
      0.14983760461188655,
      0.399869726290407,
      0.3969215347010493,
      0.23823506221742533,
      0.35950914301671916,
      0.31689149661354044,
      0.19869129143213954,
      0.22504890880515666,
      0.3218839553664934,
      0.22980023957417312,
      0.2869437015144852,
      0.16703968819085033,
      0.20764833194550483,
      0.17150377186833682,
      0.18864501467293016,
      0.3752205024400362,
      0.3416087764516926,
      0.27628072027122785,
      0.2733989378856692,
      0.1757679190230885,
      0.328879500242866,
      0.2586478672970373,
      0.38138353997620633,
      0.19154083299822028,
      0.35192523735976405,
      0.3686851238487706,
      0.2987084271918016,
      0.3178490905194431,
      0.2803476708676925,
      0.20173581534173013,
      0.20780445562511346,
      0.2137085473679164,
      0.14506327561746746,
      0.40423695615450894,
      0.17585085982132936,
      0.1862477880727573,
      0.1985740866964868,
      0.21721172001718503,
      0.20749582322214066,
      0.3192713535747134,
      0.366354936646342
    ],
    "uso_quimicos": [
      1008,
      1056,
      672,
      1856,
      864,
      720,
      1824,
      1456,
      592,
      976,
      1600,
      464,
      1408,
      480,
      1040,
      1984,
      1184,
      1616,
      800,
      1744,
      1888,
      1792,
      1920,
      1968,
      1664,
      704,
      944,
      768,
      1472,
      880,
      1344,
      1488,
      1312,
      1632,
      1408,
      1296,
      800,
      816,
      1216,
      1200,
      1472,
      1584,
      1680,
      1504,
      640,
      1248,
      928,
      1552,
      1584,
      2080
    ],
    "biodiversidade": [
      3.3870402361189848e-47,
      1.3027494630284857e-58,
      2.5995564358054713e-53,
      4.486464437485388e-69,
      1.537436599498643e-55,
      5.74426512094214e-48,
      3.0113071784527475e-75,
      4.434592540179403e-67,
      5.2743330880511e-56,
      2.7047564790319e-50,
      1.6742607525714187e-61,
      5.855912392263588e-41,
      2.542617716607035e-60,
      1.015789838431955e-49,
      1.0130810260290899e-48,
      2.227366661791067e-69,
      1.3074409962181938e-53,
      1.3156132189698257e-73,
      7.830918256869056e-55,
      1.3343102732218567e-76,
      9.28621112028586e-67,
      2.6339176225537403e-76,
      2.84176058377981e-85,
      2.3189271766900724e-75,
      6.602457777764348e-68,
      8.398942268413488e-50,
      3.967616165192591e-56,
      3.1936106702410753e-53,
      9.037370837859097e-65,
      2.160299336512168e-55,
      3.2367406104969594e-64,
      4.239720923301235e-64,
      1.350433525088272e-50,
      5.731384866413916e-62,
      1.7346215760138777e-70,
      2.5934148312707816e-64,
      1.36611079198347e-50,
      2.77148851453607e-54,
      1.2674168293169067e-54,
      7.739709180721865e-61,
      4.069627663607276e-59,
      8.776686647481249e-70,
      3.9664180700896497e-69,
      2.645342089328998e-68,
      6.2322122863387614e-49,
      1.2601546393331504e-63,
      1.568559618305007e-65,
      3.161685697699173e-67,
      2.3257512277993268e-67,
      6.061538644587492e-76
    ]
  },