{
  "recompensas_episodios": [
    7672.890094443812,
    6168.380666856014,
    7878.00796566477,
    6296.94815160508,
    6648.449309349524,
    6675.405890430489,
    8725.30825671665,
    6676.3103305195655,
    6794.831135330964,
    7097.794243753582,
    6262.243169283869,
    5217.383815724861,
    8106.856995867652,
    8819.746977327039,
    8564.876448828536,
    8109.022794054614,
    8573.534867545906,
    8620.236297789574,
    4806.342843205396,
    5887.39966427115,
    8115.841354768918,
    6721.922788972946,
    8557.831060057557,
    8252.901891642234,
    5610.67179162921,
    5385.1256512403625,
    5414.942016866465,
    8292.764363963648,
    7859.7318413955445,
    7342.180971600028,
    7039.759779303673,
    7476.470133865678,
    7720.296063610167,
    8676.869255098647,
    6909.970506031681,
    8704.904035565018,
    7210.039541034617,
    7117.881393799969,
    6848.447876177906,
    7773.377520537608,
    6583.790980929213,
    7039.619048999706,
    5754.311045784896,
    6167.071781387151,
    7897.565356587502,
    6006.4271846537595,
    7635.277243644621,
    6756.569744601646,
    8265.225427864278,
    8589.568254329555
  ],
  "duracao_episodios": [
    365,
    365,
    365,
    365,
    365,
    365,
    365,
    365,
    365,
    365,
    365,
    365,
    365,
    365,
    365,
    365,
    365,
    365,
    365,
    365,
    365,
    365,
    365,
    365,
    365,
    365,
    365,
    365,
    365,
    365,
    365,
    365,
    365,
    365,
    365,
    365,
    365,
    365,
    365,
    365,
    365,
    365,
    365,
    365,
    365,
    365,
    365,
    365,
    365,
    365
  ],
  "perdas_politica": [
    0.9065072273506838,
    0.7456924652352053,
    0.7205204472822302,
    0.6919600893469418,
    0.6595122603809133,
    0.6340309574323542,
    0.6165491517852334,
    0.5999895982882556,
    0.5817548615090987,
    0.5688814117627985,
    0.5562909026356304,
    0.5491435650516959,
    0.5302167683839798,
    0.5213253068573335,
    0.5118226181058323,
    0.4994691321078469,
    0.4806398407501333,
    0.47051605757545023,
    0.4662657458992565,
    0.4513266805340262,
    0.4390002629336189,
    0.42611341090763316,
    0.405907508204965,
    0.39774509387857776,
    0.3800218929262722,
    0.355705349760897,
    0.34491036131101493,
    0.3385804716278525,
    0.31490859739920674,
    0.3034535006565206,
    0.28777801552239585,
    0.28138953315861087,
    0.26123734344454375,
    0.2490172828821575,
    0.22581786267897663,
    0.21376550898832433,
    0.2045154812581399,
    0.19566480552448945,
    0.1856096229132484,
    0.17570184215026743,
    0.168776595417191,
    0.15848922685665243,
    0.14396847762605725,
    0.1286359530161409,
    0.12755725269808488,
    0.12198287643053952,
    0.1162311204654329,
    0.11125393277582,
    0.10016021943267654,
    0.09153267522068585,
    0.08569928061436205,
    0.08323522416107795,
    0.07192535862764891,
    0.07348108609371326,
    0.06348426892038654,
    0.059176695149611026,
    0.05375294853001833,
    0.052801937303122354,
    0.04745878964005148,
    0.04148022156647023,
    0.03926851189530948,
    0.03288441195207484,
    0.031292399227180905,
    0.03049964698798516,
    0.027147940907846477,
    0.02550096735906075,
    0.02243519637404996,
    0.022242549094645417,
    0.020747315522064182,
    0.019671301056137857,
    0.017254991840352032,
    0.01567149145857376,
    0.015891852007959697,
    0.014549047316369764,
    0.012692693620920181,
    0.011578955098657924,
    0.011056568076395813,
    0.009760182474137229,
    0.009021120022653657,
    0.008168250199078637,
    0.00807146169930039,
    0.007279950913096613,
    0.0064589467159855895,
    0.005539880839505178,
    0.005088534760836731,
    0.004872847814112902,
    0.0046532471246524335,
    0.004535206956514979,
    0.004469988912152236,
    0.004378937520360684,
    0.004164740730844,
    0.004115477611776441,
    0.0038152303176877253,
    0.003992936536258853,
    0.0038211987052551087,
    0.0035775224130381554,
    0.003653582599808407,
    0.0035656722132390473,
    0.0035583813133759096,
    0.0036174207549158704
  ],
  "perdas_valor": [],
  "perdas_entropia": [],
  "acuracoes_bc": [
    0.5526769301470589,
    0.58740234375,
    0.6065027573529411,
    0.629150390625,
    0.6591366038602942,
    0.6770881204044118,
    0.6826171875,
    0.6939481847426471,
    0.7025649126838235,
    0.7073615579044118,
    0.7138528262867647,
    0.7199850643382353,
    0.7288315716911765,
    0.7318617876838235,
    0.7378934972426471,
    0.7407944623161765,
    0.7513212316176471,
    0.7576832490808824,
    0.7613166360294118,
    0.7710678998161765,
    0.7756634880514706,
    0.7841222426470589,
    0.7952090992647058,
    0.8005227481617647,
    0.808349609375,
    0.8226390165441176,
    0.829833984375,
    0.8322610294117647,
    0.8447552849264706,
    0.8536161534926471,
    0.8577090992647058,
    0.8641860064338235,
    0.8740234375,
    0.8800407858455882,
    0.8925063189338235,
    0.8976763556985294,
    0.9025160845588235,
    0.9080020680147058,
    0.9124109604779411,
    0.9177102481617647,
    0.9211856617647058,
    0.9278636259191176,
    0.9342687270220589,
    0.9427131204044118,
    0.9423397288602942,
    0.9460161994485294,
    0.9485724954044118,
    0.9516745174632353,
    0.9579072840073529,
    0.9610093060661765,
    0.9644272748161765,
    0.9644129136029411,
    0.9698127297794118,
    0.9694393382352942,
    0.9743077895220589,
    0.9760885799632353,
    0.9788602941176471,
    0.9788315716911765,
    0.9813591452205882,
    0.9836713005514706,
    0.9843893612132353,
    0.9869312959558824,
    0.9877786075367647,
    0.9882525275735294,
    0.9895881204044118,
    0.9903923483455882,
    0.9911965762867647,
    0.9913832720588235,
    0.9920438878676471,
    0.9927188648897058,
    0.9933938419117647,
    0.9940831801470589,
    0.9940544577205882,
    0.9947725183823529,
    0.9956772748161765,
    0.9961224724264706,
    0.9958783318014706,
    0.9966538373161765,
    0.9967543658088235,
    0.9972426470588235,
    0.9972570082720589,
    0.9976447610294118,
    0.9978601792279411,
    0.9984633501838235,
    0.9983484604779411,
    0.9984777113970589,
    0.9986356847426471,
    0.9985926011029411,
    0.9986356847426471,
    0.9987649356617647,
    0.998779296875,
    0.9988223805147058,
    0.9990808823529411,
    0.9987936580882353,
    0.9989085477941176,
    0.9990952435661765,
    0.9990234375,
    0.9989659926470589,
    0.9990377987132353,
    0.9988941865808824
  ],
  "contagem_acoes": {
    "plantar": 1599,
    "regar": 1147,
    "herbicida": 3952,
    "esperar": 10900,
    "colher": 631,
    "fertilizar_N": 21
  },