{
  "recompensas_episodios": [
    7889.102351959288,
    8574.704080941898,
    3914.85868394327,
    4598.81370630918,
    4367.746688005302,
    3512.502527678291,
    8475.194165734005,
    6680.7497249142725,
    2530.835748982624,
    2803.9651268072466,
    4903.310531050375,
    6824.869527438959,
    6331.008223533092,
    8832.001483604461,
    3883.9702481744453,
    7219.051952870535,
    8014.40100792679,
    6928.603551253522,
    4277.858543234362,
    5505.190406097427,
    3741.159898407094,
    4124.140972901987,
    6872.494763854007,
    3885.306459389845,
    7912.563529081424,
    7172.920457908927,
    5237.678293808174,
    5099.114751359112,
    6420.019666999144,
    6923.3986552183505,
    7734.081731098422,
    5197.303339289199,
    5328.609089887935,
    5936.825816662812,
    7058.155910959577,
    7529.2603181173345,
    7114.480508878916,
    4359.090622222219,
    8611.15586490116,
    4905.4879256308195,
    4038.986118309973,
    8289.37434461182,
    922.5543312734744,
    6599.736433331043,
    3341.1278334301146,
    7446.868618932779,
    6210.818168925256,
    6989.007322038113,
    9076.55012002922,
    6418.077499828079
  ],
  "media_recompensa_final": 5931.301752954914,
  "desvio_recompensa_final": 1865.2049551470886,
  "ood_dry_recompensas": [
    3104.640068709894,
    2727.8986372706913,
    3658.4501696106754,
    3110.837852389588,
    3723.4992740893185,
    3656.4009926142235,
    3563.1677218017994,
    3281.4863673280283,
    3739.277873330954,
    3792.019328500661,
    3625.5527251669864,
    3612.490594886702,
    3613.241168348799,
    3702.6403777298847,
    3073.3442949610517,
    3682.030673095338,
    3840.6980051173464,
    4022.603772863664,
    3839.5321036020787,
    3625.5917513490276,
    3634.386576127815,
    3662.681357724966,
    3680.338427875832,
    3663.1324013009753,
    3629.941350865347,
    3591.9430745996656,
    3641.2334951780404,
    3633.459626163784,
    3705.418145512693,
    3628.93799003783,
    3915.7538618616863,
    2562.8221137683468,
    625.0586432368347,
    2370.4261043258875,
    3662.2991829590237,
    3651.223020342487,
    3324.2409337763033,
    215.9456047932479,
    3572.461729750858,
    3679.8968736945117,
    3628.02195968021,
    3733.8790065920834,
    3609.994584929533,
    3618.880060141531,
    3690.7125922108407,
    1941.920046917037,
    3587.001792176724,
    3566.6489925974784,
    3651.1623693759016,
    3676.233034719422
  ],
  "ood_humid_recompensas": [
    3276.845499123602,
    2748.874818087467,
    4155.706952715752,
    9117.616868657726,
    4920.730347775846,
    3928.6418220217893,
    4492.644474304891,
    5464.328130224787,
    3437.9073185636125,
    3931.416577419266,
    4096.589879236207,
    5080.764746731256,
    6434.063360881661,
    1228.0033705136973,
    6221.062778871725,
    1384.6538032060057,
    8488.666668991453,
    2567.610843596457,
    6915.067422680201,
    728.0456195699286,
    3742.299527050107,
    3532.195965986358,
    2956.7241417595715,
    1226.3689237352232,
    778.3846723554702,
    4332.179129729755,
    6611.3173212791235,
    3179.6969402483937,
    4214.833363543752,
    7777.624272820327,
    780.1667995046375,
    2368.7101529709735,
    6571.739250476194,
    5488.246768770499,
    3559.303470824447,
    4245.814450615823,
    6130.194118725724,
    7122.281633759741,
    6521.5977344917155,
    1443.8567730781692,
    5508.2246346166685,
    6897.75716133925,
    4247.021239546391,
    2446.122745093437,
    4070.8905890433916,
    802.508235513712,
    6991.484681004369,
    4382.762523325438,
    7272.235105091435,
    6984.354883405065
  ],
  "media_ood_dry": 3395.029174120072,
  "media_ood_humid": 4416.12277025757,
  "acuracia_bc_final": 0.8316434972426471,
  "contagem_acoes": {
    "plantar": 1566,
    "esperar": 12250,
    "regar": 745,
    "herbicida": 3162,
    "colher": 514,
    "fertilizar_N": 13
  },
  "kpis_agricolas": {
    "produtividade": [
      716.0673378951758,
      796.0773452388513,
      323.3074709659783,
      341.59888211262626,
      376.18567301017595,
      273.8102205900992,
      789.0061994603892,
      566.8608318571136,
      133.89105168706294,
      160.88118454516783,
      449.1900466711228,
      608.6344597060325,
      527.9974672095177,
      827.8815498045285,
      278.41167356752106,
      655.7553720563544,
      726.2732927615998,
      600.9724758900359,
      342.87609512357477,
      441.40939359250166,
      240.03325637349127,
      306.993268830595,
      597.0976485332485,
      338.5254306018685,
      719.7377147863272,
      643.9555003474632,
      392.4801063932907,
      407.1845135443682,
      538.4108775083591,
      603.3457921199441,
      702.132322009379,
      391.2998736845254,
      433.53768138121706,
      486.2469499980862,
      602.5667667017143,
      700.0433791602702,
      619.5007850823566,
      395.5085049210313,
      798.0257541384873,
      388.18094526672587,
      363.9438077818814,
      771.3818641012822,
      0.0,
      556.4561392477809,
      270.44122263394786,
      674.9037875802372,
      529.0879909468543,
      623.5411424276786,
      846.090087511921,
      536.9715863059862
    ],
    "qualidade_solo": [
      0.1062875862140791,
      0.41119162207378573,
      0.31786801232945305,
      0.286101680734241,
      0.12410424085829504,
      0.282054783390425,
      0.18711779194070924,
      0.3407718555221245,
      0.16765590183555107,
      0.27692047535668124,
      0.4107853883852216,
      0.35062936702599,
      0.19289706553207286,
      0.3070091430166545,
      0.3783780402860264,
      0.19405534296158516,
      0.20832218403452846,
      0.2387027311308149,
      0.16538931608777202,
      0.2955989839852838,
      0.2178899740301682,
      0.3558387007454208,
      0.1333747217406751,
      0.2854495270901346,
      0.44217063411759305,
      0.3466996691696592,
      0.2345645618329862,
      0.389736420499287,
      0.19611914846241166,
      0.3418471272552157,
      0.15592858494371437,
      0.38138353997620633,
      0.09894779968292772,
      0.34587142099337775,
      0.3895258992571911,
      0.11837934071800052,
      0.20275863341749578,
      0.28463706933821015,
      0.18279068678862212,
      0.28867322700424936,
      0.08741594997733246,
      0.1602685842102636,
      0.4004382312673112,
      0.16474306007812503,
      0.35367657416064946,
      0.26704019105801124,
      0.27617098526751527,
      0.15913695336915368,
      0.2883196875292905,
      0.336304476725258
    ],
    "uso_quimicos": [
      64,
      784,
      208,
      928,
      0,
      1344,
      528,
      512,
      1152,
      592,
      672,
      800,
      448,
      496,
      352,
      352,
      608,
      1248,
      160,
      576,
      784,
      352,
      80,
      976,
      656,
      448,
      688,
      624,
      432,
      1152,
      288,
      384,
      0,
      1216,
      544,
      112,
      512,
      1488,
      464,
      576,
      48,
      576,
      560,
      576,
      784,
      736,
      592,
      448,
      336,
      544
    ],