{
  "recompensas_episodios": [
    8650.278719356673,
    8693.784554690275,
    8718.502235151995,
    8703.733980733894,
    8566.902908865319,
    8014.98720874942,
    6050.893641313747,
    8471.813842383424,
    6776.777664027712,
    8512.67257627695,
    8526.26328089782,
    8651.084039846215,
    8598.419282059795,
    8669.210634444622,
    7324.112680504285,
    965.8019403027154,
    6603.941641272933,
    8286.98572984551,
    8512.16212135302,
    8651.397334227793,
    5983.803713709749,
    8634.17053408261,
    8773.49222627658,
    8663.379905911326,
    8233.7736641795,
    8612.968894889083,
    6074.313844856009,
    8735.876443670933,
    8742.458246737518,
    8669.662851878222,
    8540.384195817274,
    8761.468828324305,
    8632.570144567744,
    5135.346130921519,
    8693.353263423838,
    8737.707188082331,
    8442.064646837725,
    7910.228849969055,
    7298.8328459795175,
    8998.983353958733,
    8623.076585418423,
    8521.862188392937,
    8695.460065675894,
    8334.80646888468,
    8536.878858702057,
    8840.62122881158,
    8698.693541487777,
    8737.126624812314,
    8609.910798063014,
    8523.62694517734
  ],
  "duracao_episodios": [
    365,
    365,
    365,
    365,
    365,
    365,
    365,
    365,
    365,
    365,
    365,
    365,
    365,
    365,
    365,
    365,
    365,
    365,
    365,
    365,
    365,
    365,
    365,
    365,
    365,
    365,
    365,
    365,
    365,
    365,
    365,
    365,
    365,
    365,
    365,
    365,
    365,
    365,
    365,
    365,
    365,
    365,
    365,
    365,
    365,
    365,
    365,
    365,
    365,
    365
  ],
  "perdas_politica": [
    0.5804840316643586,
    0.5125463264874923,
    0.43851624451577664,
    0.3836618454683395,
    0.3203850495544347,
    0.26143655151776646,
    0.21756450774821828
  ],
  "perdas_valor": [],
  "perdas_entropia": [],
  "acuracoes_bc": [
    0.7172191722972973,
    0.7566594050480769,
    0.7996484375,
    0.8280424572172619,
    0.8600752397017045,
    0.8885466202445652,
    0.9093448720079788
  ],
  "contagem_acoes": {
    "plantar": 1590,
    "esperar": 5736,
    "herbicida": 8233,
    "regar": 1161,
    "colher": 944,
    "fertilizar_N": 586
  },
  "kpis_agricolas": {
    "produtividade": [
      839.3775748663423,
      854.5560448316478,
      827.3141185092289,
      842.8829069182008,
      815.6842032146873,
      748.6952766356977,
      536.0458346299458,
      800.1589173617544,
      652.0132811233599,
      824.2795473962021,
      814.1636535418295,
      814.7155158071345,
      826.5749815562921,
      845.2078404199109,
      644.3602692543137,
      23.552976123335213,
      573.188517427394,
      772.8126869056948,
      810.2737528625767,
      843.8293760966991,
      531.0787477262021,
      838.1467003248174,
      849.1979680423808,
      821.6323413786902,
      784.5652453187125,
      831.9833560263071,
      506.88970858617324,
      832.3504626361345,
      846.2703169283328,
      811.2877608393675,
      819.6438226547423,
      846.6418442665869,
      808.0608247374386,
      415.19819462371805,
      825.3043567907329,
      829.9165717299705,
      789.5530122431082,
      730.2716918840056,
      650.1780212127893,
      853.0538201450607,
      828.6146749592868,
      825.0775229734132,
      831.0397589123359,
      797.8546728077544,
      816.6269938609336,
      823.9429418855856,
      837.932643900804,
      842.0800448556565,
      836.7900926100092,
      824.4051542162796
    ],
    "qualidade_solo": [
      0.211658737618916,
      0.3808504576118895,
      0.3849184012957175,
      0.23961455174936291,
      0.46881519415001804,
      0.2801787467309815,
      0.333784496250483,
      0.25593188750952967,
      0.2220890632056715,
      0.17933882469597237,
      0.27595764510660703,
      0.3960320696832308,
      0.22595453838988136,
      0.30325914301665435,
      0.28176148211556346,
      0.32549131062410463,
      0.26534940340634927,
      0.2954936908739898,
      0.175222008993028,
      0.20627805807097,
      0.32169034727455326,
      0.3147286470009064,
      0.21342509284398276,
      0.16465801059694335,
      0.40020365288723114,
      0.20809812065446961,
      0.3394009495217942,
      0.21211976773310287,
      0.12237053758094885,
      0.3528163040527832,
      0.22066791862548468,
      0.36354322722212884,
      0.21447134339757862,
      0.41126586537253984,
      0.36118512237045797,
      0.14683480398029775,
      0.34776255788862764,
      0.2626903743865484,
      0.19018998753219574,
      0.21103337422758012,
      0.19760174147089238,
      0.1747881795055823,
      0.40621351425585805,
      0.1367288872224845,
      0.18907905569541356,
      0.1427983408768147,
      0.29703128399967677,
      0.1874260688913461,
      0.2273038877262652,
      0.21924200363519017
    ],
    "uso_quimicos": [
      1952,
      2144,
      1856,
      1792,
      2000,
      1200,
      1168,
      1152,
      1744,
      1968,
      1952,
      1472,
      1536,
      2128,
      1072,
      528,
      1104,
      1744,
      1344,
      1936,
      736,
      2128,
      1600,
      1360,
      1856,
      1664,
      720,
      1008,
      1760,
      896,
      1968,
      1408,
      1008,
      912,
      1376,
      976,
      624,
      1344,
      768,
      1120,
      1600,
      1872,
      1936,
      1888,
      1824,
      464,
      1568,
      1856,
      1872,
      1504
    ],
    "biodiversidade": [
      4.0421571778787177e-66,
      9.75252063472602e-83,
      5.9006761002213856e-67,
      1.0664514666196258e-67,
      3.9243821808087323e-72,
      1.2295133420403793e-63,
      2.040846170097008e-64,
      4.916049738705749e-61,
      2.2008147742982893e-73,
      3.911162848163207e-76,
      4.2509201524982075e-70,
      1.2103659340841894e-55,
      1.3550636589855379e-67,
      1.6711090609421617e-83,
      4.395469239020082e-55,
      7.791797406843807e-38,
      6.776282659674733e-52,
      3.6990731921343355e-69,
      5.151545018077034e-57,
      4.7231862524155923e-82,
      1.3093332764387999e-52,
      5.730521633716458e-76,
      5.18063081992651e-78,
      1.1073901209495316e-54,
      1.6858102629714164e-75,
      1.8385745625144473e-72,
      3.079251185273938e-51,
      1.3772000184348033e-63,
      1.5885251195513262e-71,
      4.6076524539502624e-55,
      5.2217778881762476e-71,
      1.0536530149871977e-78,
      1.0896475921638822e-45,
      1.4930075125662516e-56,
      1.5946835936379715e-66,
      7.728060162459561e-61,
      1.3603442415529001e-53,
      6.198221260648873e-65,
      9.419736970617128e-54,
      2.2481951261256623e-56,
      4.3602390089615557e-73,
      6.672122681556333e-72,
      2.9711953494686936e-74,
      1.817304744293117e-74,
      4.24499262785043e-68,
      2.2232053493327942e-46,
      1.4615733238393265e-71,
      1.3886151308478696e-72,
      5.004664172626523e-77,
      9.524719285160701e-77
    ]
  },