{
  "recompensas_episodios": [
    7959.077702878867,
    8823.76860318484,
    7107.973288007365,
    5960.534882432901,
    7053.579679628387,
    6416.300884556423,
    4903.07680537864,
    6603.72361258943,
    8509.230334167907,
    6716.990226786544,
    6502.315530105303,
    5802.939079675785,
    5571.299074766754,
    7292.763974400434,
    6063.91130790716,
    6783.573170538115,
    6018.512677351194,
    6975.8453903817845,
    6508.184867131269,
    7372.526205455646,
    6062.6228014827775,
    5101.802865598018,
    7039.325378031319,
    7875.801200792468,
    3400.2909037370455,
    2454.781384874687,
    7316.473404986702,
    4789.59244958644,
    7242.864577133811,
    7349.307259138125,
    5822.545538815293,
    5359.261957281942,
    6576.719959190474,
    6414.790347697469,
    5841.221080856076,
    7082.353923948244,
    8012.22680113931,
    6248.579743898892,
    7610.823566311892,
    6384.517948956969,
    6115.029608686889,
    5769.123743019029,
    6392.783699065233,
    4890.437382250526,
    6257.2941201267895,
    6253.724886797076,
    4777.2365505992075,
    7473.907090252738,
    6175.456148848138,
    7274.9672396827
  ],
  "media_recompensa_final": 6406.2398172022195,
  "desvio_recompensa_final": 1162.0063887542294,
  "ood_dry_recompensas": [
    3843.5435867976894,
    3729.491547720174,
    3824.1638262024635,
    3827.066821002499,
    2668.71429400545,
    3760.3442039948395,
    3743.5211392579567,
    3363.047084837849,
    3697.965711488632,
    3972.7978158705564,
    4075.560853866835,
    3646.7524437183274,
    3817.2421504886497,
    3939.364189184293,
    3532.3432535736456,
    3760.6656437177217,
    3726.885312593646,
    3703.99573850046,
    3729.444824328287,
    3878.522101505416,
    3802.1101850780015,
    3969.4654613992725,
    3924.4648279297717,
    2493.465903147358,
    3953.7971663155167,
    3617.579470588951,
    3751.4452085553603,
    3946.2304226861656,
    3963.0162931410628,
    3911.7833919352743,
    3642.6127164902687,
    3705.6351141562227,
    3724.5486641660636,
    2598.2357038055666,
    3942.6787627162394,
    3997.6488568205373,
    3781.0283474878506,
    3733.626825068599,
    3662.441909766477,
    1672.2682217118254,
    3702.0430884824045,
    3793.189769242918,
    3915.4903922125914,
    3925.596053905996,
    3988.8928066661883,
    3654.4717164168333,
    3905.5905863159996,
    3480.855498552367,
    2876.8944097870726,
    3986.226305184563
  ],
  "ood_humid_recompensas": [
    8837.828041065379,
    9077.755695209213,
    8953.031298258084,
    9147.782069651857,
    9008.12010692553,
    9084.797211763023,
    7601.482077229488,
    8460.31774763249,
    8214.136296106366,
    8621.398652237236,
    4905.498088176944,
    8436.357333435191,
    9027.971344183134,
    6264.180999944718,
    9103.617509775528,
    9429.767328678437,
    8589.847639646057,
    8348.799903386254,
    9416.626935001736,
    7748.19792475165,
    7950.040686833736,
    8802.558285356703,
    8668.512689401248,
    4638.624764420472,
    9044.76326089017,
    9008.750376270724,
    7725.639696800174,
    7801.474191279965,
    8779.324323144549,
    9106.305571966674,
    7180.458901969959,
    8595.068556735287,
    9108.219132445272,
    8409.630247991945,
    7186.532672056013,
    6503.346516105983,
    7979.248290062328,
    6857.60637150603,
    9176.298989913004,
    7013.969297761159,
    7798.41786349846,
    3761.6246373781087,
    8553.578183391797,
    8309.70220208453,
    9171.277537888214,
    9137.449994349663,
    9221.782868573182,
    9172.914186216745,
    9013.029572959824,
    9224.658244002776
  ],
  "media_ood_dry": 3665.295332447774,
  "media_ood_humid": 8223.56644632626,
  "acuracia_bc_final": 0.9931784237132353,
  "contagem_acoes": {
    "plantar": 1579,
    "esperar": 11586,
    "herbicida": 3507,
    "regar": 1033,
    "colher": 543,
    "fertilizar_N": 2
  },
  "kpis_agricolas": {
    "produtividade": [
      725.134562078736,
      830.5072438557504,
      655.3418126525534,
      494.615996978203,
      611.8378831413017,
      554.6486932379108,
      456.62427131778503,
      595.1813683567472,
      794.7067001288102,
      575.077259403858,
      557.0394628065094,
      536.4527990442155,
      442.2528464522113,
      637.2273733166711,
      499.02828724190204,
      575.3825994283744,
      520.8639769017982,
      608.6332731656997,
      548.0315324305808,
      648.6434727618316,
      517.0339127201164,
      453.0852934282014,
      625.6539021709633,
      707.4053526281252,
      285.8300363083232,
      119.56524785201375,
      634.7209585478504,
      401.63629475846284,
      640.1757849718653,
      650.7387427482787,
      525.9708644858713,
      430.81161077991214,
      553.3651951805041,
      587.1304892428165,
      473.34798836423585,
      619.9617957829684,
      733.3427363986219,
      529.4424910405492,
      684.2430073553535,
      568.4345883090162,
      498.36295785535583,
      492.43568236326576,
      549.1925168115235,
      382.1592538932043,
      514.1266139603329,
      554.1672803715586,
      416.127611984982,
      667.9848691469423,
      540.1348592270845,
      633.9404479313562
    ],
    "qualidade_solo": [
      0.1645239180103834,
      0.3808504576118895,
      0.2493987100982823,
      0.3090238658278276,
      0.23385420696050618,
      0.3011005589852581,
      0.17352451738936459,
      0.2899978479898687,
      0.3010654495325829,
      0.3089177499466525,
      0.26409215609273695,
      0.28998272530118185,
      0.210335488769817,
      0.3070091430216389,
      0.36032700628070824,
      0.2540973869704236,
      0.2862509958014807,
      0.22567846673081376,
      0.30624080776242574,
      0.21855015899347768,
      0.3059665191902248,
      0.3480922968304174,
      0.27018014808907703,
      0.2462726059341604,
      0.42671296450369,
      0.40897710419232036,
      0.25235030010154347,
      0.4304481250225029,
      0.21895637943666174,
      0.2935795966933918,
      0.0893959634735727,
      0.38308635281694503,
      0.15808052486995477,
      0.38735409866700593,
      0.308685123812852,
      0.1461361723140434,
      0.38194997060906827,
      0.32145702297024836,
      0.19076701402654944,
      0.2799724792786329,
      0.20009454277926242,
      0.23216128587702492,
      0.4040024195589267,
      0.2808471909814267,
      0.27453207655066303,
      0.19371114254703767,
      0.17117657056293234,
      0.27432472116901274,
      0.36071916367785234,
      0.25891250414866784
    ],
    "uso_quimicos": [
      560,
      752,
      544,
      704,
      624,
      640,
      400,
      672,
      1040,
      752,
      960,
      608,
      208,
      720,
      592,
      496,
      784,
      688,
      752,
      640,
      624,
      928,
      896,
      528,
      720,
      592,
      336,
      512,
      736,
      512,
      192,
      592,
      656,
      800,
      848,
      736,
      1056,
      736,
      1184,
      320,
      656,
      528,
      1056,
      464,
      528,
      608,
      336,
      480,
      592,
      464
    ],