{
  "recompensas_episodios": [
    221.42727039678604,
    3309.6140389779484,
    3637.9630475024824,
    8082.476101604023,
    3347.9322664501024,
    5469.226447407764,
    7781.294501261022,
    7529.414899107296,
    193.0913358005957,
    4382.922662265979,
    4239.0342370091985,
    849.0753140635786,
    4572.702265353654,
    4920.733072678406,
    1889.8536239769853,
    3873.135447286994,
    8090.704716512353,
    5046.760922366977,
    5350.939712714994,
    7369.468948410603,
    3640.8662431322546,
    4019.3009509699605,
    3948.5419702670824,
    5081.462339764653,
    2966.0837907180703,
    1740.2739587556903,
    7980.367467249433,
    1056.7994107224665,
    5767.634560296429,
    3736.0653852615205,
    5126.265761834821,
    3355.9362509736484,
    1010.9998276458475,
    2317.9747019926217,
    6454.948418794533,
    2679.088701509093,
    728.3189645106206,
    6203.887448804974,
    762.4273067987294,
    3112.660677844018,
    4043.38725269021,
    4719.225807144676,
    3792.5222621638295,
    4457.352102583849,
    3818.6275351268678,
    3945.8626745550387,
    1993.5457075532336,
    4002.08292817289,
    7687.270256229219,
    3040.1833338854376
  ],
  "duracao_episodios": [
    365,
    365,
    365,
    365,
    365,
    365,
    365,
    365,
    365,
    365,
    365,
    365,
    365,
    365,
    365,
    365,
    365,
    365,
    365,
    365,
    365,
    365,
    365,
    365,
    365,
    365,
    365,
    365,
    365,
    365,
    365,
    365,
    365,
    365,
    365,
    365,
    365,
    365,
    365,
    365,
    365,
    365,
    365,
    365,
    365,
    365,
    365,
    365,
    365,
    365
  ],
  "perdas_politica": [
    1.4202323994215797,
    0.9071911205263699,
    0.8481233698480269,
    0.8194169980638167,
    0.7967583116363076,
    0.7806854265577653,
    0.7666415519574109,
    0.7558212104965659,
    0.7464704811573029,
    0.7382414709119236,
    0.7273478455403272,
    0.7217275745728436,
    0.7142174910096561,
    0.7100444190642413,
    0.7019523469840779,
    0.696319695781259,
    0.6897896756144131,
    0.6835242106634027,
    0.6792927980422974,
    0.6741112190134385,
    0.6686041565502391,
    0.6638826377251569,
    0.6579440201030058,
    0.6524034247678869,
    0.6483544409275055,
    0.6455874951446757,
    0.6417907546548283,
    0.6372964241925407,
    0.6328535518225502,
    0.6286287114900702,
    0.6231908552786883,
    0.620148720110164,
    0.6184299938818988,
    0.6131645020316628,
    0.611582941868726,
    0.6061447157579309,
    0.6044203796807457,
    0.5989488906720105,
    0.5987210203619564,
    0.5960934460163116,
    0.590842241750044,
    0.5884902494795182,
    0.5870499663493213,
    0.5830017363323885,
    0.579416820231606,
    0.5784816759474137,
    0.5757080947651583,
    0.573185591136708,
    0.5718025126877953,
    0.570060628301957,
    0.5663675683386186,
    0.5668786010321449,
    0.5619909728274626,
    0.5620724611422595,
    0.5581650909255532,
    0.5581411316114313,
    0.5571070909500122,
    0.5536927773671991,
    0.5520249026663163,
    0.5495312476859373,
    0.5491000641794765,
    0.5470323825583738,
    0.5460307948729571,
    0.544264975716086,
    0.5429047880803838,
    0.5430947594782886,
    0.5397551743423238,
    0.5379350544775233,
    0.5384926874847973,
    0.5371139733230367,
    0.5348915974883472,
    0.5348809992565828,
    0.533044267226668,
    0.5319619599510642,
    0.5302632205626544,
    0.5304262454018873,
    0.5295026626657037,
    0.5289369812783073,
    0.5271054629017325,
    0.5266681997215047,
    0.5267445147037506,
    0.5265192985534668,
    0.5246521699077943,
    0.5243334629956413,
    0.5247433965697008,
    0.523646956857513,
    0.5244258449358099,
    0.5235941094510695,
    0.5223096574054045,
    0.5211292426375782,
    0.5226156974540037,
    0.5217561862047981,
    0.522776235552395,
    0.5231848236392526,
    0.5212100779308992,
    0.5222483689294142,
    0.5210462019724005,
    0.5216592076946708,
    0.5227103154448902,
    0.5206268175559885
  ],
  "perdas_valor": [],
  "perdas_entropia": [],
  "acuracoes_bc": [
    0.5376407398897058,
    0.5573012408088235,
    0.5666360294117647,
    0.5777228860294118,
    0.5918255974264706,
    0.5988051470588235,
    0.603271484375,
    0.6117876838235294,
    0.6132956112132353,
    0.6181784237132353,
    0.6270967371323529,
    0.6265797334558824,
    0.6309599034926471,
    0.6341480928308824,
    0.6393899356617647,
    0.6425206801470589,
    0.64892578125,
    0.6497012867647058,
    0.6556899126838235,
    0.6578584558823529,
    0.662353515625,
    0.6629566865808824,
    0.6678107766544118,
    0.6710994944852942,
    0.6751924402573529,
    0.6779928768382353,
    0.6766860064338235,
    0.6809800091911765,
    0.6845272288602942,
    0.6875430836397058,
    0.6923397288602942,
    0.6923397288602942,
    0.6957146139705882,
    0.6958295036764706,
    0.6952550551470589,
    0.7011575137867647,
    0.7035701976102942,
    0.7075051700367647,
    0.7053366268382353,
    0.7070168887867647,
    0.7110811121323529,
    0.7122300091911765,
    0.7148868336397058,
    0.7160788143382353,
    0.7193100873161765,
    0.7179744944852942,
    0.7236184512867647,
    0.7210621553308824,
    0.7234748391544118,
    0.7245088465073529,
    0.7264763327205882,
    0.7263614430147058,
    0.7294347426470589,
    0.7298655790441176,
    0.7319623161764706,
    0.7312586167279411,
    0.7334127987132353,
    0.7350643382352942,
    0.7358254825367647,
    0.7378647748161765,
    0.7377355238970589,
    0.7374339384191176,
    0.7397030101102942,
    0.7406939338235294,
    0.7418859145220589,
    0.7423023897058824,
    0.7430348115808824,
    0.7432215073529411,
    0.7430204503676471,
    0.7445427389705882,
    0.7466394761029411,
    0.7466107536764706,
    0.7471133961397058,
    0.7478170955882353,
    0.7503159466911765,
    0.7488654641544118,
    0.7475442325367647,
    0.7486931295955882,
    0.7515797334558824,
    0.7520680147058824,
    0.7494973575367647,
    0.7492963005514706,
    0.7515366498161765,
    0.7524126838235294,
    0.7527860753676471,
    0.7532456341911765,
    0.7529009650735294,
    0.7548540900735294,
    0.7546673943014706,
    0.7535328584558824,
    0.7543801700367647,
    0.7546817555147058,
    0.7545525045955882,
    0.7548684512867647,
    0.7558737362132353,
    0.7529153262867647,
    0.7555290670955882,
    0.7556439568014706,
    0.7538057215073529,
    0.7541216681985294
  ],
  "contagem_acoes": {
    "plantar": 1444,
    "esperar": 13323,
    "herbicida": 2811,
    "regar": 412,
    "colher": 260
  },
  "kpis_agricolas": {
    "produtividade": [
      0.0,
      189.5308127040117,
      281.1849689884576,
      743.7850118482614,
      183.43397653909048,
      457.7348458534554,
      687.4375814354185,
      684.172235255646,
      0.0,
      338.31828737946927,
      383.8405048219498,
      0.0,
      313.89815114643443,
      367.31078144221414,
      116.9152446094084,
      335.67344091075375,
      742.3515234308223,
      392.39876343548434,
      441.27676453037503,
      677.0004048185856,
      307.6300493939194,
      314.12419019879604,
      270.86698507441446,
      473.78846439618474,
      264.8402354534608,
      120.26979806874178,
      733.9112731977808,
      0.0,
      473.0111017831914,
      257.89246850754165,
      396.73599988329397,
      293.40293294329166,
      0.0,
      159.2780643581175,
      530.3504375217814,
      144.836738012761,
      0.0,
      574.4282449565158,
      0.0,
      230.07091887586563,
      282.91586093514593,
      371.1708815002816,
      332.20470443085895,
      329.9506551638065,
      288.07430489609465,
      249.22884331912311,
      120.61766409353366,
      257.6198113136671,
      704.0024163501615,
      172.65539352084053
    ],