{
  "recompensas_episodios": [
    6522.033009470409,
    4790.046441640463,
    5714.015023273895,
    7194.576418211182,
    7644.392809063562,
    6663.371735123905,
    7085.858028952014,
    7190.046000970574,
    7905.475031998822,
    8220.123881790945,
    5757.9396027797375,
    4768.527490471464,
    5751.818542992844,
    7888.781372330743,
    6721.963050673085,
    6407.858935850656,
    7051.870330236805,
    6266.836531948578,
    7557.480079560514,
    7598.905874788654,
    6429.016800088741,
    4959.6445738996335,
    7663.468229094845,
    8380.531085865716,
    7767.400793032886,
    7683.021084769216,
    5913.501943748237,
    6120.020993973818,
    4949.957231538396,
    2568.228334930802,
    7344.996070653178,
    5431.919793104487,
    6971.407576411739,
    6003.558756428609,
    5201.868709055906,
    8041.054758434555,
    6122.653284479657,
    7174.967547555035,
    6691.703053763525,
    7199.645718527961,
    6491.4808224530225,
    5150.871563859835,
    7123.340882844416,
    8636.694319944709,
    5565.997217945486,
    7656.307485070375,
    6532.948229379939,
    8558.249521995,
    7024.036797751234,
    4325.743742027826
  ],
  "duracao_episodios": [
    365,
    365,
    365,
    365,
    365,
    365,
    365,
    365,
    365,
    365,
    365,
    365,
    365,
    365,
    365,
    365,
    365,
    365,
    365,
    365,
    365,
    365,
    365,
    365,
    365,
    365,
    365,
    365,
    365,
    365,
    365,
    365,
    365,
    365,
    365,
    365,
    365,
    365,
    365,
    365,
    365,
    365,
    365,
    365,
    365,
    365,
    365,
    365,
    365,
    365
  ],
  "perdas_politica": [
    0.9954096131465014,
    0.7986248854328605,
    0.7467080196913551,
    0.7211759002769694,
    0.7069536394932691,
    0.6903762484298033,
    0.6700247561230379,
    0.6504909080617568,
    0.6306204217321733,
    0.6140906091998605,
    0.599187384633457,
    0.5842335995505837,
    0.5752467618269079,
    0.5564067749416127,
    0.5464093956877204,
    0.538801207261927,
    0.51762554750723,
    0.5085815436699811,
    0.4956031099838369,
    0.4797127869199304,
    0.4687455804908977,
    0.4523966724381727,
    0.43156659866080566,
    0.4163704979069093,
    0.40175529525560494,
    0.3942044982138802,
    0.37171362954027515,
    0.3553652982501423,
    0.3390227345859303,
    0.32954417695017424,
    0.31341467622448416,
    0.30039747322306914,
    0.2899680707384558,
    0.27506735175848007,
    0.2622721550219199,
    0.24720363406574025,
    0.2374048338216894,
    0.22319318091168122,
    0.21655859666712143,
    0.20978126762544408,
    0.19579053670167923,
    0.18702895413426793,
    0.177762949729667,
    0.1682639174601611,
    0.16691396823700735,
    0.1542867078062366,
    0.14959905734833548,
    0.14189853694509058,
    0.13114173776086638,
    0.1311895038713427,
    0.12323869436102755,
    0.1173999235033989,
    0.11431763430728632,
    0.10889376108260716,
    0.10644191459697835,
    0.09576159584171631,
    0.09647865900221993,
    0.09024522387806107,
    0.08773319028756198,
    0.08008740075370845,
    0.08191736173980377,
    0.07317066926728277,
    0.07465404261122732,
    0.06917957172674291,
    0.06756479994339101,
    0.06429137990755193,
    0.06156301651807392,
    0.0597153939306736,
    0.05722594228299225,
    0.05405528547570986,
    0.05365158354534822,
    0.051850092761656814,
    0.04834496591459302,
    0.04720190046902965,
    0.045310144915300256,
    0.04215584766557988,
    0.041462640168474,
    0.04048385427278631,
    0.03887482025824925,
    0.03744191358632901,
    0.03662068347501404,
    0.03594194621066837,
    0.03532129865797127,
    0.033178124522023345,
    0.032508770990021085,
    0.031792308258659696,
    0.031000957988640842,
    0.03064121333334376,
    0.02998857249451034,
    0.029611679396646863,
    0.029468268649104762,
    0.028686625882983208,
    0.028674965505214298,
    0.028360549634432092,
    0.02819804595235516,
    0.028372115373392317,
    0.027917793951928616,
    0.027738432947765377,
    0.027439477963044363,
    0.026878866476609427
  ],
  "perdas_valor": [],
  "perdas_entropia": [],
  "acuracoes_bc": [
    0.5425809972426471,
    0.5734432444852942,
    0.6019215303308824,
    0.6165699678308824,
    0.6253877527573529,
    0.6380112591911765,
    0.6531910615808824,
    0.6670639935661765,
    0.6780072380514706,
    0.6888499540441176,
    0.6952981387867647,
    0.7020335477941176,
    0.7060690487132353,
    0.7203728170955882,
    0.7274241727941176,
    0.7289321001838235,
    0.7426183363970589,
    0.7435087316176471,
    0.7560460707720589,
    0.7650792738970589,
    0.7688562729779411,
    0.7799718520220589,
    0.7920496323529411,
    0.7988424862132353,
    0.8079762178308824,
    0.8126866957720589,
    0.8249224494485294,
    0.8333955652573529,
    0.8434914981617647,
    0.8457749310661765,
    0.8547794117647058,
    0.8612850413602942,
    0.8670151654411765,
    0.8761488970588235,
    0.8822236902573529,
    0.8897633272058824,
    0.8934685202205882,
    0.9009507123161765,
    0.9049144071691176,
    0.9084329044117647,
    0.9143210018382353,
    0.9198069852941176,
    0.9243738511029411,
    0.9282657398897058,
    0.9303481158088235,
    0.9352452895220589,
    0.9376292509191176,
    0.9410903033088235,
    0.9449678308823529,
    0.9468778722426471,
    0.9494198069852942,
    0.9524643841911765,
    0.9529670266544118,
    0.9554084329044118,
    0.9560834099264706,
    0.9605784696691176,
    0.9612678079044118,
    0.9642836626838235,
    0.9641831341911765,
    0.9678021599264706,
    0.9674144071691176,
    0.9720818014705882,
    0.9713350183823529,
    0.9727855009191176,
    0.9736040900735294,
    0.9756290211397058,
    0.9759736902573529,
    0.9772231158088235,
    0.9779411764705882,
    0.9790900735294118,
    0.9801240808823529,
    0.98046875,
    0.9818187040441176,
    0.9821490119485294,
    0.9828383501838235,
    0.9844468060661765,
    0.9846765854779411,
    0.9846047794117647,
    0.9856818704044118,
    0.9863855698529411,
    0.9869743795955882,
    0.9866871553308824,
    0.9869600183823529,
    0.9879796645220589,
    0.9886115579044118,
    0.9887408088235294,
    0.9887120863970589,
    0.9888987821691176,
    0.9892721737132353,
    0.9889849494485294,
    0.9892865349264706,
    0.9900333180147058,
    0.9895450367647058,
    0.990234375,
    0.9901051240808824,
    0.9898609834558824,
    0.9901338465073529,
    0.9899758731617647,
    0.9902774586397058,
    0.9908806295955882
  ],
  "contagem_acoes": {
    "plantar": 1596,
    "esperar": 11788,
    "herbicida": 3281,
    "regar": 1028,
    "colher": 554,
    "fertilizar_N": 3
  },