{
  "recompensas_episodios": [
    8656.468471361042,
    7057.742470912559,
    4931.1567699204115,
    6296.839974074593,
    7707.552964563715,
    8543.79018155023,
    7352.375578595196,
    7729.3370572599215,
    6194.333796507487,
    8190.187345184759,
    8727.989973373995,
    8093.084250746311,
    6304.10309597497,
    8670.377377052513,
    8650.637720176845,
    6320.650870774442,
    8478.954715921764,
    7790.768576691396,
    7423.671670174923,
    8666.196840969338,
    6822.343537279706,
    8113.523604488898,
    8781.129435512297,
    8497.790867978565,
    5545.570464257952,
    8438.863138168625,
    8737.23151076193,
    6158.906221791726,
    6300.448312617761,
    6590.539914199677,
    8539.887914665997,
    7329.191768378581,
    8673.447707364725,
    6255.615919463073,
    8624.184595234094,
    8366.878523769496,
    8564.46417358264,
    7204.978562468426,
    5435.120230144574,
    8876.706433104297,
    7485.575587552425,
    8342.274840619624,
    6483.6417515793,
    8011.294876671354,
    8509.262662879768,
    8160.814829553478,
    4922.176866027032,
    5944.480587792074,
    7161.804441760636,
    8446.591303226438
  ],
  "duracao_episodios": [
    365,
    365,
    365,
    365,
    365,
    365,
    365,
    365,
    365,
    365,
    365,
    365,
    365,
    365,
    365,
    365,
    365,
    365,
    365,
    365,
    365,
    365,
    365,
    365,
    365,
    365,
    365,
    365,
    365,
    365,
    365,
    365,
    365,
    365,
    365,
    365,
    365,
    365,
    365,
    365,
    365,
    365,
    365,
    365,
    365,
    365,
    365,
    365,
    365,
    365
  ],
  "perdas_politica": [
    0.9428771629053003,
    0.7459248602390289,
    0.7210504605489618,
    0.6796281179961037,
    0.6628342007889467,
    0.6286942485500785,
    0.6038158378180336,
    0.5905374586582184,
    0.5753055390189675,
    0.5627658507403206,
    0.5515913104309755,
    0.537081794703708,
    0.5281579433118596,
    0.5169529757078957,
    0.5038459897041321,
    0.4952806523617576,
    0.48567692847812877,
    0.47150064741863923,
    0.46073735812131095,
    0.44036726828883677,
    0.4278126604416791,
    0.4121573874179055,
    0.40649069232099194,
    0.3885007036082885,
    0.3695103061549804,
    0.35659925902591033,
    0.3432266563177109,
    0.3250337260610917,
    0.30949290447375355,
    0.2928845466059797,
    0.2739425788030905,
    0.25965853999642763,
    0.2427494043813032,
    0.23246790249558055,
    0.22557320840218487,
    0.21151159528423757,
    0.19261262259062598,
    0.18973851948976517,
    0.17998466027133606,
    0.17148011835182414,
    0.15227164985502467,
    0.14360781167359912,
    0.13050011786467888,
    0.11959502320079242,
    0.11261197289123255,
    0.10744807869195938,
    0.1035818694268956,
    0.09088110989507507,
    0.08281749574577107,
    0.08415557948105476,
    0.07459545135498047,
    0.06999211714548223,
    0.06324398824397255,
    0.05732559215496568,
    0.054028308566878826,
    0.04744509037803201,
    0.04367708168266451,
    0.0420619664604173,
    0.039212163976010156,
    0.03563693280824844,
    0.03466812773224186,
    0.030255953945657787,
    0.02915529684875818,
    0.02679655413307688,
    0.02517894280197866,
    0.023979558280723935,
    0.02227150503655567,
    0.020056182313162613,
    0.017768893226542893,
    0.015865447109236437,
    0.014366122305064517,
    0.013174648944507627,
    0.011019864955040462,
    0.010952141272890218,
    0.010018772815408953,
    0.009382328141809386,
    0.009464464109281407,
    0.008508782464024775,
    0.006939351640860824,
    0.006700821597512592,
    0.005991539784351035,
    0.005714634351213188,
    0.005325359377927859,
    0.005417212789111277,
    0.0047244617153945215,
    0.004525515778154573,
    0.004056112546309391,
    0.004270023875185014,
    0.004010592758491197,
    0.004069526871556745,
    0.003778277475195115,
    0.003522654779611484,
    0.003548972058685168,
    0.0034282904200475008,
    0.0031472471977501888,
    0.003006142862004173,
    0.0032076867269899916,
    0.0031141115229248125,
    0.002737604999257361,
    0.002909569689483546
  ],
  "perdas_valor": [],
  "perdas_entropia": [],
  "acuracoes_bc": [
    0.5393784466911765,
    0.5973546645220589,
    0.6094037224264706,
    0.644775390625,
    0.6573270909926471,
    0.6739430147058824,
    0.6866814108455882,
    0.6953555836397058,
    0.7045467601102942,
    0.7099752987132353,
    0.7174287683823529,
    0.7220674402573529,
    0.7315314797794118,
    0.7369600183823529,
    0.7439970128676471,
    0.7483340992647058,
    0.7514504825367647,
    0.7611443014705882,
    0.7660989200367647,
    0.7767980238970589,
    0.7858599494485294,
    0.7922937729779411,
    0.7966739430147058,
    0.8055922564338235,
    0.8163057215073529,
    0.8242761948529411,
    0.8298196231617647,
    0.84033203125,
    0.8502987132352942,
    0.8588579963235294,
    0.8674603630514706,
    0.8759909237132353,
    0.8842917049632353,
    0.8909409466911765,
    0.8950051700367647,
    0.9037224264705882,
    0.91015625,
    0.9136460248161765,
    0.918701171875,
    0.9222627527573529,
    0.9324161305147058,
    0.9365808823529411,
    0.9413057215073529,
    0.9474379595588235,
    0.9513442095588235,
    0.9532686121323529,
    0.9559541590073529,
    0.9629767922794118,
    0.9652458639705882,
    0.9640826056985294,
    0.9690803079044118,
    0.9726706112132353,
    0.9749109604779411,
    0.9769789751838235,
    0.9787166819852942,
    0.9813447840073529,
    0.9827952665441176,
    0.9838436351102942,
    0.9850499770220589,
    0.9863568474264706,
    0.9860552619485294,
    0.9881950827205882,
    0.9887264476102942,
    0.9902200137867647,
    0.9909524356617647,
    0.9910816865808824,
    0.9912109375,
    0.99267578125,
    0.9932215073529411,
    0.9942698759191176,
    0.9950884650735294,
    0.9951171875,
    0.9961799172794118,
    0.9960219439338235,
    0.9965102251838235,
    0.9967112821691176,
    0.9967830882352942,
    0.9970128676470589,
    0.9980037913602942,
    0.9977452895220589,
    0.9981617647058824,
    0.9981330422794118,
    0.9983484604779411,
    0.9982622931985294,
    0.9987936580882353,
    0.9986644071691176,
    0.9989229090073529,
    0.9988941865808824,
    0.9989229090073529,
    0.9987936580882353,
    0.9989803538602942,
    0.9991096047794118,
    0.9992244944852942,
    0.9991526884191176,
    0.9991814108455882,
    0.9992244944852942,
    0.9992244944852942,
    0.9993824678308824,
    0.9994399126838235,
    0.9993537454044118
  ],
  "contagem_acoes": {
    "plantar": 1624,
    "esperar": 11181,
    "regar": 1050,
    "herbicida": 3735,
    "colher": 629,
    "fertilizar_N": 31
  },