{
  "recompensas_episodios": [
    6802.399546552581,
    6801.817789225377,
    7292.472512920589,
    6417.623236813943,
    4918.825798060316,
    4509.236433939614,
    7745.42868779261,
    6329.933595752123,
    5454.380693559086,
    5886.913357313291,
    5695.511102831481,
    8120.653796269569,
    4832.88979111027,
    7045.444298391218,
    5655.134552303809,
    6466.379004113423,
    6994.817505194902,
    6411.735235604201,
    7973.392242986466,
    6147.872055851125,
    3797.6025879033673,
    7851.471126305608,
    8131.364028569527,
    6657.280596622941,
    6064.638954265937,
    6262.402678011225,
    6006.605869202229,
    7383.594356980815,
    7765.78103728588,
    5925.53649399664,
    7481.634952585218,
    5674.232165848998,
    6461.19956221682,
    6366.055929375163,
    5016.29357458584,
    7078.6702919496,
    6776.905168739118,
    7249.383777691527,
    5567.781699176101,
    7427.258820003823,
    7276.273854808852,
    7456.9763414324025,
    5614.421273189802,
    5299.42971459644,
    6566.587141239268,
    8321.251260051016,
    7170.406060870031,
    6399.820746563312,
    7367.621933938335,
    73.83130094222948
  ],
  "duracao_episodios": [
    365,
    365,
    365,
    365,
    365,
    365,
    365,
    365,
    365,
    365,
    365,
    365,
    365,
    365,
    365,
    365,
    365,
    365,
    365,
    365,
    365,
    365,
    365,
    365,
    365,
    365,
    365,
    365,
    365,
    365,
    365,
    365,
    365,
    365,
    365,
    365,
    365,
    365,
    365,
    365,
    365,
    365,
    365,
    365,
    365,
    365,
    365,
    365,
    365,
    365
  ],
  "perdas_politica": [
    1.0269938041182125,
    0.794207339777666,
    0.7415512151577893,
    0.7159322500228882,
    0.6997982544057509,
    0.6795541731750264,
    0.6660187875523287,
    0.6400934896048378,
    0.6261627078056335,
    0.6111562690314125,
    0.5975275916211745,
    0.5780809767106,
    0.5677844215841854,
    0.5563839095480302,
    0.5440984000177944,
    0.5316321849822998,
    0.5250594519517001,
    0.5078165469800725,
    0.4937068074941635,
    0.4767785414176829,
    0.4674992017886218,
    0.4505218127194573,
    0.4335504726451986,
    0.42291819961632,
    0.4056177656440174,
    0.3883221447467804,
    0.3722733118954827,
    0.361627979313626,
    0.3450390538748573,
    0.3297153798972859,
    0.31776470997754264,
    0.3015890016275294,
    0.2919132998761009,
    0.2809886581757489,
    0.26375311043332605,
    0.2594879273982609,
    0.2468698923202122,
    0.2322732784292277,
    0.2337073447073207,
    0.2152989817892804,
    0.2066340279929778,
    0.20050852000713348,
    0.18508820454863942,
    0.1779462892343016,
    0.16992018678609064,
    0.16160130018697066,
    0.15681026678751497,
    0.1490013535846682,
    0.14334649022887735,
    0.14042860488681233,
    0.13110604137182236,
    0.12460440024733543,
    0.11822582255391513,
    0.1126961552483194,
    0.10920484648907886,
    0.1029957949238665,
    0.10033472693141769,
    0.09593190954012029,
    0.09150031603434507,
    0.08836149358574082,
    0.08404778995934654,
    0.07994773019762601,
    0.07908996446605991,
    0.07323920113198898,
    0.07196799293160439,
    0.0694173319155679,
    0.06782246611135848,
    0.06321589068016585,
    0.06107814401826438,
    0.05744150357649607,
    0.057271177168278134,
    0.05339611310730962,
    0.051070038667496515,
    0.05128468748401193,
    0.04849475753657958,
    0.04756991740535287,
    0.04487340798711076,
    0.04410283174365759,
    0.04194644674220506,
    0.04004621571477722,
    0.0395990964025259,
    0.039218899739139224,
    0.03788069383624722,
    0.036432044854497206,
    0.034984634915257204,
    0.03467297685496947,
    0.033303824746433425,
    0.03348826189689776,
    0.033429565236848945,
    0.031969994963968504,
    0.032096118775798994,
    0.031692284323713356,
    0.03034339823267039,
    0.03077426032327554,
    0.030704766183215028,
    0.030847081859760424,
    0.03086215356255279,
    0.030019428690566737,
    0.030161366688416284,
    0.029911713565097135
  ],
  "perdas_valor": [],
  "perdas_entropia": [],
  "acuracoes_bc": [
    0.5268841911764706,
    0.5849896599264706,
    0.6072351792279411,
    0.6169720818014706,
    0.6348805147058824,
    0.6458668428308824,
    0.6490263097426471,
    0.6725499770220589,
    0.6816837086397058,
    0.6904584099264706,
    0.6953412224264706,
    0.7096737132352942,
    0.7132640165441176,
    0.7214068244485294,
    0.7266199448529411,
    0.7344468060661765,
    0.7392003676470589,
    0.7463091681985294,
    0.7557014016544118,
    0.7677791819852942,
    0.7701056985294118,
    0.7815515854779411,
    0.7893640854779411,
    0.7981100643382353,
    0.8076602711397058,
    0.8157599954044118,
    0.8261000689338235,
    0.8296760110294118,
    0.8375172334558824,
    0.8483312270220589,
    0.8527975643382353,
    0.8633961397058824,
    0.8676470588235294,
    0.8732479319852942,
    0.8822811351102942,
    0.8826258042279411,
    0.8898351332720589,
    0.8969295726102942,
    0.8966710707720589,
    0.9061781939338235,
    0.90966796875,
    0.9129710477941176,
    0.9216595818014706,
    0.9238712086397058,
    0.9275907628676471,
    0.9307358685661765,
    0.9338235294117647,
    0.9371840533088235,
    0.9400419347426471,
    0.9420955882352942,
    0.9450970818014706,
    0.9484001608455882,
    0.9520048253676471,
    0.9540297564338235,
    0.9560116038602942,
    0.9586397058823529,
    0.9599896599264706,
    0.9610093060661765,
    0.9630629595588235,
    0.9648006663602942,
    0.9670553768382353,
    0.9686207490808824,
    0.9687787224264706,
    0.9716222426470589,
    0.972412109375,
    0.9729434742647058,
    0.9737477022058824,
    0.9752699908088235,
    0.9762465533088235,
    0.9783289292279411,
    0.9774385340073529,
    0.9795927159926471,
    0.9807559742647058,
    0.9801240808823529,
    0.9815171185661765,
    0.9814883961397058,
    0.9834846047794118,
    0.9833409926470589,
    0.9843893612132353,
    0.9853659237132353,
    0.9847196691176471,
    0.9858111213235294,
    0.9861557904411765,
    0.9870892693014706,
    0.9870749080882353,
    0.9875919117647058,
    0.9875631893382353,
    0.9878934972426471,
    0.9878504136029411,
    0.9881950827205882,
    0.9879365808823529,
    0.9885541130514706,
    0.9893152573529411,
    0.9892578125,
    0.9891716452205882,
    0.9890423943014706,
    0.9887838924632353,
    0.9892147288602942,
    0.9895163143382353,
    0.9892434512867647
  ],
  "contagem_acoes": {
    "plantar": 1572,
    "esperar": 11708,
    "herbicida": 3354,
    "regar": 1074,
    "colher": 542
  },