{
  "recompensas_episodios": [
    8517.271909039215,
    8967.249195632845,
    8754.755987875385,
    8706.926436618003,
    7865.995254434363,
    8440.530740610853,
    8584.081062616337,
    8726.355354594009,
    7990.649433703749,
    8515.286801332591,
    8525.718676765106,
    8578.978547360555,
    8607.182947061716,
    8674.421016602482,
    8510.814756390217,
    8680.292237022437,
    8682.813036182913,
    8762.353520219278,
    8659.60088654549,
    8522.1148524189,
    8597.153877234294,
    7962.503871638924,
    8697.591496153687,
    8485.261815704594,
    8596.718380340328,
    8648.437098914452,
    8523.40184280977,
    8529.832271652594,
    8765.412408120672,
    8794.356999147058,
    8402.491971604912,
    5021.825960100586,
    8806.318493006584,
    8357.776297023402,
    8576.233872314002,
    8541.429516021868,
    8523.241989646136,
    6913.3412817118715,
    6080.103783413628,
    8839.806865226663,
    8609.449476911268,
    8572.177068673993,
    8791.647873080476,
    8684.458450008198,
    8641.406309420625,
    8701.427765445116,
    8668.354501280406,
    8735.792005336363,
    8724.344090656099,
    8626.719998704182
  ],
  "duracao_episodios": [
    365,
    365,
    365,
    365,
    365,
    365,
    365,
    365,
    365,
    365,
    365,
    365,
    365,
    365,
    365,
    365,
    365,
    365,
    365,
    365,
    365,
    365,
    365,
    365,
    365,
    365,
    365,
    365,
    365,
    365,
    365,
    365,
    365,
    365,
    365,
    365,
    365,
    365,
    365,
    365,
    365,
    365,
    365,
    365,
    365,
    365,
    365,
    365,
    365,
    365
  ],
  "perdas_politica": [
    0.33391000449254704,
    0.12129394243925046,
    0.07700907142832875,
    0.05398705123169791,
    0.04191477667878975,
    0.03733808638973404,
    0.030618672057035123
  ],
  "perdas_valor": [],
  "perdas_entropia": [],
  "acuracoes_bc": [
    0.9014331714527027,
    0.9527080829326923,
    0.971834716796875,
    0.9809930710565476,
    0.9856878107244318,
    0.9880901834239131,
    0.990249958444149
  ],
  "contagem_acoes": {
    "plantar": 1591,
    "esperar": 3807,
    "regar": 1233,
    "herbicida": 9569,
    "colher": 1096,
    "fertilizar_N": 954
  },
  "kpis_agricolas": {
    "produtividade": [
      807.9636839103343,
      856.2434196842819,
      847.7410343151075,
      849.6913226715361,
      742.5418634950817,
      800.7878199121417,
      839.243201140642,
      846.1664772938183,
      733.239685642402,
      800.6329247399573,
      811.8636935660251,
      834.6441055023245,
      839.6318681243367,
      846.0152139196202,
      809.9472804661563,
      843.8221963212683,
      845.3716246522591,
      837.0119076827256,
      826.0629665864342,
      820.6670393115189,
      828.3302441340231,
      736.1742576045398,
      832.6546722411061,
      824.1658022916502,
      829.3104550810556,
      840.3762959483887,
      830.607506544821,
      827.5055688187199,
      826.2685609077016,
      856.9777718857567,
      811.4836842310357,
      462.239365272128,
      838.7927659682866,
      782.6371388474386,
      834.0933374064903,
      833.3213970565162,
      830.6819200451308,
      595.4430580714067,
      532.4362894969231,
      838.9124222488044,
      833.6622981582102,
      835.753595145219,
      847.9010358671603,
      845.068298064514,
      825.3152540862952,
      844.5485611911728,
      835.660429011651,
      855.6948246708861,
      845.4910748848733,
      840.7133349465396
    ],
    "qualidade_solo": [
      0.21516916810929967,
      0.3808504576118895,
      0.25272041965330677,
      0.2666277288349091,
      0.21370520627265177,
      0.1967634095239898,
      0.17241849561049874,
      0.2138782594218968,
      0.2240454988743747,
      0.2565043163556974,
      0.3201323676100774,
      0.3899490195977741,
      0.215552649886062,
      0.2973373664980588,
      0.4151287010058635,
      0.14118409993253428,
      0.20171013171427715,
      0.3102165661663622,
      0.24821625813072634,
      0.2763296671394846,
      0.16614384131675927,
      0.320676944698814,
      0.1782103315199223,
      0.17940553611337703,
      0.39345295580459816,
      0.21528842638451123,
      0.26638812223651986,
      0.25714586426416103,
      0.12382832969870575,
      0.2921009645548518,
      0.16220089712712343,
      0.37253332881407647,
      0.19706407875858678,
      0.35134837050971346,
      0.2893422347266805,
      0.14014778929451116,
      0.2575346812203092,
      0.3506751239618061,
      0.3044444511701729,
      0.21815062373174843,
      0.1789530361451916,
      0.15427971026626341,
      0.40423695615450894,
      0.17328670847380287,
      0.19217100608795262,
      0.16187619382107366,
      0.22799931355862152,
      0.2054883105702861,
      0.23734245576635465,
      0.19819255816410464
    ],
    "uso_quimicos": [
      1120,
      1472,
      1952,
      1872,
      1920,
      928,
      1968,
      1552,
      1072,
      1280,
      1440,
      1840,
      1840,
      1856,
      1632,
      1744,
      2000,
      1760,
      1440,
      1952,
      1584,
      1152,
      1232,
      2016,
      1600,
      1632,
      1888,
      1600,
      768,
      1888,
      1616,
      1200,
      1584,
      1184,
      1920,
      1920,
      2064,
      608,
      1088,
      1488,
      1712,
      2000,
      2128,
      1984,
      1584,
      1984,
      1808,
      2096,
      1472,
      1808
    ],
    "biodiversidade": [
      5.316240818281994e-52,
      1.364283847446104e-62,
      2.1404789991898751e-78,
      1.0350269614857869e-74,
      5.4354748607308336e-73,
      6.933104850647988e-53,
      8.479960529147994e-88,
      1.2408150351445945e-76,
      8.60862107454022e-55,
      1.3221482334235932e-54,
      2.0431251355955726e-68,
      2.1250177357637416e-78,
      1.6617855909490653e-81,
      3.4537833050483774e-80,
      9.089461109818858e-71,
      1.2243203855228567e-73,
      5.592523664537648e-79,
      1.1005992104397368e-67,
      8.27365892318162e-65,
      4.530462032702687e-81,
      6.786690683717053e-63,
      3.3536822316717275e-60,
      1.1262749697319803e-65,
      1.358845393928265e-76,
      2.8330177568847044e-73,
      7.472128300316538e-77,
      7.183873601349445e-82,
      1.597823829966291e-72,
      1.3011685080334006e-48,
      1.0696899986395892e-80,
      8.38750515382534e-66,
      1.7755244135056848e-52,
      4.1348657216000185e-54,
      4.27960892792509e-63,
      6.6540238137064524e-80,
      3.291644419185708e-80,
      1.573404349856119e-81,
      6.1154340579757485e-55,
      1.6486813161222126e-63,
      3.5886493369075705e-62,
      1.796087921561645e-76,
      4.642065105177626e-77,
      4.966188422496932e-80,
      2.606811751897102e-84,
      1.0755435523262873e-65,
      5.916120655695883e-76,
      4.461237582096966e-72,
      4.93403473886637e-76,
      1.0930450161956263e-76,
      5.053759726002477e-75
    ]
  },