{
  "recompensas_episodios": [
    6797.887618805191,
    7941.28074351096,
    7510.061896853082,
    7243.721636517274,
    7870.367198164377,
    7441.934739449462,
    7954.210708339138,
    7500.816828356533,
    8614.35859679039,
    7943.281464582325,
    5728.691406592814,
    8801.19215912649,
    8650.98145889309,
    8902.416241990746,
    8349.47526458196,
    8756.831615482035,
    6321.492798617432,
    8959.884673591823,
    8456.922434401791,
    7859.749970686841,
    7430.215924245758,
    8687.024136697077,
    8667.567842675242,
    7740.844227166945,
    7629.31968478509,
    7272.150417735515,
    9004.892869458938,
    8369.483682973942,
    6419.0690882619465,
    6832.907631897316,
    5362.753998792008,
    7509.50891722008,
    8452.094371905536,
    8652.737898329193,
    6223.90712339835,
    8168.893126019995,
    8535.648897711486,
    6797.885861430106,
    6561.5745001530095,
    5386.26562109797,
    6959.970934424191,
    5939.406816833999,
    7465.005172246452,
    7921.211559957397,
    5473.112469802483,
    6453.434660913785,
    8753.695926502392,
    7996.282515619492,
    8764.657173526315,
    8695.135378257826
  ],
  "media_recompensa_final": 7634.6443577074715,
  "desvio_recompensa_final": 1028.6577581397464,
  "ood_dry_recompensas": [
    3655.9520230742673,
    3762.211965233754,
    3770.3475154915723,
    4130.1921980801035,
    3715.736191792853,
    3666.4459806109035,
    3520.0458394604484,
    3852.056655001481,
    3701.9625492304335,
    3553.111520965852,
    3965.5895921235588,
    3899.96614136201,
    3779.602954140943,
    3732.1625512372743,
    3648.1518880983504,
    3616.071017451879,
    3704.0238257478964,
    3628.8145261909576,
    3925.5837151681317,
    3694.6378548364137,
    3666.016048301026,
    3725.5527813266863,
    4061.6624391704427,
    3858.609645034469,
    3761.6325404987283,
    3928.428861755708,
    4068.458732670195,
    3664.5285841382174,
    3591.4889717654205,
    3719.2266952056493,
    3663.9654275186404,
    3706.8354681182036,
    3686.7567404956535,
    3665.8246216027383,
    4020.153054063553,
    3636.309631906477,
    3740.516295642163,
    3720.04459766303,
    3836.6785761872216,
    3939.7549545052066,
    4067.7531750140824,
    4014.390001861757,
    3657.9384428415333,
    3794.3143605172054,
    3857.3364970805483,
    3766.447160712117,
    3784.9864253274777,
    3601.501207599226,
    3965.12604255029,
    3668.3808006671675
  ],
  "ood_humid_recompensas": [
    5409.346990026874,
    6860.970904678636,
    4943.525994144626,
    8037.2728225590345,
    6972.599058642161,
    8234.458484817937,
    6873.397709996481,
    8072.240351055712,
    6419.773780815953,
    5024.325011947379,
    5565.43990900521,
    8184.841313476416,
    9141.262161369103,
    7892.852302808097,
    7417.148640466059,
    9301.252373866819,
    6800.345329054678,
    4453.562737005069,
    6256.932506562964,
    6975.436611552172,
    4812.871796664415,
    8895.851515668048,
    4853.921620190377,
    9218.327411377573,
    7177.9718866200765,
    5294.641054505582,
    5594.7946271456385,
    4384.170723172394,
    7648.403202938528,
    6937.608579263739,
    6712.920669677969,
    8677.175975312524,
    9156.883838667589,
    5629.749722439326,
    8666.664765575355,
    5109.4858841127225,
    8330.710916310461,
    5642.222814460087,
    8853.327191709628,
    8079.39691412717,
    6310.677118434411,
    6277.392699691536,
    5762.945384023144,
    9197.441653180009,
    8523.775229688881,
    7260.164884816855,
    9464.060816231598,
    7581.5605870768395,
    8982.29855012596,
    8459.247874225817
  ],
  "media_ood_dry": 3775.2657057407982,
  "media_ood_humid": 7126.673018025713,
  "acuracia_bc_final": 0.9999856387867647,
  "contagem_acoes": {
    "plantar": 1607,
    "esperar": 10816,
    "regar": 1083,
    "herbicida": 4073,
    "colher": 645,
    "fertilizar_N": 26
  },
  "kpis_agricolas": {
    "produtividade": [
      591.1664799041415,
      709.7518442107688,
      664.9750076005605,
      660.7287410514867,
      714.9279534351064,
      662.7896604599383,
      718.9200319118638,
      667.5537773218869,
      804.8011656933007,
      725.4412638392058,
      484.21841775852903,
      817.4604649802229,
      807.7682335990619,
      836.0258075690459,
      769.374840415538,
      818.7731639277611,
      525.8058336839217,
      838.9203705279534,
      786.699840599804,
      705.5060116665904,
      658.1814059268661,
      813.8773085275988,
      806.3390456843857,
      691.6866664609635,
      690.4354454761074,
      640.8779843938584,
      844.1375993826385,
      770.6969918485955,
      558.4073147391123,
      582.9571531919165,
      473.84839706501566,
      671.3450119815586,
      785.9524350533221,
      808.6287942389116,
      544.9993479993959,
      758.2660519623322,
      798.0677963377543,
      586.542745127991,
      552.5372148362313,
      432.99282176715946,
      606.1056215605072,
      500.8386947500645,
      669.0700859246475,
      722.6831857886517,
      434.7024430472202,
      552.4487678961406,
      817.6674558632055,
      724.5062651535009,
      817.168093299804,
      812.9058836537569
    ],
    "qualidade_solo": [
      0.3617851029058666,
      0.380850457611891,
      0.2660573473911779,
      0.2965893033518458,
      0.46881519415001804,
      0.3182267913579174,
      0.25585272245189117,
      0.25301294671643615,
      0.17835581206865295,
      0.18876825605154313,
      0.3055950032775817,
      0.38678476887559754,
      0.33530052627899454,
      0.357283198091471,
      0.3152677742576477,
      0.20543709354085588,
      0.18197884195088498,
      0.31737629304511417,
      0.19857072546172597,
      0.21136679110675158,
      0.24580741278172274,
      0.28813544011055514,
      0.2014248832864317,
      0.25563251730572234,
      0.39948076500594065,
      0.3567108041838766,
      0.22335178483601295,
      0.26170110379061706,
      0.30056942789891805,
      0.2606557674553291,
      0.3958293145743883,
      0.3762140783807205,
      0.16337885454462397,
      0.3383714209855945,
      0.38258699190801826,
      0.29146615191050607,
      0.20782185588493451,
      0.24609487083566506,
      0.19076699990908014,
      0.34151003264793284,
      0.25778230659920087,
      0.24146688277366843,
      0.4166347785872308,
      0.2258118575487754,
      0.32770354223948694,
      0.24384552245585625,
      0.2448048129105342,
      0.22439484052130426,
      0.3234882815839102,
      0.19723433611631033
    ],
    "uso_quimicos": [
      976,
      576,
      928,
      720,
      1040,
      784,
      736,
      688,
      624,
      624,
      464,
      544,
      608,
      592,
      672,
      480,
      1024,
      432,
      464,
      592,
      1088,
      768,
      496,
      864,
      1120,
      784,
      416,
      560,
      688,
      1008,
      544,
      832,
      432,
      624,
      960,
      864,
      640,
      544,
      544,
      848,
      896,
      464,
      640,
      1024,
      816,
      944,
      656,
      384,
      704,
      688
    ],