{
  "recompensas_episodios": [
    8677.802728797076,
    8794.203191853783,
    8643.604420053784,
    8759.384136225097,
    8724.286870944012,
    8689.063489174094,
    8588.345566531589,
    6062.492257574227,
    8644.023288530045,
    8452.202976350352,
    8551.556104935233,
    8706.9188875744,
    8746.543441905465,
    8687.598407010673,
    7511.815854437591,
    7661.707381709786,
    8637.524955220964,
    8855.343415241925,
    8566.958243140989,
    8775.465846824878,
    8588.940720788538,
    8621.880468829986,
    8383.008163949751,
    8613.872299834295,
    7168.259927341343,
    8562.205633888665,
    8713.966778775468,
    8491.603368492528,
    8534.989228937753,
    8537.865774535296,
    8568.791007048185,
    8804.214002289258,
    8694.353820191878,
    8523.177232220216,
    8726.528794733395,
    5636.656688728383,
    8661.103169529491,
    8578.56012418249,
    8569.425325263805,
    6411.410887389643,
    8629.145386786236,
    8579.870191905906,
    8648.240426097173,
    8232.731974361614,
    8715.42229390466,
    8552.322825949894,
    8564.036581677794,
    8708.652968613418,
    8841.378440251496,
    8519.452659502234
  ],
  "duracao_episodios": [
    365,
    365,
    365,
    365,
    365,
    365,
    365,
    365,
    365,
    365,
    365,
    365,
    365,
    365,
    365,
    365,
    365,
    365,
    365,
    365,
    365,
    365,
    365,
    365,
    365,
    365,
    365,
    365,
    365,
    365,
    365,
    365,
    365,
    365,
    365,
    365,
    365,
    365,
    365,
    365,
    365,
    365,
    365,
    365,
    365,
    365,
    365,
    365,
    365,
    365
  ],
  "perdas_politica": [
    0.34281953271176363,
    0.12752108635046544,
    0.08295010771602392,
    0.06095755132181304,
    0.046391064157201484,
    0.04027902912348509,
    0.032142738516422666
  ],
  "perdas_valor": [],
  "perdas_entropia": [],
  "acuracoes_bc": [
    0.8950670396959459,
    0.9497959234775641,
    0.969244384765625,
    0.9784877232142857,
    0.9839732776988637,
    0.986714504076087,
    0.9895476645611702
  ],
  "contagem_acoes": {
    "plantar": 1601,
    "esperar": 4790,
    "regar": 1196,
    "herbicida": 8760,
    "colher": 1035,
    "fertilizar_N": 868
  },
  "kpis_agricolas": {
    "produtividade": [
      847.2303648621468,
      864.721949687384,
      837.6123115724708,
      848.4736076411467,
      850.176678690749,
      836.1091992102088,
      823.8946434228465,
      509.4568140584651,
      845.0211827361288,
      825.3312909232451,
      834.5496366808541,
      822.7338540258738,
      842.838289069762,
      831.5257114471129,
      676.1524005609836,
      709.9976097608253,
      834.5256560106118,
      864.6590377878766,
      809.1513796440756,
      853.5412718813525,
      815.1973676996722,
      841.8068744379092,
      784.7150913402958,
      840.3870096194919,
      621.5615931242389,
      803.6902046301941,
      818.8048623020983,
      805.7595884964353,
      826.4132409997214,
      808.5233594805073,
      831.4202528004405,
      848.7758581531502,
      825.7409160237281,
      829.7103810439546,
      824.4531940184277,
      481.3389615238562,
      836.2472394312576,
      814.2642963053354,
      804.3010465652718,
      557.839769646678,
      832.0690936034099,
      823.4106425579402,
      827.646694172291,
      793.0965649792832,
      839.446873973217,
      813.0023540609926,
      801.8701309773652,
      828.0862358879633,
      848.2872618026909,
      822.4883500414599
    ],
    "qualidade_solo": [
      0.16523318317993718,
      0.3808504576118895,
      0.24672041965330654,
      0.272140842272409,
      0.21045237615936527,
      0.15609300730379727,
      0.18970012872297531,
      0.3522679152495894,
      0.17830194528344845,
      0.17225167757754795,
      0.21935417811863034,
      0.3969215346576844,
      0.24683668101911924,
      0.30325914301665413,
      0.312585993936783,
      0.2989791213461528,
      0.22729890880515663,
      0.3220437441124515,
      0.2377290375022985,
      0.28215987279846155,
      0.18646100949837555,
      0.3981046532118339,
      0.26469387997727306,
      0.18715927875792238,
      0.3963444442517057,
      0.3405264720307871,
      0.36724903288064015,
      0.3449429312236034,
      0.11063453767176784,
      0.24889559813754514,
      0.2068363604321008,
      0.3595054147221211,
      0.1826027371393364,
      0.3421214209855977,
      0.3337430361458226,
      0.21787006245904478,
      0.1571763702196094,
      0.20936940432065826,
      0.2269000184948321,
      0.2750289060132681,
      0.19495654245993307,
      0.1741596164461228,
      0.40475538386757215,
      0.16777906913225957,
      0.2003390975274335,
      0.2192119659669181,
      0.23797461968703087,
      0.24070231758160407,
      0.2766240415559813,
      0.21186620376800394
    ],
    "uso_quimicos": [
      1936,
      2016,
      1936,
      1584,
      1520,
      1552,
      1792,
      1152,
      2048,
      2128,
      2000,
      1200,
      1504,
      1648,
      1088,
      1648,
      2032,
      1920,
      1104,
      1696,
      1280,
      2000,
      1008,
      1856,
      1024,
      1104,
      1472,
      1312,
      1600,
      1312,
      2192,
      1472,
      1216,
      2144,
      1088,
      672,
      2000,
      1488,
      992,
      1040,
      1760,
      1584,
      944,
      1904,
      1904,
      1616,
      688,
      1104,
      912,
      1936
    ],
    "biodiversidade": [
      1.6307434203019097e-71,
      3.3636316545222336e-79,
      3.256201035770924e-82,
      8.013278833325587e-66,
      5.244188794456391e-71,
      4.3926595788420705e-66,
      2.58370104230287e-72,
      1.378930613853616e-54,
      2.476552495837345e-86,
      2.4477684427389794e-74,
      1.2709774285053425e-83,
      5.495711187959017e-51,
      1.1191869816588604e-65,
      1.4281184257028238e-65,
      3.192461130240771e-60,
      8.699916140979685e-73,
      3.5923586592909875e-81,
      3.3160441936257144e-86,
      4.053959358103159e-52,
      2.4481357555553217e-79,
      3.4825287577415336e-55,
      4.9693209417231385e-76,
      7.209511453773409e-65,
      1.5782107803045395e-79,
      2.2403687082374898e-58,
      1.1702062517535788e-55,
      4.51995413803053e-57,
      2.3719332610736128e-63,
      4.946956467505005e-76,
      5.89594581171988e-64,
      3.739413561158347e-83,
      4.121607056555043e-74,
      3.749880913011169e-55,
      1.658811114031833e-84,
      1.1004616716385421e-55,
      1.8406540159752696e-57,
      1.1034728341466183e-70,
      6.7974925091346e-59,
      2.4235212231614428e-57,
      1.2187379244793823e-56,
      6.057953939303343e-72,
      2.6861554910270423e-66,
      1.2023377878284983e-66,
      9.577089256492635e-76,
      2.293684615795768e-70,
      3.2729280590820364e-62,
      7.316705051431635e-49,
      3.825700778198764e-62,
      1.1899313940076411e-73,
      4.024422785064955e-74
    ]
  },