{
  "recompensas_episodios": [
    8619.353873871609,
    8752.203956297948,
    8381.884498011657,
    8213.05362778875,
    8603.5730556519,
    7776.600823266904,
    8731.276284609283,
    8623.529610789217,
    7225.008835088884,
    6484.452446786985,
    8357.84562786636,
    6006.683025445003,
    8562.235725455004,
    8777.182089122922,
    8621.82501252153,
    7368.842469298016,
    8773.254126769505,
    6358.739097773409,
    8563.29621598233,
    8732.44314456463,
    8325.38403230613,
    5573.23635933012,
    8751.040500278783,
    8605.024409076304,
    5813.226860755349,
    8243.277074875914,
    7558.888431708807,
    8620.773895557963,
    8660.847919675754,
    8755.942038439174,
    8806.554848060332,
    6764.019917003066,
    6545.499375235004,
    6885.125030331972,
    5319.39744874009,
    7981.063630469325,
    2909.756289975321,
    8817.713074698317,
    8697.505221970438,
    8695.30007220489,
    6558.166613682201,
    6569.305297938274,
    7725.854937598435,
    8391.002419649667,
    8564.838822787271,
    8753.291627242521,
    8698.072762256006,
    5744.580300253785,
    6640.512075876318,
    7461.726892285583
  ],
  "duracao_episodios": [
    365,
    365,
    365,
    365,
    365,
    365,
    365,
    365,
    365,
    365,
    365,
    365,
    365,
    365,
    365,
    365,
    365,
    365,
    365,
    365,
    365,
    365,
    365,
    365,
    365,
    365,
    365,
    365,
    365,
    365,
    365,
    365,
    365,
    365,
    365,
    365,
    365,
    365,
    365,
    365,
    365,
    365,
    365,
    365,
    365,
    365,
    365,
    365,
    365,
    365
  ],
  "perdas_politica": [
    0.5821385800033002,
    0.5185070902109146,
    0.45273744992911813,
    0.3829328919450442,
    0.33240479325706307,
    0.27231171189442926,
    0.23057437333020758
  ],
  "perdas_valor": [],
  "perdas_entropia": [],
  "acuracoes_bc": [
    0.7160934860641892,
    0.7522911658653846,
    0.789876708984375,
    0.8271112351190476,
    0.8543146306818182,
    0.8845384680706522,
    0.90380859375
  ],
  "contagem_acoes": {
    "plantar": 1594,
    "esperar": 7476,
    "regar": 1082,
    "herbicida": 6910,
    "colher": 850,
    "fertilizar_N": 338
  },
  "kpis_agricolas": {
    "produtividade": [
      829.290460206903,
      830.4413659476401,
      789.2389051522226,
      761.1590790258604,
      838.4761702421048,
      712.0054618651644,
      839.6312766353092,
      818.8946597648111,
      643.5622077488072,
      556.8512171427192,
      789.8697147101269,
      485.04136756295907,
      811.5801042503559,
      847.697257325091,
      840.6617393266664,
      658.0789835008036,
      831.75774032786,
      562.0718841185987,
      832.1334121911751,
      838.6494873114241,
      781.8986839022476,
      467.8784559621804,
      851.9956417375454,
      817.4286552301577,
      470.1417922599675,
      764.3708580435915,
      680.9103971598283,
      811.717894704292,
      806.6784641254656,
      848.4628097298573,
      853.3144146823095,
      636.7529366488666,
      544.1894637893752,
      616.7332606471057,
      492.536573624065,
      735.9348039242572,
      168.4074348482016,
      832.7351539368907,
      835.0621891519336,
      836.8755420808761,
      564.830770355229,
      591.6661374879054,
      703.2029647108458,
      786.3626736688102,
      809.4125093650515,
      828.6617373631775,
      838.737330632122,
      464.0582668094542,
      570.8522999978774,
      657.5352443047061
    ],
    "qualidade_solo": [
      0.24160630850803394,
      0.3801566858033919,
      0.42684645309004887,
      0.2278094963303361,
      0.14593154169416683,
      0.28127064302384375,
      0.18071306440365242,
      0.19142904184272758,
      0.25950871149069743,
      0.281492169828796,
      0.2799523154586594,
      0.4444985484540305,
      0.2878876657175392,
      0.30325914301665435,
      0.2856765976391844,
      0.22273002609954823,
      0.25160709496414,
      0.21964277254354464,
      0.1778078220877719,
      0.2961174515144873,
      0.18822817595610872,
      0.3897967842279628,
      0.21065270894464702,
      0.1561280013941057,
      0.41658435411345207,
      0.30881675932661756,
      0.26441020103290147,
      0.2715595193843118,
      0.22183608410931066,
      0.3537222065292011,
      0.19570763691403503,
      0.35575541472212524,
      0.2271852028614162,
      0.3892538728799336,
      0.2818424233046759,
      0.1517838378164648,
      0.3650063771335463,
      0.24922175747918118,
      0.18961294860842764,
      0.1741848139191916,
      0.25604496973344415,
      0.16607145509475937,
      0.41947034200699296,
      0.1851292767958084,
      0.16425190417482766,
      0.14590289456050895,
      0.24297231447030765,
      0.25663597097411583,
      0.317095168195752,
      0.20485761933667399
    ],
    "uso_quimicos": [
      1616,
      1168,
      672,
      752,
      1744,
      1392,
      1408,
      1008,
      816,
      1440,
      1440,
      528,
      928,
      1312,
      1936,
      1072,
      1120,
      80,
      1856,
      1664,
      1104,
      1600,
      2048,
      1376,
      272,
      912,
      1056,
      928,
      512,
      1904,
      1904,
      1328,
      672,
      1808,
      1248,
      1072,
      448,
      880,
      1376,
      1600,
      1760,
      416,
      816,
      1392,
      1216,
      1536,
      1712,
      672,
      1440,
      128
    ],
    "biodiversidade": [
      8.865514023357504e-60,
      4.859260887488605e-67,
      9.37502476740553e-69,
      2.290334465279387e-53,
      3.108546359115745e-84,
      1.6633151975792697e-57,
      7.003515589904947e-79,
      1.1786956199030572e-60,
      1.3646345003126592e-65,
      1.9247461067346885e-60,
      3.869999942406446e-69,
      7.288274210905816e-49,
      9.444150269160425e-64,
      2.1276783529252505e-75,
      1.5810342573123227e-80,
      1.0211420580018007e-55,
      1.0194933123719861e-66,
      3.2289105927029337e-46,
      5.866298522055313e-77,
      2.447572779072042e-75,
      4.644708392350536e-49,
      2.648691150819925e-54,
      2.1444241064979765e-82,
      2.86304965761658e-60,
      7.399948830092568e-48,
      9.709194756473583e-57,
      1.232341105689391e-50,
      3.793298906549461e-55,
      6.2493914834261035e-47,
      4.332571747346381e-84,
      2.2335773415000664e-79,
      1.2384554454628873e-75,
      1.1568728525585047e-41,
      1.3790467208711233e-78,
      1.775307770796127e-62,
      1.2493102319927658e-65,
      5.734432226052342e-50,
      9.444207026396822e-59,
      9.189560308911058e-68,
      2.2439778356903745e-72,
      2.2646903430967823e-63,
      5.637492038701876e-44,
      6.426820439268346e-62,
      9.407560747211915e-60,
      8.901742410816054e-57,
      1.5203610157474021e-56,
      2.69495968320868e-71,
      2.6771776998259055e-47,
      1.8980621038384975e-70,
      6.871743769972173e-43
    ]
  },