{
  "recompensas_episodios": [
    6446.915792361065,
    6990.26468826408,
    6400.414765305801,
    7676.101489635193,
    6496.785056246503,
    7455.856757471415,
    5344.406505603637,
    5101.294556573447,
    4520.6725890536745,
    4771.402141374612,
    5825.922856153833,
    7374.690074855466,
    6955.814263287746,
    5524.341048062512,
    4807.963143895145,
    7576.479692327688,
    6693.805296703589,
    8750.093762299852,
    7575.66516889406,
    5752.576836340725,
    5802.942369260005,
    7959.14501483132,
    2872.7462720759977,
    6430.8724391788655,
    5037.1740546202245,
    5714.225455969824,
    7854.197406326583,
    7140.206014378395,
    6600.185513648591,
    6844.833612561002,
    7855.311757276321,
    6351.082126156217,
    5446.729250842318,
    8094.601606248101,
    5941.813032317099,
    7124.568514817788,
    7405.720008444738,
    8650.566748963469,
    6679.419985845914,
    6231.812969101276,
    5278.529640837743,
    6415.904394635603,
    6169.256392868476,
    5881.127977353764,
    795.0148758974408,
    5004.6755945590285,
    5256.488786286231,
    5613.555200735124,
    5191.219108220088,
    6812.386774840934
  ],
  "media_recompensa_final": 6249.955587676171,
  "desvio_recompensa_final": 1388.699949439717,
  "ood_dry_recompensas": [
    3677.7281191107795,
    3643.352251829496,
    3830.1563777754154,
    3723.078843610815,
    3795.579134340287,
    4175.6934313629135,
    3953.1782992902613,
    3852.6047252759026,
    3677.212630408747,
    1570.5490579257043,
    3567.6529852831063,
    3603.408845427438,
    4025.80868674415,
    3960.138915576804,
    3977.651445879239,
    3951.797762366832,
    3569.9988570682676,
    3591.2559949910838,
    3843.9057316796493,
    3807.468116229237,
    3760.1530282790422,
    3598.8590038489615,
    3751.935441581144,
    3650.7761818164713,
    3638.5908836642075,
    3627.8780301414904,
    3630.717009813372,
    3362.236224176623,
    3588.334338582851,
    3654.2654082872327,
    3679.6932971470037,
    3591.1680204133118,
    3600.898302261105,
    3825.4235848017843,
    3572.447578499688,
    3840.055675863593,
    3880.8562722093243,
    3565.652542373061,
    3648.1879013805537,
    3628.2762016262523,
    3795.556369705684,
    3718.145214423863,
    3918.22797174579,
    3604.7694189978756,
    3937.873181140695,
    3644.5121880876445,
    3590.644210495703,
    3607.5504956602676,
    3784.9778915758866,
    3652.2051201819095
  ],
  "ood_humid_recompensas": [
    5508.8458999653585,
    8865.647375008719,
    5497.761100031898,
    8126.10847123623,
    4855.596045066366,
    1702.1536942873925,
    3698.639986284278,
    5725.994438247173,
    5340.491967739075,
    6533.517689620936,
    7336.059599438882,
    7522.705218998919,
    5404.680283230917,
    6810.309739990937,
    7630.311026990664,
    2383.553303567095,
    5433.832086980476,
    8548.115227617607,
    6909.298350995745,
    8933.584213751175,
    5808.989530515908,
    7652.163820588774,
    6918.208882731298,
    8636.601441092369,
    5165.260516516262,
    4902.448935295538,
    8699.920926974632,
    5566.034096759251,
    4571.2588049425485,
    4515.952737410701,
    6927.407522488931,
    6658.236145469373,
    6506.297953060726,
    5300.582418508887,
    4701.990237317993,
    6330.140903119234,
    3973.6963565362034,
    7002.790751229181,
    5598.754666281464,
    7109.901404563014,
    1317.0642826512744,
    4131.158609459439,
    8724.085648643997,
    8096.488412629593,
    5684.83492045793,
    7354.833096422219,
    8503.02482094843,
    3368.6109588931217,
    9282.759599944347,
    9247.296057234671
  ],
  "media_ood_dry": 3682.9817440191705,
  "media_ood_humid": 6220.480003554743,
  "acuracia_bc_final": 0.9962890625,
  "contagem_acoes": {
    "plantar": 1663,
    "esperar": 11616,
    "regar": 943,
    "herbicida": 3516,
    "colher": 512
  },
  "kpis_agricolas": {
    "produtividade": [
      538.6662292067075,
      604.8698429297658,
      536.3373119381328,
      692.7641732747328,
      548.431108946636,
      676.9610035429928,
      461.86538041074914,
      416.27596196389754,
      386.0037120158433,
      417.2678781277211,
      521.3173482635734,
      651.0285374519478,
      616.3997586040784,
      442.49335898511146,
      366.06611311084504,
      677.6399708587076,
      564.4656362871066,
      819.3369147357489,
      681.5060464791369,
      464.705278655048,
      476.57149088823087,
      721.5175413722039,
      229.85694252268203,
      528.1753948483708,
      434.7901470164494,
      476.00917460350735,
      713.5898923914968,
      625.7237474435932,
      559.4202275849357,
      597.097510805014,
      718.0885257928344,
      524.5531103034605,
      429.9134437142535,
      742.3128559168621,
      502.7323141859296,
      618.6435026144823,
      652.7068645653728,
      813.1998159334199,
      589.0498646174311,
      542.0670731141392,
      421.40456158148226,
      559.9088850943625,
      545.0115361717305,
      485.42017554022686,
      0.0,
      395.45463243830653,
      432.80749383130814,
      455.8207288489007,
      462.5555702275453,
      589.2993772331956
    ],
    "qualidade_solo": [
      0.18545445156158638,
      0.39696049049404536,
      0.2713662157399124,
      0.3063739680851504,
      0.45465443732108574,
      0.25534891871421056,
      0.3113728420134785,
      0.3139387125369012,
      0.3309875473460906,
      0.32206885999962837,
      0.19024164896997303,
      0.38399180922572274,
      0.29684088856967233,
      0.30700913686738235,
      0.4000410781197431,
      0.16024310981953127,
      0.19408346510005617,
      0.31929943376940695,
      0.18062606706333467,
      0.20933304512022693,
      0.2445016230835417,
      0.17930270045657493,
      0.3498329581501723,
      0.2278429756213285,
      0.3789703955139953,
      0.22706566316503707,
      0.2759738313485173,
      0.26138416164178613,
      0.11857989073018921,
      0.29223319695417016,
      0.20556414567258396,
      0.38082244121530456,
      0.1676310273976607,
      0.41436421869308837,
      0.36867846719728814,
      0.16896241908500365,
      0.3334596045224102,
      0.2875208771183926,
      0.19076670399244056,
      0.25917016051743313,
      0.23319155777708428,
      0.16391171965424461,
      0.41662985132302977,
      0.2645095042032254,
      0.29454453986446827,
      0.3150419046177025,
      0.2996196969841987,
      0.15184110740866152,
      0.16722290341690904,
      0.136638348240027
    ],
    "uso_quimicos": [
      464,
      528,
      608,
      656,
      752,
      704,
      336,
      480,
      512,
      912,
      272,
      896,
      672,
      736,
      384,
      432,
      656,
      896,
      512,
      480,
      704,
      768,
      528,
      480,
      640,
      528,
      1024,
      800,
      464,
      816,
      896,
      736,
      560,
      928,
      1040,
      800,
      592,
      528,
      1216,
      560,
      848,
      432,
      800,
      976,
      656,
      608,
      496,
      48,
      144,
      528
    ],