{
  "recompensas_episodios": [
    8640.356390432997,
    8839.739915496279,
    8605.505695318247,
    8611.262143704642,
    7052.27523817833,
    8677.784825267383,
    8823.536798370504,
    8019.173031589629,
    5486.966797918263,
    5101.434987924336,
    8585.571972099198,
    8615.18417737414,
    8553.769283243599,
    8682.91718154373,
    3083.3693547986377,
    8659.548153105108,
    8336.682810916158,
    8806.041222067735,
    8491.88706303667,
    8803.552855393758,
    8674.160143513747,
    8723.464596104131,
    8636.821605552079,
    8712.420163678424,
    8798.167149577617,
    8648.130107391686,
    8611.061105959629,
    8689.576473457477,
    8674.314192069542,
    8613.450616981569,
    7780.729853175306,
    6312.016109386828,
    8541.742031101436,
    7619.564460988882,
    8682.712376892661,
    8601.809550730752,
    8555.997600492188,
    8657.115254329183,
    8366.133697079884,
    8424.655343668333,
    8728.24676434004,
    8452.748993873261,
    8632.040230838498,
    8680.104320986073,
    8054.049638313946,
    8604.182358856651,
    8765.207098054427,
    8805.901237758771,
    8626.241048832864,
    7583.494366233472
  ],
  "duracao_episodios": [
    365,
    365,
    365,
    365,
    365,
    365,
    365,
    365,
    365,
    365,
    365,
    365,
    365,
    365,
    365,
    365,
    365,
    365,
    365,
    365,
    365,
    365,
    365,
    365,
    365,
    365,
    365,
    365,
    365,
    365,
    365,
    365,
    365,
    365,
    365,
    365,
    365,
    365,
    365,
    365,
    365,
    365,
    365,
    365,
    365,
    365,
    365,
    365,
    365,
    365
  ],
  "perdas_politica": [
    0.3464281523952613,
    0.12589587576878378,
    0.08188587463460863,
    0.057295130951596156,
    0.04468089352700521,
    0.03524222817555394,
    0.036110411984647844
  ],
  "perdas_valor": [],
  "perdas_entropia": [],
  "acuracoes_bc": [
    0.8987476245777027,
    0.9506923577724359,
    0.9692822265625,
    0.9795538039434524,
    0.9846280184659091,
    0.9884033203125,
    0.9888754986702127
  ],
  "contagem_acoes": {
    "plantar": 1586,
    "herbicida": 9706,
    "regar": 1299,
    "esperar": 3845,
    "colher": 1072,
    "fertilizar_N": 742
  },
  "kpis_agricolas": {
    "produtividade": [
      830.9039681821107,
      865.1770085340869,
      842.0132386023115,
      840.9134272580575,
      627.4510813117726,
      842.3142505288475,
      853.8961254066445,
      747.0339859243601,
      461.3968849313727,
      441.0521942184913,
      836.0620341222582,
      834.521291133085,
      840.6987801239317,
      848.9024023644661,
      258.7902554609907,
      840.506611152593,
      784.8720589476744,
      847.7167291035748,
      833.9695934395854,
      848.8553407895108,
      827.9214445887121,
      844.2502667345693,
      833.0355386247356,
      842.745337830522,
      852.0422837679271,
      824.7399265494488,
      829.1203975964298,
      833.5681128755899,
      845.544991651616,
      827.9280816773082,
      723.8308248802358,
      538.1519496934058,
      825.2945295265787,
      696.0114131180167,
      845.7147215206642,
      837.4056164462614,
      832.7048599378895,
      823.857099777319,
      799.4176098480202,
      802.7586112666728,
      826.3966600535782,
      819.0613126670597,
      843.1613183045079,
      840.6359743293342,
      763.2951640353937,
      824.6452901091602,
      844.2739044897539,
      847.9193555177599,
      850.8543473198464,
      679.70485259764
    ],
    "qualidade_solo": [
      0.2111266070001466,
      0.3808504576118895,
      0.25147041965330674,
      0.23679369721811214,
      0.46478836985314304,
      0.20291908317791146,
      0.3475760035939367,
      0.32721152228011285,
      0.3326639893592638,
      0.3208911950390448,
      0.28100184333031664,
      0.4009859188186206,
      0.215552649886062,
      0.30325914301693613,
      0.26760062597626544,
      0.15025933275915626,
      0.2043678841634064,
      0.20499782974190173,
      0.17689657208777193,
      0.21116425274569786,
      0.17774333705878817,
      0.23741859888626032,
      0.21258554366012647,
      0.17580277671211444,
      0.3782319783292696,
      0.3177766797548187,
      0.340561412921388,
      0.20383506641026417,
      0.15680718850136383,
      0.16797986085484984,
      0.18780803703836454,
      0.3673593997723796,
      0.16464820395790403,
      0.38550387286999527,
      0.32585665506683237,
      0.1876208859612266,
      0.2575346812203092,
      0.2374186435334702,
      0.35772817596589,
      0.23371603871735802,
      0.1878213360207341,
      0.1344961081815103,
      0.40475538386757215,
      0.17829463801405676,
      0.26487377453817584,
      0.15100163829732882,
      0.24740013188071652,
      0.2547669168690103,
      0.23749263624351546,
      0.32496104257142816
    ],
    "uso_quimicos": [
      992,
      2000,
      1872,
      1824,
      1264,
      2096,
      2128,
      1328,
      656,
      208,
      2096,
      1808,
      1840,
      1952,
      496,
      1824,
      1312,
      1696,
      1920,
      1712,
      1440,
      1440,
      1840,
      2048,
      2144,
      1328,
      1984,
      1840,
      1824,
      1632,
      1504,
      1424,
      1584,
      1360,
      2032,
      1936,
      1760,
      1392,
      2160,
      1472,
      1152,
      1856,
      1968,
      1920,
      1520,
      1584,
      1248,
      1632,
      1952,
      1008
    ],
    "biodiversidade": [
      4.4816441157589855e-55,
      1.0234675603982199e-82,
      6.109401426185971e-82,
      3.167524735504105e-75,
      2.5000236928955474e-63,
      6.37011125149885e-76,
      5.110801217250978e-76,
      9.05220218656859e-62,
      2.580932241792767e-45,
      2.6427317116392196e-41,
      4.399359750322165e-84,
      2.6231785967774426e-73,
      3.44052892877549e-81,
      2.1247783108184676e-80,
      1.2035503360295392e-41,
      2.85486455564958e-73,
      3.572473397583501e-60,
      8.374283153159235e-74,
      4.285309975594571e-77,
      1.5983041838649066e-74,
      1.939486065452315e-57,
      7.513695457991436e-68,
      1.0036299407271365e-76,
      5.405143316273683e-71,
      6.090618453319094e-79,
      3.870199909779364e-71,
      6.626773369284087e-77,
      8.509723477738389e-62,
      3.519729125532028e-72,
      2.0096429127298846e-65,
      3.597778207694775e-62,
      1.4874328803314338e-73,
      6.5363968373227e-66,
      4.6277778354756075e-65,
      3.9346979947018043e-84,
      2.4727762578969026e-77,
      2.7184992455728275e-79,
      1.4769935629550752e-67,
      2.197081963204924e-79,
      2.833190035555178e-69,
      3.075103313575959e-60,
      1.045913197674792e-76,
      3.4975147908870297e-85,
      2.5617560802831785e-76,
      4.871241852049893e-69,
      2.5880158953262146e-66,
      2.6882896558299332e-64,
      1.3125795980618677e-74,
      1.5369113901168344e-83,
      1.0202121791834055e-52
    ]
  },