{
  "recompensas_episodios": [
    8575.864625801096,
    8932.330766350427,
    8703.494349369867,
    6803.016276153603,
    8679.756622608798,
    7606.697433116385,
    8610.906238878306,
    4777.81159318664,
    6912.804154377505,
    8453.677595865942,
    8405.141734063205,
    7258.2134770499015,
    8680.137915850977,
    6335.448462456671,
    8322.770791710707,
    8810.33182792896,
    8650.42320528884,
    7382.035365420868,
    7582.7625907921765,
    5588.747820106441,
    7018.864596610229,
    7576.105478469813,
    8754.982426647804,
    8090.238338159901,
    8742.367949453426,
    6710.587153407095,
    8738.765305582117,
    8615.026888910725,
    8602.401111604315,
    8815.191510696553,
    8457.263187813482,
    5739.04447633161,
    8417.109537542274,
    8243.822318994924,
    4794.578515674921,
    8577.724250815187,
    8528.478512965341,
    8448.40561413392,
    5838.22796391626,
    8163.151903351039,
    8652.793180430715,
    7119.892923780873,
    7663.5559117228495,
    8857.219462419478,
    5782.90889872712,
    8583.515719127208,
    8697.867420211744,
    8784.508464130744,
    8639.269645000164,
    7612.814776769172
  ],
  "duracao_episodios": [
    365,
    365,
    365,
    365,
    365,
    365,
    365,
    365,
    365,
    365,
    365,
    365,
    365,
    365,
    365,
    365,
    365,
    365,
    365,
    365,
    365,
    365,
    365,
    365,
    365,
    365,
    365,
    365,
    365,
    365,
    365,
    365,
    365,
    365,
    365,
    365,
    365,
    365,
    365,
    365,
    365,
    365,
    365,
    365,
    365,
    365,
    365,
    365,
    365,
    365
  ],
  "perdas_politica": [
    0.4050511886944642,
    0.247827264551933,
    0.20241952817887068,
    0.17390608640298957,
    0.1525500246408311,
    0.12998061779400577,
    0.12624074445759997
  ],
  "perdas_valor": [],
  "perdas_entropia": [],
  "acuracoes_bc": [
    0.8349451013513514,
    0.8940767728365384,
    0.915562744140625,
    0.9293329148065477,
    0.9394087357954546,
    0.9482177734375,
    0.9520092253989362
  ],
  "contagem_acoes": {
    "plantar": 1601,
    "regar": 1138,
    "herbicida": 7175,
    "esperar": 7109,
    "colher": 869,
    "fertilizar_N": 358
  },
  "kpis_agricolas": {
    "produtividade": [
      825.4733910935629,
      860.8060020660881,
      837.7462179190464,
      604.5432255902452,
      834.2785413235184,
      681.0294577772978,
      814.2381355560282,
      425.4236761343264,
      631.377312136787,
      793.2490323800281,
      778.9128517137225,
      657.430310126495,
      838.4689061680242,
      557.3682577934101,
      778.2691417195518,
      843.9757755956537,
      831.0149236525943,
      659.6134844024767,
      689.7240631099922,
      467.87887136096333,
      634.2651925500294,
      679.423635674101,
      840.19224638026,
      735.2461988393889,
      838.0399201654129,
      601.5362292010639,
      838.0337305161548,
      815.9466747492894,
      816.3820805161934,
      831.4253205520605,
      800.8824589170915,
      550.9357982213562,
      787.8823675518541,
      779.3488504625277,
      442.09234143758454,
      806.1014050559561,
      830.7110734822476,
      799.8137349862563,
      481.2818010579313,
      759.9531958104691,
      835.954625103301,
      632.526662256615,
      685.4828536153194,
      849.4359266863529,
      472.9628878869912,
      814.7753699502066,
      828.2954653657087,
      846.5326355241348,
      840.3415761229002,
      708.5348509069863
    ],
    "qualidade_solo": [
      0.16833347685455977,
      0.32598604500485273,
      0.25213299902049424,
      0.3326766397999613,
      0.18459197945013972,
      0.2904470757174368,
      0.23762589246004878,
      0.16272514261358212,
      0.26904333663203944,
      0.218243501289093,
      0.2802085441238582,
      0.41696215965788264,
      0.21414025545121812,
      0.3412088266144939,
      0.33003104667749644,
      0.15775078633757816,
      0.17291328954710977,
      0.2688586403207267,
      0.18296382965039099,
      0.3005989824862731,
      0.322193515686507,
      0.31120058628989655,
      0.1938699678243204,
      0.15803130631537665,
      0.4015072170734753,
      0.3095071776817445,
      0.23018464051217036,
      0.2134534248250001,
      0.1887059923055341,
      0.3058141057006545,
      0.22934252854432186,
      0.38138353997620633,
      0.1809732756703573,
      0.345871420993917,
      0.3628339594914817,
      0.17321140128923715,
      0.2597550203289889,
      0.27905853638951406,
      0.22746944537926042,
      0.30854138125780084,
      0.1929058445011831,
      0.2699368978434176,
      0.40423695615450894,
      0.21651603993018817,
      0.22862050596579264,
      0.14793261734531254,
      0.20915529679103495,
      0.2016937558627125,
      0.33229225822745934,
      0.3153365754474564
    ],
    "uso_quimicos": [
      1520,
      1616,
      1600,
      1552,
      1744,
      736,
      976,
      432,
      640,
      1264,
      1120,
      1408,
      1696,
      1296,
      1600,
      1280,
      1584,
      1568,
      1792,
      768,
      1952,
      800,
      1456,
      672,
      1360,
      704,
      1840,
      1280,
      1392,
      608,
      912,
      704,
      768,
      1152,
      832,
      784,
      2096,
      1424,
      848,
      1248,
      1296,
      928,
      832,
      1472,
      1120,
      1568,
      1104,
      1120,
      1904,
      1344
    ],
    "biodiversidade": [
      4.142965216017284e-65,
      1.0892559876418996e-67,
      1.2829404326234596e-75,
      6.551738036499612e-61,
      3.1863491097585585e-81,
      1.0198271500818098e-44,
      5.901247099101e-66,
      4.177598853659984e-53,
      5.3208726760901576e-61,
      2.6757471961135654e-53,
      6.36359041134215e-55,
      1.9973213332962059e-56,
      7.54597964264408e-72,
      5.096236027920232e-59,
      4.871515441913211e-64,
      3.5496753934484756e-61,
      6.387966717733747e-69,
      4.438652968272789e-67,
      1.601890961893894e-63,
      1.295260186313481e-52,
      9.473978959111783e-63,
      3.578699815552223e-47,
      1.8219667482915012e-72,
      1.5233778171029623e-52,
      8.598500614004183e-70,
      1.7557724756343214e-59,
      1.8838654884951026e-72,
      2.9289042163002595e-59,
      2.5967964471509483e-62,
      1.288919865405109e-60,
      1.6928581126706498e-53,
      3.348733980141783e-61,
      3.786445139907902e-45,
      5.468163461772601e-64,
      1.808941363951379e-54,
      3.059086169892538e-60,
      2.980224540451013e-82,
      7.855560806512438e-69,
      1.0729001621392253e-56,
      1.9805568399576554e-62,
      7.484307116913735e-70,
      1.0602845451922323e-52,
      8.01872346553838e-62,
      1.5166348260045503e-69,
      5.1623834466695914e-61,
      7.007260665099151e-57,
      6.5362089864445e-61,
      1.133811059807148e-66,
      5.861978784481413e-85,
      3.0890498333972477e-65
    ]
  },