{
  "recompensas_episodios": [
    8256.64962047735,
    8192.99771726846,
    7725.277234126878,
    5672.867899607006,
    8694.365950890455,
    8590.1368380608,
    8554.190806473121,
    6795.181611281724,
    4987.364413116455,
    7138.908444110601,
    8148.059303499326,
    8661.319849217558,
    8494.678574378278,
    8913.7899727909,
    5690.124239094031,
    6573.448217647368,
    8838.4583762925,
    8004.866751214444,
    6931.9510409084,
    8694.052348863659,
    5428.260684004121,
    8175.964513106169,
    8506.437153934416,
    8692.485120921621,
    8815.773712723767,
    8103.559414136289,
    8305.8540782829,
    5668.989633387792,
    8122.0588409888605,
    6997.963327697613,
    7507.171625933434,
    8991.902315689284,
    8499.403119934315,
    8837.171682547447,
    7651.8072305796795,
    7837.010098228193,
    6614.284848785263,
    6055.399429783717,
    6629.248848577299,
    7401.86379478042,
    7715.459004868367,
    8536.85853411008,
    7250.378156382967,
    8592.171223223704,
    6426.833326558222,
    6127.663404173772,
    8637.860732695382,
    8702.709402280863,
    8665.477046192038,
    5985.757664308624
  ],
  "media_recompensa_final": 7660.84934356272,
  "desvio_recompensa_final": 1104.662295912513,
  "ood_dry_recompensas": [
    4030.434372293046,
    4012.5724594965614,
    3859.1989233713184,
    3607.0781538067395,
    3649.309075285343,
    3924.4602737013406,
    3875.1691146337294,
    3644.83113180324,
    3648.4916860593025,
    3804.1815689361306,
    3733.6465355245455,
    3742.2850517315164,
    4002.9891669699196,
    3690.8073728776826,
    3755.727909102093,
    3610.6052327478674,
    3660.33678654069,
    3666.603557553687,
    3662.661903444322,
    3884.5969455978866,
    3774.9700910469855,
    3799.1926628989113,
    3726.966798970722,
    3642.582026876686,
    3615.3283296701843,
    3744.1739348742312,
    3674.90293737901,
    3865.9222594132343,
    3653.039078919445,
    3837.809333698047,
    3583.1651671750606,
    3676.7446262757976,
    3962.49450852941,
    3627.104045354,
    3758.0497585051626,
    3651.232510701493,
    3647.773980728345,
    3627.143549994462,
    3646.64403730866,
    3723.0967116080456,
    3745.0192067559074,
    3642.35268211508,
    3616.6922695122075,
    3781.470057186546,
    3635.050797661068,
    4046.869695870898,
    3662.3408205065775,
    3641.182778521129,
    3704.713180224143,
    3598.388521129432
  ],
  "ood_humid_recompensas": [
    7366.168625090465,
    9149.442962321451,
    8443.835174742631,
    9142.963380013265,
    9320.701096298933,
    8521.07825687381,
    8824.781013701628,
    9076.941730441193,
    9190.91935699811,
    7797.171890313992,
    9055.363976234756,
    7532.256852376317,
    9099.455203577058,
    7923.772710875835,
    9190.821475708402,
    9470.864912741654,
    7011.187233088031,
    8009.820020103323,
    7947.993630359931,
    8441.165613327255,
    8184.4792657841845,
    6940.885943864914,
    8478.563090749845,
    9160.747442144562,
    9098.335210396479,
    8158.296387846707,
    6991.12631124687,
    7003.977848248247,
    9029.24109088354,
    8460.2914558955,
    6892.80342991394,
    9159.52939534399,
    9015.67358366799,
    8842.968925836809,
    7244.586199351172,
    7519.08245059909,
    9088.825813095023,
    9118.422916143847,
    6923.449671957833,
    9034.828885782348,
    8696.314995397284,
    9094.074247140656,
    9382.989378590884,
    9284.98845998989,
    8770.513019452625,
    9141.174719500366,
    9444.571611054409,
    9035.619001538791,
    8392.807948385334,
    8486.871154209279
  ],
  "media_ood_dry": 3735.568071617757,
  "media_ood_humid": 8491.854899384009,
  "acuracia_bc_final": 0.9999569163602942,
  "contagem_acoes": {
    "plantar": 1611,
    "esperar": 10708,
    "herbicida": 4198,
    "regar": 1051,
    "colher": 644,
    "fertilizar_N": 38
  },
  "kpis_agricolas": {
    "produtividade": [
      772.2993078083199,
      749.2040815148167,
      692.077020970289,
      475.75103764341566,
      812.7900482178354,
      801.5984538389072,
      803.1967889564261,
      586.16289757585,
      396.8021913453755,
      639.6204039591948,
      755.7627917680801,
      814.0550575799685,
      792.4282750633316,
      835.0067800585464,
      480.35421176828805,
      581.6781454799791,
      827.2089617508182,
      734.5111232551205,
      612.1714861133256,
      815.8977400147951,
      445.0408378669646,
      750.5335433150237,
      789.8295496833747,
      815.2083719274603,
      825.3368884337115,
      742.4165685012822,
      758.6253333670452,
      478.81707643964455,
      748.7957236162611,
      603.0728212316567,
      664.0393915593214,
      839.3437770409425,
      792.3558812959274,
      828.3595341565621,
      681.09632074099,
      722.0227786886937,
      592.4032386959713,
      491.1087529626676,
      563.0199767630141,
      663.2609836073057,
      694.1808837137247,
      794.5402339703014,
      641.1599235628362,
      802.4143781778926,
      540.7719493188009,
      529.6552216108041,
      801.9189179672669,
      812.394784126659,
      806.669088637414,
      500.73969670921986
    ],
    "qualidade_solo": [
      0.16517409964667779,
      0.37806371644736425,
      0.28148335793455326,
      0.36905303601199396,
      0.45465443732108574,
      0.2182347475390511,
      0.17352451738935526,
      0.25458335988646164,
      0.14361278911724962,
      0.1714297025273186,
      0.23967951973551027,
      0.4145020174843968,
      0.27317837788377464,
      0.3203607715923713,
      0.4135723490516804,
      0.22899671846198522,
      0.21763120903786481,
      0.2996241053378794,
      0.36381689725497834,
      0.2793500353768006,
      0.3375860368346264,
      0.36269254195625655,
      0.22449016786378656,
      0.15780488747031252,
      0.3804635497783682,
      0.19187700725909662,
      0.22701926898729108,
      0.2943673666530236,
      0.19039057912405122,
      0.34652727974458775,
      0.2884297629173155,
      0.34753737759697,
      0.18388322582640104,
      0.32949134594699425,
      0.38457459855188836,
      0.16201413246606805,
      0.18484714425551768,
      0.19517601475336527,
      0.18992441715456884,
      0.2005336912296475,
      0.24130980063990212,
      0.1936571649930094,
      0.40423695615450894,
      0.17891701255728307,
      0.23554565248244477,
      0.23127906729911574,
      0.30010964280001595,
      0.18397781763467388,
      0.3271900513679034,
      0.2945460078869074
    ],
    "uso_quimicos": [
      944,
      784,
      800,
      800,
      784,
      384,
      704,
      576,
      800,
      976,
      864,
      672,
      704,
      880,
      1072,
      480,
      624,
      512,
      768,
      976,
      752,
      752,
      608,
      864,
      576,
      432,
      272,
      624,
      960,
      880,
      608,
      336,
      752,
      528,
      768,
      784,
      480,
      736,
      688,
      1024,
      960,
      288,
      816,
      576,
      672,
      720,
      800,
      288,
      544,
      320
    ],