{
  "recompensas_episodios": [
    6480.794703922906,
    8809.487598618067,
    7018.204923709551,
    4742.615166921032,
    8523.712464303177,
    6597.03120063295,
    2741.384579117056,
    6834.752800591163,
    6110.703906875191,
    5762.115452022972,
    7756.003318597266,
    5370.9483917382195,
    5848.327102743666,
    6930.416768680276,
    5506.514077866899,
    8761.378131377744,
    7300.082344927679,
    7043.158320481235,
    5885.28302439276,
    7368.365372393622,
    8018.0110278907705,
    6532.739021731088,
    6213.920585802491,
    8671.84564649776,
    3375.3960810938015,
    6745.1334148017795,
    6624.839443588522,
    8837.514973352376,
    5792.634620772273,
    5998.010002005318,
    8061.5687406956,
    6465.258856486187,
    5851.343724810833,
    5990.952205037868,
    8084.024608425494,
    7148.561832305405,
    7107.139585074963,
    6236.470293569034,
    7629.766208942252,
    8851.902978812406,
    5416.917373794913,
    6927.6864045451875,
    7018.724021360167,
    7891.463639940172,
    7914.7100327229045,
    7115.463592839727,
    4423.222870809184,
    7022.617907219737,
    5809.536833866209,
    6015.900720788666
  ],
  "duracao_episodios": [
    365,
    365,
    365,
    365,
    365,
    365,
    365,
    365,
    365,
    365,
    365,
    365,
    365,
    365,
    365,
    365,
    365,
    365,
    365,
    365,
    365,
    365,
    365,
    365,
    365,
    365,
    365,
    365,
    365,
    365,
    365,
    365,
    365,
    365,
    365,
    365,
    365,
    365,
    365,
    365,
    365,
    365,
    365,
    365,
    365,
    365,
    365,
    365,
    365,
    365
  ],
  "perdas_politica": [
    1.1472771851455463,
    0.8065042022396537,
    0.75925011845196,
    0.7309166333254646,
    0.711795077604406,
    0.6963362763909733,
    0.6852798198952395,
    0.6708742502857657,
    0.6556976630407221,
    0.6394609107690699,
    0.6206220072858474,
    0.6092148651094997,
    0.5971372127532959,
    0.5837145465261796,
    0.5738390929558698,
    0.5613270524670096,
    0.5473293162444058,
    0.53367659712539,
    0.5202187124420615,
    0.513072570457178,
    0.4991097029517679,
    0.47882286327726703,
    0.4686964934363085,
    0.454634691862499,
    0.43746741379008575,
    0.42185439081753,
    0.41406270160394554,
    0.3930608297095579,
    0.390131075592602,
    0.37704386080012603,
    0.35949822997345643,
    0.3501933620256536,
    0.33676166218869824,
    0.33024775806595297,
    0.3192075666259317,
    0.3084637224674225,
    0.29896847903728485,
    0.28944964706897736,
    0.2771313488483429,
    0.27348778572152643,
    0.26698972328620796,
    0.25843936555525837,
    0.24987098749946146,
    0.2444939885069342,
    0.23276114770594766,
    0.22872151215286815,
    0.22237874742816477,
    0.21493874446434133,
    0.20723752282998142,
    0.20286262123023763,
    0.19790607164887822,
    0.19327652892645666,
    0.1882905504282783,
    0.18273837732918122,
    0.17616554700276432,
    0.1708103094030829,
    0.1698052580742275,
    0.161133794223561,
    0.1575431001975256,
    0.1518248613266384,
    0.14828485162819133,
    0.1437753552899641,
    0.1417985683416619,
    0.13870992445770433,
    0.13294811985071966,
    0.1307931511717684,
    0.12648242843501709,
    0.12297068558195058,
    0.12048926072962143,
    0.11681090974632431,
    0.11526987701654434,
    0.11413147388135686,
    0.1098752015215509,
    0.10769930832526263,
    0.10690596984589801,
    0.103926030371119,
    0.10120293278904523,
    0.09912283937720691,
    0.09704111209687065,
    0.09640175301362486,
    0.09320621937513351,
    0.09234478894401998,
    0.09182506405255374,
    0.09040967506520889,
    0.08806811820934801,
    0.08769839771968477,
    0.08660594352027949,
    0.08590333097997833,
    0.08479731595691513,
    0.08431923915358151,
    0.08340529527734308,
    0.0823137166307253,
    0.08160137998707154,
    0.08165681022493278,
    0.08175552680211909,
    0.08096974069143043,
    0.07969708642100587,
    0.08046145759084646,
    0.07890324886230861,
    0.07967176847159863
  ],
  "perdas_valor": [],
  "perdas_entropia": [],
  "acuracoes_bc": [
    0.5393640854779411,
    0.5819019990808824,
    0.6006002987132353,
    0.6118451286764706,
    0.6224724264705882,
    0.6346363740808824,
    0.6414435891544118,
    0.6505485983455882,
    0.6655991498161765,
    0.6746323529411765,
    0.6839958639705882,
    0.6929716222426471,
    0.6995059742647058,
    0.7092572380514706,
    0.71240234375,
    0.7186063878676471,
    0.7277544806985294,
    0.7362132352941176,
    0.7424890854779411,
    0.7454474954044118,
    0.7552274816176471,
    0.765869140625,
    0.7703354779411765,
    0.7776309742647058,
    0.7895076976102942,
    0.7979808134191176,
    0.8008530560661765,
    0.8123420266544118,
    0.8140940946691176,
    0.8226533777573529,
    0.8330796185661765,
    0.8361098345588235,
    0.8430319393382353,
    0.8476706112132353,
    0.8540900735294118,
    0.8589872472426471,
    0.8632094439338235,
    0.8675034466911765,
    0.8724580652573529,
    0.8749569163602942,
    0.8782599954044118,
    0.8842198988970589,
    0.8874080882352942,
    0.8891170726102942,
    0.8966136259191176,
    0.8978486902573529,
    0.9009650735294118,
    0.9046271829044118,
    0.9081025965073529,
    0.9104434742647058,
    0.91357421875,
    0.9156135110294118,
    0.9171501608455882,
    0.9201085707720589,
    0.9234978170955882,
    0.9257668887867647,
    0.9252786075367647,
    0.9301183363970589,
    0.9327033547794118,
    0.9341825597426471,
    0.9363223805147058,
    0.9385627297794118,
    0.9396541819852942,
    0.9409323299632353,
    0.9431439568014706,
    0.9440630744485294,
    0.9464183134191176,
    0.9473661534926471,
    0.9482278262867647,
    0.9506117876838235,
    0.951416015625,
    0.9523207720588235,
    0.9540584788602942,
    0.9546185661764706,
    0.9557387408088235,
    0.9567296645220589,
    0.9575913373161765,
    0.9592572380514706,
    0.9597311580882353,
    0.9601045496323529,
    0.962158203125,
    0.96142578125,
    0.9624597886029411,
    0.9633501838235294,
    0.9639964384191176,
    0.9635081571691176,
    0.9645852481617647,
    0.9651166130514706,
    0.9648868336397058,
    0.9656479779411765,
    0.9657772288602942,
    0.9667825137867647,
    0.9669548483455882,
    0.9670984604779411,
    0.9665670955882353,
    0.9672707950367647,
    0.9675723805147058,
    0.9671415441176471,
    0.9687930836397058,
    0.9678596047794118
  ],
  "contagem_acoes": {
    "plantar": 1588,
    "esperar": 11860,
    "herbicida": 3255,
    "regar": 987,
    "colher": 557,
    "fertilizar_N": 3
  },