{
  "recompensas_episodios": [
    8680.087442930757,
    8729.411936196298,
    8918.023085229048,
    8641.344159698136,
    7747.798320872806,
    8542.194012324027,
    8195.419540874129,
    5587.3366839363935,
    8550.625641537195,
    8587.54482370212,
    8664.762352142325,
    7821.872034600139,
    8278.30378819304,
    8657.162758430024,
    6929.707706262589,
    7704.148406275419,
    6534.756743271768,
    8781.285114140097,
    6238.406399968208,
    8744.020617412727,
    8330.745012897329,
    8626.520372144678,
    8522.19460971735,
    8642.880580575751,
    6776.068345638611,
    8783.866221055054,
    6560.206830443392,
    8208.18472708606,
    8572.197368985777,
    8698.503334922723,
    8049.054409871646,
    6791.715663369656,
    8510.672779492843,
    8031.442880554274,
    8249.3133602619,
    7093.918721637401,
    7858.641841003531,
    7879.7905464592095,
    8586.416894890317,
    7615.733050686797,
    7707.428923551017,
    6718.340526557969,
    7613.787762803142,
    8561.098757901333,
    8664.281053763396,
    8550.993065220973,
    8728.1722338164,
    8596.149129739506,
    6338.772221551819,
    6913.769375976469
  ],
  "duracao_episodios": [
    365,
    365,
    365,
    365,
    365,
    365,
    365,
    365,
    365,
    365,
    365,
    365,
    365,
    365,
    365,
    365,
    365,
    365,
    365,
    365,
    365,
    365,
    365,
    365,
    365,
    365,
    365,
    365,
    365,
    365,
    365,
    365,
    365,
    365,
    365,
    365,
    365,
    365,
    365,
    365,
    365,
    365,
    365,
    365,
    365,
    365,
    365,
    365,
    365,
    365
  ],
  "perdas_politica": [
    0.3620326257638029,
    0.17422462814511397,
    0.12947015507146717,
    0.10638644407015471,
    0.09439838581125845,
    0.07648450316780288,
    0.07616163904362537
  ],
  "perdas_valor": [],
  "perdas_entropia": [],
  "acuracoes_bc": [
    0.8571025126689189,
    0.9280874399038461,
    0.948333740234375,
    0.9585100446428572,
    0.9645263671875,
    0.971484375,
    0.9733045212765957
  ],
  "contagem_acoes": {
    "plantar": 1607,
    "esperar": 8033,
    "regar": 1111,
    "herbicida": 6282,
    "colher": 877,
    "fertilizar_N": 340
  },
  "kpis_agricolas": {
    "produtividade": [
      817.5130127015254,
      834.0648373705853,
      859.7124226447968,
      824.391497683904,
      707.2450368022756,
      805.1906739439364,
      761.4069710955046,
      441.3632219028957,
      808.0197441189646,
      835.5178451990389,
      835.7053674377537,
      719.7237430856065,
      773.0806673212358,
      821.6739488941897,
      610.2509077914991,
      697.4118310632606,
      569.6801093868423,
      845.6046908967454,
      554.0408099869627,
      840.4567223743933,
      779.7426040820859,
      809.3064133768662,
      803.7133590337181,
      818.2913274148523,
      594.0701636014797,
      833.0177271724507,
      549.5444987013723,
      751.8186565358897,
      806.2109815763689,
      815.4565240213012,
      746.1923608520411,
      585.5389716837223,
      795.50350788423,
      747.1202774565554,
      765.5251018099085,
      634.6341537277633,
      721.472396035803,
      739.5251355078427,
      807.9708020447054,
      686.2389995826926,
      716.3252600649322,
      591.2090500181229,
      688.5212215630817,
      811.4356745428191,
      822.1952772008162,
      816.1060759442212,
      833.4079332505629,
      815.1225876868313,
      542.0537068033195,
      598.413828662835
    ],
    "qualidade_solo": [
      0.23728134682179294,
      0.3808504576118895,
      0.426846453090049,
      0.2050547769600827,
      0.4463143067220857,
      0.16319420068533538,
      0.2538102041082427,
      0.3244962510407072,
      0.17617575176094413,
      0.1676957874127552,
      0.22092425406941674,
      0.40363492901325193,
      0.331107343912742,
      0.3026966430213406,
      0.39167402707516974,
      0.21922573561781505,
      0.23252010922789246,
      0.3102165661663622,
      0.34531918490086627,
      0.21173562346618885,
      0.22182171312636204,
      0.28846357932425326,
      0.29776223335867086,
      0.1539095799894182,
      0.4289283230244003,
      0.2280663119223068,
      0.2345645628826076,
      0.37421200467127086,
      0.13010315388134294,
      0.3421663652684659,
      0.1939254368631796,
      0.37513916992488805,
      0.1670930859469849,
      0.36344146574312924,
      0.36868512390169145,
      0.156404501614581,
      0.28269614893906453,
      0.24045499178339363,
      0.19076699989244889,
      0.35424170748860706,
      0.26982044581950926,
      0.27663595478342373,
      0.40732153722299125,
      0.18238644390110148,
      0.21228216819692713,
      0.11813622591220316,
      0.3357469652429105,
      0.2497516574731687,
      0.37189907889317864,
      0.30833472856419675
    ],
    "uso_quimicos": [
      912,
      1520,
      2208,
      1072,
      1568,
      944,
      976,
      1328,
      1280,
      2016,
      1792,
      1456,
      1152,
      1456,
      848,
      1232,
      1536,
      1760,
      1152,
      1568,
      1072,
      704,
      1152,
      1152,
      528,
      560,
      544,
      832,
      928,
      800,
      1328,
      1264,
      800,
      1024,
      960,
      928,
      1232,
      944,
      1024,
      912,
      1632,
      1600,
      1152,
      1216,
      848,
      1168,
      1200,
      1520,
      976,
      816
    ],
    "biodiversidade": [
      8.714503537816117e-50,
      3.7837845338261914e-64,
      1.444410790902704e-79,
      9.85202343226552e-59,
      1.834702491707271e-66,
      3.2732437339527686e-57,
      1.2045324058290377e-67,
      1.3702998960499193e-54,
      3.4618789428122444e-60,
      1.1966583660599554e-74,
      1.1798446605154083e-70,
      1.8337975361193979e-65,
      1.9859212953293547e-56,
      1.9979183094411174e-65,
      4.0774491069210567e-56,
      1.2154148721354296e-55,
      2.6182217959357234e-61,
      5.744681903005965e-70,
      2.5731443000017314e-56,
      8.827525868677022e-64,
      5.484161114314695e-55,
      3.3486478854292974e-51,
      1.848895267691826e-64,
      4.119254099631559e-52,
      2.79625845327253e-49,
      1.200835416181761e-61,
      2.7766950785538608e-45,
      5.590485881227235e-50,
      2.14135632975225e-52,
      5.56761525637932e-57,
      9.853616358214999e-60,
      3.0259806477053107e-58,
      2.8948805596505224e-43,
      5.375894956679973e-55,
      5.40514304780208e-62,
      6.2426978019864915e-56,
      1.2632175501056358e-54,
      1.8876738291184623e-54,
      6.3210095835032706e-58,
      6.927632873092609e-57,
      2.136708852289295e-72,
      4.2143790298501716e-63,
      2.615072003468718e-63,
      3.705849876750048e-65,
      3.294347258019196e-50,
      6.005518666108236e-57,
      7.409203912346316e-66,
      7.437585148506298e-62,
      1.989526121704399e-58,
      3.062721657575614e-45
    ]
  },