{
  "recompensas_episodios": [
    4947.337169615307,
    6602.51090173091,
    6581.116232301254,
    5952.948984289393,
    5107.672911026108,
    6020.813792177032,
    5834.455237834249,
    8270.713782059287,
    6466.954996099013,
    6334.920329713778,
    1038.8045654639684,
    7443.231586901931,
    8159.812212641727,
    3129.569489078199,
    4279.904071532754,
    8611.07971990364,
    7171.67372201322,
    7187.360356874495,
    6327.629483993584,
    8130.01682173353,
    3522.9222524045463,
    6710.924778866638,
    7552.875041434967,
    6702.338300569856,
    5200.4012228181,
    8088.431619147839,
    5605.146009034266,
    5329.650882329459,
    7171.384774422525,
    6596.86733112815,
    6639.577147832083,
    5701.86807288787,
    5897.059134752653,
    6031.4957144121145,
    7484.258617934457,
    6042.672384738593,
    5702.92967254906,
    6502.954902852599,
    6606.857702081017,
    7254.793979357504,
    5879.534373552863,
    6232.921303826461,
    6722.057762427347,
    5992.042452018446,
    8411.816671691995,
    6780.092150776018,
    6293.241603177057,
    5405.81894538087,
    7866.86507933024,
    5836.14042735423
  ],
  "media_recompensa_final": 6307.289333561464,
  "desvio_recompensa_final": 1364.1829152348512,
  "ood_dry_recompensas": [
    3588.8145163758854,
    2171.7503894857496,
    3613.523962013999,
    3596.1663717567753,
    4064.9360576092363,
    3698.174268383189,
    3707.5238685036056,
    3511.200743252187,
    3630.0683791537995,
    3627.0938215351593,
    4014.1472417176756,
    3860.420397275402,
    3808.9394063838695,
    3723.255744163589,
    3715.4696637962425,
    3662.356100606132,
    3659.431059690691,
    4145.538615049607,
    2338.4382893305565,
    3793.4391904608565,
    3789.469414441598,
    3500.894202843238,
    3918.0856015906465,
    3614.6515709381238,
    3763.6097688989385,
    2298.3469722917444,
    3442.866247173639,
    3617.584350947065,
    3572.5376153585703,
    3684.839145355443,
    3591.523269522432,
    3890.990995361671,
    4054.568543123017,
    3717.322306050868,
    3775.6003420274146,
    3563.815476206907,
    3789.724824870665,
    3645.085839692421,
    3788.867367512903,
    3747.673572823993,
    3944.0395660396352,
    3927.9616714797285,
    3815.599201716389,
    3769.1923063324525,
    3702.199227049169,
    3696.1752923951753,
    3602.1696949783877,
    3576.579120642532,
    3700.1105158505725,
    3827.0448691310103
  ],
  "ood_humid_recompensas": [
    4899.16591703224,
    5003.651903179703,
    7346.073238724664,
    8979.207575943034,
    6393.86279083382,
    4792.379220352661,
    4649.136282673469,
    7414.54549626986,
    1224.695599154868,
    2822.405020435971,
    767.9082088674035,
    9254.882784816706,
    4671.839919132286,
    3844.3823434435226,
    4726.424477100934,
    9196.241303346495,
    9149.973998378753,
    6448.1131457975625,
    7806.515844387639,
    5264.213861873297,
    4722.449171923427,
    4987.088758321343,
    8564.76181195474,
    7602.8527038216525,
    1037.501317167593,
    5180.299000278817,
    4641.557504390816,
    1726.2515609056995,
    4115.23394723093,
    5499.276705931468,
    214.45665557730732,
    4421.987368542565,
    9108.12569312545,
    3824.1135431681405,
    5595.885688652645,
    4013.043145803712,
    7902.872132681474,
    4908.815473701376,
    8463.028011570641,
    2434.807633809663,
    5735.797110493249,
    5890.451440702593,
    4767.8566156431925,
    7496.784996262446,
    4634.909249149199,
    4787.347070728851,
    8728.381032069476,
    6607.597315785242,
    8227.927412260768,
    5285.162635048657
  ],
  "media_ood_dry": 3645.1963395838106,
  "media_ood_humid": 5515.64483276896,
  "acuracia_bc_final": 0.9962076822916667,
  "contagem_acoes": {
    "plantar": 1696,
    "esperar": 11663,
    "colher": 531,
    "herbicida": 3403,
    "regar": 957
  },
  "kpis_agricolas": {
    "produtividade": [
      389.0041826080823,
      587.8150230337518,
      588.6211195665297,
      495.541696962108,
      406.0716012109245,
      537.1816716445459,
      479.2620300281248,
      761.8392638398991,
      547.6630486164004,
      541.1552810948095,
      0.0,
      666.7961405701683,
      748.8892069316507,
      257.7469786303451,
      327.97903095794413,
      808.6609908580946,
      626.133109426996,
      652.1883395103824,
      542.1960976991668,
      741.828539328911,
      272.25507203113386,
      578.5327617437459,
      663.8593800707025,
      602.6705658889828,
      428.8870562348613,
      736.7576592221419,
      472.1005018578935,
      424.39167048419176,
      630.7900012755047,
      549.6322692606823,
      566.3589482805131,
      511.1467254231966,
      498.3996112299966,
      523.6931594731478,
      674.676344124155,
      529.3954229809641,
      457.90599964660436,
      555.8523328004244,
      573.481092620863,
      640.991596213397,
      491.06810611514703,
      542.8463735996711,
      581.0109917892286,
      486.3010845517009,
      793.7213000502973,
      581.1704675408938,
      530.3401264801698,
      490.93874723795363,
      703.7350289796314,
      487.3749902187486
    ],
    "qualidade_solo": [
      0.13307075785085298,
      0.38703148986375413,
      0.1560481692339793,
      0.22045631092835793,
      0.45884516678758935,
      0.3347513245165684,
      0.2908698702436665,
      0.35581162621245477,
      0.2101131062196686,
      0.17910868342908307,
      0.38447228190781263,
      0.3914570005283234,
      0.2010025340046845,
      0.391002896720871,
      0.3617866169565,
      0.3434715213686782,
      0.19675417209260454,
      0.20122326869488966,
      0.1907018521065152,
      0.3438956966756968,
      0.2600977298913427,
      0.10783353947806319,
      0.13421823101000702,
      0.36191414209190886,
      0.32712793671755186,
      0.14112271091889828,
      0.22004155088794752,
      0.257549059722198,
      0.28971429305974705,
      0.2873823848404611,
      0.257493329419506,
      0.28149705092389987,
      0.25853048693187397,
      0.3500597639054165,
      0.24855715566437264,
      0.1947646861566401,
      0.2738162749688899,
      0.30821501950879837,
      0.19423416057429715,
      0.31951886606996416,
      0.29043801962625637,
      0.36191583830858726,
      0.40423695615450894,
      0.22566036788348415,
      0.1885406328162199,
      0.24712365122805546,
      0.24956731289281187,
      0.2049016254799562,
      0.23002468432071277,
      0.3499874426458681
    ],
    "uso_quimicos": [
      592,
      800,
      128,
      528,
      624,
      640,
      848,
      576,
      416,
      816,
      784,
      992,
      592,
      368,
      608,
      672,
      592,
      832,
      624,
      528,
      640,
      512,
      432,
      800,
      448,
      656,
      800,
      736,
      640,
      496,
      848,
      864,
      800,
      816,
      688,
      784,
      560,
      624,
      816,
      768,
      608,
      832,
      1280,
      544,
      640,
      1232,
      576,
      0,
      448,
      1072
    ],