{
  "recompensas_episodios": [
    6917.554385701854,
    7784.8336100252245,
    4403.783347830193,
    6218.259323595767,
    6238.42230767906,
    8589.062392768563,
    6055.084514363356,
    6813.629343126522,
    4819.815608407231,
    7900.695846688515,
    7379.482860754397,
    4118.995536443191,
    7618.242005556851,
    5669.076906257831,
    7332.127378616982,
    8483.766339485026,
    6928.746806829269,
    5031.954235235024,
    8646.512834841184,
    6680.760617307296,
    6519.748920331617,
    5992.9546731182745,
    6378.232848226284,
    7738.472503712621,
    5062.102682458888,
    7990.372438769602,
    5001.377998566121,
    7413.336158086513,
    5263.621522667979,
    5766.291629539137,
    7459.955555605754,
    7527.157845363949,
    614.6425463407555,
    7770.841278261132,
    8153.5860423451195,
    6890.8155071787805,
    8031.787718424778,
    4819.729371520657,
    6897.116741747503,
    7509.323244622396,
    6459.318767607442,
    8307.888302313191,
    6375.6219154310065,
    8164.584300302286,
    8544.380586522562,
    7557.66414755396,
    5105.399451661562,
    8212.174954600978,
    7557.685167949999,
    6782.22557653053
  ],
  "media_recompensa_final": 6709.984331977495,
  "desvio_recompensa_final": 1481.4309652095947,
  "ood_dry_recompensas": [
    3632.0621039860084,
    3216.762007883534,
    3996.4358346637873,
    3644.489676070626,
    2698.454712366637,
    3468.2386067981533,
    3893.536284774498,
    3405.4441400942223,
    3709.8133448834587,
    3641.540668479327,
    3472.292515728723,
    3296.2327216839712,
    3971.9952675074833,
    3788.8529908305204,
    3440.8995671147586,
    3130.8945940874255,
    3903.550582487206,
    2172.57609574797,
    3427.538397981361,
    3808.395338646391,
    3660.037947338218,
    3624.87609406903,
    3308.1059716626023,
    4067.637733644788,
    4041.9535137701223,
    3680.8317756079177,
    3087.3270808755237,
    3973.6262848940178,
    3921.78571862298,
    3419.1273925542373,
    2706.4810570976874,
    3569.363449408521,
    2955.1465463625855,
    3830.3919136796962,
    3383.00164045337,
    3369.192700571648,
    3876.3640719385103,
    4071.283373914496,
    3638.1882223007433,
    2931.2520272069582,
    3745.7513644411547,
    3631.206111464243,
    3675.8389513591655,
    3055.57550397232,
    2835.008730998983,
    3859.537831486709,
    3650.590330175016,
    3710.579388372714,
    3006.4861349694625,
    4060.956495365213
  ],
  "ood_humid_recompensas": [
    9101.62142720348,
    9117.553085035044,
    6040.083937242498,
    9275.284760852974,
    9376.051718255594,
    8993.393809304218,
    7798.570180145287,
    9155.825367148207,
    9200.65091306045,
    7689.5924597493295,
    6947.299493557662,
    9236.034878712842,
    9141.35886158005,
    8163.893984973258,
    8923.117264410525,
    9286.338061263676,
    7863.608059223192,
    6058.277977864249,
    8389.435014036837,
    7169.847668276576,
    7994.585608624473,
    7745.528065110516,
    7892.851900481876,
    5883.623088695587,
    9050.132040139739,
    6801.247985397693,
    9070.778003005376,
    9333.181348676051,
    9102.63916895839,
    8616.378818691464,
    8847.00016079671,
    9147.387044054974,
    7484.29693668576,
    8488.54417794078,
    9103.104822075478,
    6714.809378988134,
    7090.408021407578,
    7767.1862160719165,
    8058.464124778688,
    6773.979036569119,
    7706.427626302479,
    9136.883047844316,
    8555.813377950857,
    9182.297431946958,
    8016.58503191977,
    6503.064501048023,
    9399.616859367758,
    8451.352049036574,
    7438.160203670449,
    9219.132706526982
  ],
  "media_ood_dry": 3521.3502162078935,
  "media_ood_humid": 8230.065954093208,
  "acuracia_bc_final": 0.9990090762867647,
  "contagem_acoes": {
    "plantar": 1585,
    "esperar": 11298,
    "regar": 1028,
    "herbicida": 3774,
    "colher": 562,
    "fertilizar_N": 3
  },
  "kpis_agricolas": {
    "produtividade": [
      594.8670678383448,
      693.1932864372388,
      410.53281910436755,
      550.7332291211791,
      534.6944839415329,
      799.3338345656434,
      486.96583101274206,
      603.7327473146596,
      393.3753839296843,
      723.2016345250422,
      649.3076860791001,
      290.22910595714404,
      682.8944292912223,
      466.2998995927531,
      676.6785814710652,
      797.6377964319979,
      616.5099211128684,
      428.19509931604887,
      812.7751374554862,
      576.0834579008439,
      546.6401197709841,
      519.849009841516,
      545.2277922395019,
      694.6771430041316,
      444.8679361148721,
      732.3153631468793,
      395.5384880382241,
      663.5146339237643,
      440.16039566012637,
      470.35502116999805,
      676.2912735824423,
      664.1170172750006,
      26.41563026909515,
      698.9768488340245,
      743.3867943429923,
      599.2056125184971,
      728.1368182546586,
      446.2384383560994,
      608.9446309928735,
      666.3161312530366,
      560.0981964898389,
      770.9529953277469,
      553.7022006523049,
      752.0412613882763,
      803.5735283154709,
      672.8290489172954,
      434.72547069914134,
      750.9148162193165,
      670.6790306914387,
      580.7112277323963
    ],
    "qualidade_solo": [
      0.277868485058209,
      0.3808504576118895,
      0.20774479845983107,
      0.3313388599223179,
      0.151311229962532,
      0.1833147679505094,
      0.3018886063953833,
      0.22420973046719456,
      0.3004921400109517,
      0.2785638699391302,
      0.3006497892814163,
      0.31424726405994297,
      0.32046386868533494,
      0.27269840585441496,
      0.3599090376819506,
      0.17913170546132365,
      0.21060057550954087,
      0.13381839596343192,
      0.2744570425194453,
      0.30444585569531224,
      0.20533028291455094,
      0.3400100736469739,
      0.2987516357105047,
      0.20631440289017233,
      0.41914808905455003,
      0.3686405648866894,
      0.3784205164360487,
      0.3192161740691437,
      0.26238526796716977,
      0.2680968900437329,
      0.21507183037724964,
      0.38138353997620633,
      0.33208285481702804,
      0.36428199788452026,
      0.37961682877033054,
      0.29821317544773024,
      0.23042401554047842,
      0.4437297125095724,
      0.21787641455758616,
      0.24276013480993033,
      0.19770041745993305,
      0.21289225622959515,
      0.41178564464939366,
      0.2033184292252383,
      0.19494599785447808,
      0.17351985385965538,
      0.18526365435116582,
      0.23630782923028595,
      0.3219465797126141,
      0.1993931299515934
    ],
    "uso_quimicos": [
      768,
      640,
      64,
      1040,
      528,
      544,
      656,
      720,
      656,
      752,
      688,
      560,
      832,
      800,
      912,
      576,
      560,
      0,
      512,
      640,
      656,
      544,
      848,
      800,
      720,
      896,
      1120,
      1280,
      656,
      736,
      592,
      544,
      224,
      912,
      704,
      592,
      672,
      736,
      688,
      832,
      848,
      672,
      704,
      688,
      832,
      592,
      576,
      656,
      976,
      592
    ],