{
  "recompensas_episodios": [
    5042.8774147263675,
    6960.629001148906,
    3941.3926795822986,
    6222.155792523517,
    3154.2013034532447,
    2275.1479983326617,
    5117.853361422607,
    4981.822868175153,
    6005.886365876331,
    7453.804292743086,
    5446.814118402647,
    6682.734511525569,
    4454.8457017738765,
    7266.56252816185,
    1782.5168785875467,
    5786.272860988205,
    7213.66379199786,
    7596.09092178589,
    6933.589238049766,
    7494.745609873915,
    7722.84391064168,
    5834.398737700382,
    8201.07106663025,
    8677.417982139566,
    1436.0642540890844,
    6027.58138789509,
    6467.1415277332235,
    5355.745868438027,
    5975.488658228802,
    6350.790620357917,
    4401.879678789757,
    3302.9695274638207,
    4607.390541588932,
    8018.103987347433,
    6456.201151188733,
    4450.689554681587,
    5961.76614353281,
    6557.842920870946,
    6224.912687040695,
    4359.825662933477,
    7597.921517907327,
    6195.328514745463,
    2720.118268222829,
    7979.898658417162,
    5648.747112395375,
    8390.428309280624,
    7069.001381857701,
    8176.152407864696,
    3514.6854294121354,
    8617.869058623113
  ],
  "media_recompensa_final": 5882.277675342999,
  "desvio_recompensa_final": 1795.38785533595,
  "ood_dry_recompensas": [
    291.72573865265707,
    3236.9484562364396,
    3997.624487293076,
    -457.5983535327931,
    3966.209175011325,
    3995.7555223045056,
    4074.1947223061015,
    1841.8889848615809,
    3772.3301914056065,
    4016.519242407767,
    973.662662176504,
    3797.4535241987983,
    3966.8706192239197,
    2145.8276796567434,
    2917.074844608206,
    2260.6116674908735,
    3937.9063711084837,
    3701.6589160601125,
    3888.1196024539026,
    3273.927936712037,
    2232.022744158249,
    3526.945083137471,
    3938.6359356482926,
    3604.4771715453708,
    3732.0081164243356,
    1841.1961325131113,
    2729.7147007763688,
    3928.449489247794,
    2899.7998772270566,
    3927.247846301053,
    2358.954892993873,
    3955.90535991252,
    2922.864810840515,
    765.5745794006497,
    1446.5618122502954,
    3963.539343616994,
    3880.3812132284065,
    2707.3553230036246,
    4079.241473282224,
    2302.3847120795576,
    3917.7244152001886,
    4030.074522633562,
    144.27783399003695,
    4085.7663901879096,
    66.34433505696867,
    3650.0696977459133,
    3659.8161632939705,
    3892.383073994533,
    2178.9055838547856,
    3888.969271073588
  ],
  "ood_humid_recompensas": [
    9308.720192637178,
    6982.886215114373,
    6615.723737108738,
    6203.385277839339,
    9363.272135962694,
    4413.135044753249,
    7971.767310546482,
    5560.287710489185,
    6454.775662291448,
    8459.685333014604,
    7638.243241331855,
    9126.628953497799,
    2899.1465231199136,
    3437.120480583526,
    6448.175192101973,
    7900.845583184569,
    8423.618666288445,
    7992.904165666061,
    7897.760001404538,
    9146.875602093041,
    7099.993950585459,
    4407.736573584756,
    9264.467594431742,
    6398.758865084877,
    2197.682859337232,
    7534.867839135958,
    9082.8166518525,
    5572.051116846225,
    1436.0808655529313,
    4006.221436620127,
    5441.703017069991,
    9036.890653104267,
    8109.239188590169,
    7502.862050712146,
    2153.559689000699,
    5686.497579420377,
    8055.592486522794,
    4538.5788188425995,
    7827.9658610298875,
    3873.2389949015824,
    7493.809896121082,
    1485.8249774453607,
    6075.635254436842,
    4280.361418993807,
    7674.228980341173,
    9463.906393198931,
    8062.601595897939,
    7128.526910545311,
    8658.762850379931,
    7626.70853764692
  ],
  "media_ood_dry": 2997.1260779051013,
  "media_ood_humid": 6588.4425987252525,
  "acuracia_bc_final": 0.8279957490808824,
  "contagem_acoes": {
    "plantar": 1551,
    "esperar": 11731,
    "regar": 759,
    "herbicida": 3683,
    "colher": 526
  },
  "kpis_agricolas": {
    "produtividade": [
      452.04419202788387,
      605.9988869485373,
      295.68918011498687,
      507.2883110702179,
      198.10261508342663,
      144.40312378011,
      381.2387410111289,
      436.3937556654832,
      501.40631709834304,
      684.5565407136188,
      430.7986740078919,
      595.5892647901813,
      335.5839057520842,
      630.0930783297039,
      71.63991756482878,
      481.4790605737353,
      651.2677823167621,
      681.7018386764086,
      625.4322232499891,
      659.0367957657866,
      701.7711200807071,
      480.3416650931361,
      743.4781185367098,
      830.5971407033669,
      24.419744718854357,
      523.4484301982507,
      577.44266219954,
      427.3433321468767,
      503.3239078692559,
      556.9268982298139,
      376.2502541458364,
      253.55150483134315,
      355.404756822752,
      735.2772109051633,
      528.6496421965156,
      340.7755331899502,
      476.8400242940787,
      562.7936116540968,
      538.9766147662475,
      339.74017596512493,
      671.8456670478158,
      524.444378951627,
      179.72510957053427,
      729.0126543270235,
      481.21394235693697,
      783.6610837377349,
      653.5390999658377,
      756.4909371953479,
      250.24242141821293,
      825.1056630527057
    ],
    "qualidade_solo": [
      0.28726567568526873,
      0.3808504576118895,
      0.3165869110154775,
      0.35509567917062357,
      0.45465443732108574,
      0.14979531344837557,
      0.29570086186692157,
      0.2467199606870918,
      0.2733647113190231,
      0.272451627007404,
      0.2136212415075054,
      0.36704297332751157,
      0.3416263378379363,
      0.280667994343513,
      0.21169035656547122,
      0.35565906831453176,
      0.18641497545891747,
      0.28583797198837946,
      0.22600769536056547,
      0.26619211219860706,
      0.18394402380382474,
      0.31579542831209384,
      0.2426887553459478,
      0.16259733173039942,
      0.41579106636058916,
      0.32236415728862555,
      0.33141881259641026,
      0.3795803949210246,
      0.26994379749996433,
      0.24031327078380985,
      0.07106095324622305,
      0.2461476659293629,
      0.34178713727953186,
      0.32574134594683746,
      0.3086851239021714,
      0.2988403254983508,
      0.3227541088707512,
      0.38143304139250245,
      0.4038168002221589,
      0.2660680436128193,
      0.18905549683415437,
      0.16217618012473697,
      0.4063369212671863,
      0.14505041075939148,
      0.1985016549167028,
      0.10299827308273551,
      0.19533317847697532,
      0.2207813739152094,
      0.43334732762414274,
      0.230387688408303
    ],
    "uso_quimicos": [
      1216,
      1776,
      896,
      96,
      608,
      592,
      880,
      1088,
      336,
      752,
      640,
      320,
      624,
      320,
      432,
      1200,
      432,
      1056,
      400,
      720,
      928,
      592,
      416,
      1040,
      640,
      880,
      336,
      432,
      576,
      560,
      0,
      0,
      544,
      960,
      480,
      576,
      1136,
      768,
      480,
      480,
      416,
      1152,
      1104,
      1136,
      672,
      256,
      1120,
      256,
      1296,
      1344
    ],