{
  "recompensas_episodios": [
    4846.613209464258,
    5170.304991648973,
    3273.4148498460017,
    8566.11727266854,
    3987.614493741748,
    5074.771976170989,
    7811.587447836529,
    7491.933520897542,
    7936.7378137011365,
    4086.3103605790366,
    2200.59611126208,
    4348.017018171653,
    4911.3178948040895,
    4016.825473211768,
    3631.9089351449475,
    4425.991880858367,
    8290.128356117657,
    4259.261096775337,
    4587.475739225882,
    7251.900449473123,
    5213.6125360439455,
    4066.1474334904906,
    6723.0213735374655,
    2901.423795559682,
    2152.4351155353925,
    4231.806525917186,
    1890.1152859324939,
    928.107349817579,
    1648.1486991729369,
    5778.715541598722,
    893.4167912244399,
    723.1783937760572,
    5186.878952853056,
    6962.564958139868,
    7638.201056549404,
    8702.469538385207,
    4184.873175201074,
    2575.9070450961444,
    458.3145469892486,
    7844.144623049334,
    6044.021105594049,
    6914.645357296769,
    4325.681661204624,
    1898.809522486829,
    6755.010838460657,
    4528.410940031279,
    7386.300713280769,
    5244.223125373819,
    8572.02904608069,
    8056.24940641787
  ],
  "duracao_episodios": [
    365,
    365,
    365,
    365,
    365,
    365,
    365,
    365,
    365,
    365,
    365,
    365,
    365,
    365,
    365,
    365,
    365,
    365,
    365,
    365,
    365,
    365,
    365,
    365,
    365,
    365,
    365,
    365,
    365,
    365,
    365,
    365,
    365,
    365,
    365,
    365,
    365,
    365,
    365,
    365,
    365,
    365,
    365,
    365,
    365,
    365,
    365,
    365,
    365,
    365
  ],
  "perdas_politica": [
    1.4213072306969587,
    0.8962106617058024,
    0.841622061589185,
    0.81651089647237,
    0.7961688532548792,
    0.7811135228942422,
    0.7680256927714628,
    0.7562581037773806,
    0.7472910828450147,
    0.7376835241037256,
    0.7281059885726255,
    0.720457862405216,
    0.712059415438596,
    0.7054921073072097,
    0.6985449107254252,
    0.6953626029631671,
    0.6867347710272845,
    0.682107034851523,
    0.6765398891533122,
    0.6718259331058053,
    0.667774540536544,
    0.6602755381780512,
    0.6571512345005485,
    0.6510423719882965,
    0.6467336644144619,
    0.6417326085707721,
    0.6388398601728327,
    0.633998213445439,
    0.6305007145685309,
    0.6260756762588725,
    0.6224865142036887,
    0.6200844627969405,
    0.6160102889818304,
    0.6127969166811775,
    0.6076082552180571,
    0.606244881363476,
    0.6029636614462909,
    0.599839597940445,
    0.5966710097649518,
    0.5923108178026536,
    0.5896076840512893,
    0.5884780568235061,
    0.5863194290329429,
    0.58344768075382,
    0.5785479440408594,
    0.5767731386072495,
    0.5744653694769916,
    0.5730645691647249,
    0.5689954722628874,
    0.567647727096782,
    0.5666187615955577,
    0.5632134044871611,
    0.56158927433631,
    0.558060719686396,
    0.5570873057141024,
    0.5557499878546771,
    0.5538159906864166,
    0.5515585646909826,
    0.5496123696074766,
    0.5479723004733815,
    0.5469627064817092,
    0.5467587586711434,
    0.544164578704273,
    0.5428688158007229,
    0.5407138124984854,
    0.5390040103126975,
    0.5384166109211305,
    0.5360231811509413,
    0.5363027716384214,
    0.534662127494812,
    0.5345680538345786,
    0.5328719352974611,
    0.5320319287917193,
    0.5308245736009934,
    0.5287716248456169,
    0.530066728591919,
    0.5278962570078233,
    0.5275798536398831,
    0.5265976847971187,
    0.5273607688791612,
    0.5256529266343397,
    0.5250852213186377,
    0.5251119724091362,
    0.5242905520340976,
    0.5225248073830324,
    0.5222227547098609,
    0.5218929867534077,
    0.520986243205912,
    0.5209740426610497,
    0.5218359678983688,
    0.5218505166909274,
    0.5210045435849358,
    0.5201929492108962,
    0.5226042559918236,
    0.5211748498327592,
    0.5200181235285366,
    0.5199012423262876,
    0.5198801694547429,
    0.5204796256387935,
    0.5199139872018028
  ],
  "perdas_valor": [],
  "perdas_entropia": [],
  "acuracoes_bc": [
    0.5252182904411765,
    0.5648552389705882,
    0.5676843979779411,
    0.5795036764705882,
    0.5904325597426471,
    0.5982450597426471,
    0.6047650505514706,
    0.6160529641544118,
    0.6188103170955882,
    0.6234059053308824,
    0.6298110064338235,
    0.6309455422794118,
    0.6359719669117647,
    0.6422190946691176,
    0.6427217371323529,
    0.6445456112132353,
    0.6522288602941176,
    0.653076171875,
    0.6598977481617647,
    0.6585477941176471,
    0.6638614430147058,
    0.6689740349264706,
    0.6689309512867647,
    0.6728228400735294,
    0.6770593979779411,
    0.6806209788602942,
    0.6834214154411765,
    0.6833065257352942,
    0.6862649356617647,
    0.689453125,
    0.6925264246323529,
    0.693603515625,
    0.6954130284926471,
    0.6972369025735294,
    0.7032542509191176,
    0.7016027113970589,
    0.7010282628676471,
    0.7056094898897058,
    0.7059110753676471,
    0.7096880744485294,
    0.7143985523897058,
    0.7120720358455882,
    0.7123736213235294,
    0.7130342371323529,
    0.71875,
    0.72021484375,
    0.7210908777573529,
    0.7217802159926471,
    0.7254710477941176,
    0.7248391544117647,
    0.7251981847426471,
    0.7289177389705882,
    0.7273236443014706,
    0.7318905101102942,
    0.7326803768382353,
    0.7332404641544118,
    0.733642578125,
    0.7362275965073529,
    0.73681640625,
    0.737548828125,
    0.7372616038602942,
    0.7381232766544118,
    0.7393439797794118,
    0.7401051240808824,
    0.7430922564338235,
    0.7444565716911765,
    0.7435661764705882,
    0.7450022977941176,
    0.7438677619485294,
    0.7460219439338235,
    0.7462948069852942,
    0.7465245863970589,
    0.7479750689338235,
    0.7488798253676471,
    0.7499425551470589,
    0.7500430836397058,
    0.7511776194852942,
    0.7507036994485294,
    0.7526999080882353,
    0.7519962086397058,
    0.7500718060661765,
    0.7495260799632353,
    0.7509047564338235,
    0.7518669577205882,
    0.7537195542279411,
    0.7537626378676471,
    0.7542796415441176,
    0.7542365579044118,
    0.7541216681985294,
    0.7532599954044118,
    0.7532887178308824,
    0.7549402573529411,
    0.7553567325367647,
    0.751953125,
    0.7548397288602942,
    0.7538200827205882,
    0.7546243106617647,
    0.7537626378676471,
    0.7535759420955882,
    0.7546961167279411
  ],
  "contagem_acoes": {
    "plantar": 1486,
    "esperar": 12950,
    "regar": 496,
    "herbicida": 2934,
    "colher": 384
  },
  "kpis_agricolas": {
    "produtividade": [
      351.4352460837926,
      410.02728795064405,
      261.1354798101714,
      797.6659340621461,
      338.24071059589056,
      405.8896733765031,
      713.5946604898772,
      660.0546434469909,
      717.5424745020757,
      358.8227374327121,
      91.27063926071602,
      345.57421445589335,
      356.83462585298696,
      253.1662841219036,
      229.91814816948457,
      362.92677724991876,
      768.4925995355823,
      286.16120057220667,
      324.8030712519615,
      640.5934955951906,
      443.8974221291341,
      301.07829571651234,
      568.612069597817,
      157.6560778878943,
      178.7303803883368,
      344.9632417091157,
      100.71622302824248,
      0.0,
      118.10853041730755,
      471.8207785019646,
      0.0,
      0.0,
      372.8860599825692,
      615.1376120009817,
      692.9653534822194,
      814.1872923894089,
      332.48451575902925,
      200.4791166531117,
      0.0,
      721.9127745461418,
      500.0136692522196,
      582.466841423431,
      312.0100037716328,
      73.02777976628937,
      574.2162593892286,
      345.42768419731783,
      649.809668733197,
      460.7965821069741,
      793.8819880130147,
      751.344866478709
    ],