{
  "recompensas_episodios": [
    6982.77202781077,
    7164.320349895186,
    6168.339479680482,
    5439.56736941842,
    7181.5172818047995,
    6084.38027327811,
    7857.659512603036,
    5358.134056598602,
    5267.0271307058565,
    7838.481907229216,
    6291.5095054637095,
    7755.995432056134,
    7441.942835401646,
    7727.815029392871,
    6026.3691708554015,
    6147.294618122629,
    7083.3677045179675,
    6995.778915948106,
    7801.6813055556195,
    6220.305204095959,
    5562.486664598321,
    6456.196656934551,
    7150.812794874104,
    8663.46932087739,
    8310.46615163826,
    6321.67656347746,
    6094.326683347217,
    5919.117636402355,
    5781.63021442464,
    7091.399050036615,
    5701.327330808188,
    6525.09928973127,
    5613.420526590466,
    6921.138615939404,
    7030.690800710205,
    6155.241488476708,
    5357.985986610593,
    5091.5639641323705,
    5700.186011299761,
    6552.6153948447245,
    6683.498063650124,
    7055.494153163918,
    6712.732621578272,
    8386.300479780592,
    8238.123893676518,
    8548.430123950353,
    8665.339535665442,
    5644.551743286648,
    6498.616678009608,
    5317.850161005834
  ],
  "media_recompensa_final": 6691.72095419913,
  "desvio_recompensa_final": 984.5427016752741,
  "ood_dry_recompensas": [
    3818.8217064891123,
    3632.7817719222653,
    3598.413887769729,
    3592.610285180369,
    3410.1224921680964,
    3750.0607680622916,
    3634.923578995889,
    3568.829342473021,
    3641.086976269382,
    3967.572516856666,
    3856.554866161786,
    3627.904886532635,
    3717.0291139877727,
    3639.2262691166825,
    3604.1720232690586,
    3654.4179336526086,
    3572.9454460241814,
    3575.0857021300726,
    3624.6806824748382,
    2141.614471717933,
    3661.3962082535154,
    3603.5323227527533,
    3562.48829122831,
    3560.2445199797994,
    3617.442465057524,
    4025.5750632642116,
    3591.619631034968,
    3560.815310785718,
    3605.584163395344,
    3599.2457027920573,
    3563.7822801305065,
    3678.220123271548,
    3929.554563244469,
    3710.1270439408927,
    3755.2139586525836,
    3786.719853874806,
    2876.4594289448623,
    3635.903280112014,
    3641.975375336522,
    3536.3093283391286,
    3784.365560560095,
    3109.8686151731567,
    3849.716094213086,
    3593.4020285132656,
    3661.096209831697,
    3545.902076887424,
    3624.589176057069,
    3202.8035436557893,
    3719.3032465501346,
    3655.732956190329
  ],
  "ood_humid_recompensas": [
    9239.500869713347,
    9241.898598976128,
    7409.135457682475,
    8146.3352304947,
    9226.699075600227,
    9202.104483465937,
    8911.149808144379,
    8165.846887025324,
    9283.178576504899,
    8973.203278464169,
    8528.50920097136,
    8175.776968370986,
    8964.471677766018,
    8484.512791618892,
    9190.783335279311,
    8191.587912970719,
    9066.92242441895,
    9082.287027031838,
    9270.134906693816,
    5331.237779505169,
    9099.777779637136,
    8911.099646706758,
    8987.972000142618,
    9201.010384323654,
    8585.058410981179,
    5592.015174754326,
    8355.512525895785,
    8962.489121727787,
    9034.103268444715,
    9142.960337987948,
    8155.577720819224,
    9166.360812951814,
    9129.555513056242,
    9125.965817697059,
    8184.431230561679,
    7098.32944768882,
    9141.168245597395,
    9047.066693914738,
    7458.769926846158,
    7617.0192981827195,
    7038.310020236304,
    9055.171851766945,
    9042.261184520714,
    9166.226234333586,
    7088.51938604422,
    7714.736776641565,
    9416.525877640468,
    9000.331564544624,
    9166.736246159195,
    5488.404187775233
  ],
  "media_ood_dry": 3597.5568628655597,
  "media_ood_humid": 8485.174859565584,
  "acuracia_bc_final": 0.9988223805147058,
  "contagem_acoes": {
    "plantar": 1618,
    "esperar": 11309,
    "regar": 1058,
    "herbicida": 3682,
    "colher": 578,
    "fertilizar_N": 5
  },
  "kpis_agricolas": {
    "produtividade": [
      609.3233159495867,
      623.8705987876419,
      521.8596201619292,
      445.7459731429785,
      635.28032008258,
      530.8885613674224,
      711.9044129388182,
      460.3954248200954,
      456.8397004061215,
      708.2713912336892,
      548.5444953960987,
      705.0268792111398,
      651.9128166994094,
      696.0909990047103,
      479.94706249467225,
      522.4071550967583,
      620.5277654605379,
      602.4456646055013,
      708.6139978055961,
      524.7193524230596,
      468.69827860238394,
      552.8477740643344,
      649.4280465544225,
      810.9475430039103,
      764.3147461365796,
      524.8213159154529,
      489.5035581735238,
      472.4099977607745,
      476.2178409494628,
      611.330472528031,
      457.4876444916,
      548.4860178444751,
      452.0208715086295,
      597.523453593948,
      612.2534850927542,
      522.0754636361637,
      422.0478915830982,
      420.8924366522472,
      447.79184820556884,
      561.1223764993031,
      577.3900315927721,
      618.6484782633725,
      583.9678296815076,
      777.5993206317876,
      762.762745739069,
      796.3508678967823,
      806.1482800643774,
      518.6752421173719,
      567.2921187257688,
      420.2571903799069
    ],
    "qualidade_solo": [
      0.35930044967680064,
      0.4125294664384977,
      0.4200305131111025,
      0.2658596927615481,
      0.45465443732108574,
      0.3446939023725671,
      0.24143533399649197,
      0.23350944190813655,
      0.26615821994486677,
      0.2138745589942641,
      0.35890116007463263,
      0.3832207607464266,
      0.34820505556595427,
      0.28536017428566257,
      0.34784466571376627,
      0.3167548621947953,
      0.2332353262043117,
      0.31958797198837946,
      0.2255490011063888,
      0.29589303573663694,
      0.26630675931167946,
      0.3740725794271715,
      0.27635012106139156,
      0.1796174484893365,
      0.39650545429096407,
      0.31661998947176817,
      0.22269263629697117,
      0.28705312342038225,
      0.2141439135856998,
      0.33648074849458887,
      0.2902056700238283,
      0.32530825973882344,
      0.3083392986519503,
      0.3742538728697343,
      0.399574598551093,
      0.16505977295998725,
      0.33305869756582496,
      0.3010919864245859,
      0.17373435416445315,
      0.2873463635070609,
      0.24729317305626772,
      0.22876305371880407,
      0.40732153722299125,
      0.20139864845740457,
      0.18526979391725082,
      0.13814442880853794,
      0.2921923772994927,
      0.3641077399021948,
      0.33677892250379493,
      0.3237061209744729
    ],
    "uso_quimicos": [
      720,
      768,
      512,
      512,
      720,
      1184,
      496,
      224,
      512,
      512,
      656,
      448,
      640,
      864,
      592,
      624,
      864,
      704,
      1040,
      640,
      432,
      736,
      528,
      752,
      640,
      736,
      544,
      672,
      976,
      624,
      688,
      592,
      736,
      1056,
      832,
      544,
      1024,
      304,
      688,
      800,
      672,
      640,
      1056,
      800,
      832,
      960,
      368,
      656,
      400,
      752
    ],