{
  "recompensas_episodios": [
    7796.576820626355,
    8648.627786604295,
    7009.718535219556,
    7059.250049956008,
    7057.371440378081,
    5965.340471993486,
    1357.5622073714385,
    7012.754019863248,
    8669.025743861897,
    8284.603252815865,
    8778.742645517059,
    8556.819595425522,
    7055.84034555741,
    8547.807551520564,
    5976.151414311864,
    8309.158741679523,
    8685.803876199396,
    5363.236708906466,
    7503.85744648313,
    -165.18173184479406,
    8557.449173327681,
    8624.209781655136,
    7611.2166781603555,
    8886.72255986429,
    8752.031797936528,
    8598.33315320158,
    6872.261474560693,
    7614.590190452347,
    6981.4884296831315,
    8807.859794334003,
    7661.176205044763,
    6530.955543120458,
    8742.259577653876,
    6667.768896054108,
    8291.54258745273,
    8714.874640155986,
    7041.92862563276,
    8184.539246917893,
    6449.482030303958,
    5420.843361027215,
    6201.131435368383,
    8619.579326694704,
    8069.536915245499,
    8433.401020938389,
    8413.542297016253,
    8669.303350943297,
    8552.181173119796,
    8754.225370071024,
    8268.941078004007,
    8595.36053898686
  ],
  "duracao_episodios": [
    365,
    365,
    365,
    365,
    365,
    365,
    365,
    365,
    365,
    365,
    365,
    365,
    365,
    365,
    365,
    365,
    365,
    365,
    365,
    365,
    365,
    365,
    365,
    365,
    365,
    365,
    365,
    365,
    365,
    365,
    365,
    365,
    365,
    365,
    365,
    365,
    365,
    365,
    365,
    365,
    365,
    365,
    365,
    365,
    365,
    365,
    365,
    365,
    365,
    365
  ],
  "perdas_politica": [
    0.40082963088879714,
    0.25491742866161543,
    0.21184681195765734,
    0.1758350367524794,
    0.1581554885107008,
    0.1370595907225557,
    0.12666121299596542
  ],
  "perdas_valor": [],
  "perdas_entropia": [],
  "acuracoes_bc": [
    0.8340424408783784,
    0.8901642628205129,
    0.91172119140625,
    0.9281122116815477,
    0.9357133345170454,
    0.945780613111413,
    0.9508633228058511
  ],
  "contagem_acoes": {
    "plantar": 1559,
    "esperar": 7126,
    "herbicida": 7070,
    "regar": 1143,
    "colher": 867,
    "fertilizar_N": 485
  },
  "kpis_agricolas": {
    "produtividade": [
      713.2202270254892,
      808.4225646184938,
      621.7836213173446,
      661.1467498916311,
      629.0197473447515,
      498.19582804073644,
      68.55224856457153,
      624.9634906267473,
      821.3449972249052,
      782.1131431076101,
      826.7743692559446,
      818.774550799624,
      625.0630996934586,
      840.3450763895189,
      567.4234581941766,
      778.0649790103874,
      824.6999060815232,
      453.43397607041453,
      701.6801417077029,
      0.0,
      808.3275432570869,
      837.4610357702455,
      682.8316762885984,
      853.1554261457004,
      843.2886573131433,
      824.5026424877915,
      610.7110419996928,
      689.7173345364124,
      609.6358697170532,
      850.4473838964386,
      695.0823078423798,
      562.6973644456976,
      836.1211200196108,
      596.0793919282054,
      778.2728933280342,
      836.2479708092303,
      636.8554012468035,
      764.1478512313754,
      563.4337428743736,
      453.8676324471892,
      556.4262288160928,
      829.345770399955,
      737.1613896313163,
      803.5307226826316,
      800.1873433556384,
      819.5364654365486,
      827.5032328691889,
      838.0548709765538,
      769.3161142333197,
      835.9546800654416
    ],
    "qualidade_solo": [
      0.30134760547914713,
      0.378805235104881,
      0.31031156226307743,
      0.19074834655202622,
      0.35318993877594457,
      0.15609300730379727,
      0.318171340023052,
      0.3123482253848612,
      0.21832367659113022,
      0.21901250974592418,
      0.33157637828697306,
      0.3031910538440592,
      0.3489905458266099,
      0.27786017428762433,
      0.27533845535527945,
      0.16158173552060076,
      0.17496144785529177,
      0.3543068639868077,
      0.20825055460356545,
      0.04592121113616018,
      0.16865933789207893,
      0.20987330475801375,
      0.24267921203606047,
      0.185111800361172,
      0.404012678866548,
      0.21045385685736007,
      0.3770598735803836,
      0.3327207465259129,
      0.17996995637195434,
      0.3043547430914436,
      0.19663686982491607,
      0.35262135154526214,
      0.17638331392391135,
      0.38550387288413746,
      0.38672144239560424,
      0.16085696497284296,
      0.3439605616864276,
      0.1804920346513831,
      0.27209647535514614,
      0.3108285730381393,
      0.27464119365129214,
      0.15394979191071612,
      0.41003728251073435,
      0.20540129030597115,
      0.21230106305750127,
      0.16525558426645998,
      0.2348859835433446,
      0.24708255626798123,
      0.23390050833011525,
      0.26094067175785374
    ],
    "uso_quimicos": [
      864,
      720,
      1904,
      416,
      864,
      752,
      896,
      976,
      1440,
      1344,
      1104,
      1536,
      672,
      2000,
      992,
      1088,
      1136,
      704,
      800,
      304,
      816,
      1952,
      736,
      1696,
      1776,
      1472,
      1520,
      1184,
      1088,
      1280,
      1104,
      1472,
      1136,
      992,
      816,
      1248,
      1888,
      944,
      1280,
      928,
      992,
      1520,
      1008,
      1536,
      1456,
      896,
      1584,
      1968,
      1120,
      2144
    ],
    "biodiversidade": [
      1.9435575709369804e-53,
      1.9765970044845253e-57,
      2.4898085221310775e-65,
      2.7599122663910003e-43,
      1.2751152461559833e-62,
      2.4639437343736602e-53,
      4.6595655857962225e-51,
      5.912769237418592e-56,
      4.6077115984847544e-66,
      9.646786419136344e-64,
      1.667812211617237e-61,
      7.959055621130128e-65,
      4.7442087516153955e-52,
      5.865288093386695e-79,
      1.9130109385977543e-67,
      1.9705067227467902e-59,
      1.3270384248845617e-59,
      2.3418440017746937e-52,
      7.598231114859801e-63,
      3.084079011696435e-39,
      1.3932236923973258e-51,
      3.081571031824898e-73,
      7.963983027725249e-61,
      2.0691436551318204e-73,
      1.9062199100229308e-75,
      2.753466329671705e-67,
      6.31151411036391e-64,
      5.094032698771749e-56,
      8.495157267120174e-57,
      6.395390757687771e-71,
      4.873969289723717e-49,
      4.964536958788066e-61,
      2.190684894464427e-56,
      1.031874535800281e-68,
      2.331508316580756e-63,
      3.759762328454186e-64,
      1.894585576080822e-69,
      1.3591170694690756e-63,
      5.546619205865661e-63,
      9.914066265704263e-57,
      9.508988144671022e-61,
      4.2394683483285766e-65,
      1.1941476064626404e-58,
      2.6086118309711333e-75,
      2.3603141216791172e-64,
      2.509283217303902e-54,
      4.375368841126113e-71,
      5.245066404148594e-68,
      9.4175303462893e-59,
      2.5333157853533546e-84
    ]
  },