{
  "recompensas_episodios": [
    6378.041172131041,
    5813.580419190774,
    3837.0542485459573,
    6894.741172642503,
    7260.980051249756,
    7578.632046691822,
    5825.428379626972,
    6664.242172676955,
    8191.523769600506,
    8179.522017437659,
    4775.106343702193,
    5283.246340662194,
    7581.4596562421,
    7336.66613021406,
    8350.103079461414,
    6055.704070536376,
    7845.40305969566,
    3734.825934135405,
    5807.9507510672975,
    8866.452113894378,
    7388.529836207079,
    7329.985995274932,
    7661.357393936412,
    3393.329273255021,
    4135.749838997786,
    6035.868835014275,
    7419.834833717869,
    6510.044186085024,
    4284.176022697929,
    8129.457224275205,
    6931.515236406405,
    6516.858853503393,
    4940.788566006189,
    5468.45235883187,
    947.1755064750017,
    8657.268323040284,
    6527.480963555326,
    6278.417169392293,
    5949.39812898767,
    5054.28207184981,
    5666.844128909374,
    6400.015618230406,
    5629.137616123246,
    8390.579822725445,
    8230.399661198364,
    6830.056141706549,
    6690.836534108921,
    5728.844161401848,
    5972.584450538674,
    8755.781055349502
  ],
  "duracao_episodios": [
    365,
    365,
    365,
    365,
    365,
    365,
    365,
    365,
    365,
    365,
    365,
    365,
    365,
    365,
    365,
    365,
    365,
    365,
    365,
    365,
    365,
    365,
    365,
    365,
    365,
    365,
    365,
    365,
    365,
    365,
    365,
    365,
    365,
    365,
    365,
    365,
    365,
    365,
    365,
    365,
    365,
    365,
    365,
    365,
    365,
    365,
    365,
    365,
    365,
    365
  ],
  "perdas_politica": [
    1.143348995844523,
    0.8225372791290283,
    0.7789170940717062,
    0.7478284200032552,
    0.7275018334388733,
    0.7070130983988444,
    0.6893032789230347,
    0.6774622718493144,
    0.6640270392100016,
    0.6542533159255981,
    0.6389488736788432,
    0.626347029209137,
    0.6138439575831095,
    0.6068716327349345,
    0.5927419662475586,
    0.5828310449918112,
    0.579544194539388,
    0.5660993218421936,
    0.5611439506212871,
    0.5556653300921123,
    0.5407547275225322,
    0.531113068262736,
    0.5158089498678843,
    0.509419463078181,
    0.49955010414123535,
    0.48615328073501585,
    0.4776871840159098,
    0.4688187638918559,
    0.4577010333538055,
    0.43912733197212217,
    0.4363605221112569,
    0.41766953269640605,
    0.40499500234921776,
    0.3917587141195933,
    0.3772597412268321,
    0.3653508464495341,
    0.3577047367890676,
    0.33864391247431436,
    0.3260783851146698,
    0.3205448309580485,
    0.30389325817426044,
    0.2979078233242035,
    0.28477809627850853,
    0.2736982504526774,
    0.2628584245840708,
    0.2571625600258509,
    0.24337466855843862,
    0.23891857862472535,
    0.23268636266390483,
    0.22623219688733417,
    0.21788859367370605,
    0.21027375062306722,
    0.20105968813101452,
    0.2004525750875473,
    0.1870660016934077,
    0.18081702490647633,
    0.1809910277525584,
    0.17201378842194875,
    0.16166002055009207,
    0.15946210026741028,
    0.16053260564804078,
    0.15360805590947468,
    0.14635992447535198,
    0.1386773223678271,
    0.134414142370224,
    0.1312602624297142,
    0.12457626014947891,
    0.1207457090417544,
    0.11817396432161331,
    0.11620810627937317,
    0.11166419237852096,
    0.11084417700767517,
    0.10410245309273401,
    0.10163750896851222,
    0.09824638217687606,
    0.09422398606936137,
    0.09271317670742671,
    0.09084793676932652,
    0.08800353854894638,
    0.08526728004217148,
    0.08493520071109135,
    0.08248822291692098,
    0.08057047476371129,
    0.07649017795920372,
    0.07506158997615178,
    0.07540958772102992,
    0.07354340155919394,
    0.07215652739008267,
    0.0715364821255207,
    0.07108348285158475,
    0.0692393958568573,
    0.06925767262776693,
    0.06745034282406172,
    0.06758525595068932,
    0.06598615050315856,
    0.06552528788646063,
    0.06702348937590917,
    0.06550996179382006,
    0.06555247207482656,
    0.065020352602005
  ],
  "perdas_valor": [],
  "perdas_entropia": [],
  "acuracoes_bc": [
    0.5223307291666667,
    0.55869140625,
    0.5960123697916667,
    0.6095703125,
    0.6155598958333334,
    0.627734375,
    0.64150390625,
    0.6460774739583334,
    0.6595865885416666,
    0.6611165364583333,
    0.6717122395833334,
    0.6790690104166667,
    0.6858723958333334,
    0.6905436197916667,
    0.7003743489583333,
    0.7048014322916667,
    0.7029622395833334,
    0.7135904947916667,
    0.7122721354166667,
    0.7161458333333334,
    0.72744140625,
    0.729931640625,
    0.738671875,
    0.742236328125,
    0.7490071614583333,
    0.75390625,
    0.762060546875,
    0.7662109375,
    0.7746256510416667,
    0.7866536458333333,
    0.7820963541666667,
    0.7995930989583333,
    0.8058268229166666,
    0.812744140625,
    0.8212239583333333,
    0.8255533854166667,
    0.83154296875,
    0.840478515625,
    0.8478841145833333,
    0.8523600260416667,
    0.859814453125,
    0.8621744791666667,
    0.8699544270833334,
    0.874755859375,
    0.8814778645833333,
    0.883447265625,
    0.892236328125,
    0.8920247395833333,
    0.8976888020833333,
    0.9002278645833334,
    0.9041666666666667,
    0.9060546875,
    0.911181640625,
    0.9123860677083333,
    0.919287109375,
    0.922021484375,
    0.9222819010416666,
    0.9256510416666667,
    0.931494140625,
    0.9321614583333333,
    0.9307454427083334,
    0.934228515625,
    0.938037109375,
    0.94287109375,
    0.944482421875,
    0.9457682291666667,
    0.948486328125,
    0.9516438802083333,
    0.9518391927083333,
    0.9542643229166666,
    0.955322265625,
    0.9549641927083333,
    0.9589029947916666,
    0.9595703125,
    0.9613606770833333,
    0.9629720052083334,
    0.9636393229166667,
    0.965185546875,
    0.965771484375,
    0.967529296875,
    0.9666829427083333,
    0.9681477864583333,
    0.9687174479166667,
    0.97060546875,
    0.9717447916666667,
    0.9716145833333333,
    0.9719075520833333,
    0.9729817708333334,
    0.9728678385416667,
    0.973486328125,
    0.9742350260416667,
    0.9740071614583333,
    0.9755859375,
    0.9744140625,
    0.97587890625,
    0.97568359375,
    0.9753580729166667,
    0.97626953125,
    0.9757649739583333,
    0.9761881510416667
  ],
  "contagem_acoes": {
    "plantar": 1711,
    "esperar": 11497,
    "herbicida": 3510,
    "regar": 983,
    "colher": 549
  },
  "kpis_agricolas": {
    "produtividade": [
      555.9815848135433,
      478.3564881027458,
      257.6048823431681,
      611.9620994796044,
      648.8118687446718,
      689.819420400845,
      498.8657402444648,
      566.3924371590116,
      756.5067590831403,
      744.1980100673433,
      439.35258146591985,
      472.9027199180394,
      687.1198771328278,
      649.5508566419747,
      779.1313718472309,
      538.1646640543687,
      709.4152342914203,
      268.3160929450741,
      474.86183394337456,
      834.87639989846,
      662.7867186313302,
      644.7482440523385,
      698.9922817836108,
      242.0423791656163,
      341.2569943492434,
      521.7639048360581,
      653.4506851882929,
      554.554202015996,
      357.405484734419,
      743.5618180661112,
      614.0696106754548,
      545.4239489511051,
      393.48346097096004,
      455.68785504228845,
      21.413410163791692,
      808.0324461837324,
      557.9830724057163,
      533.6273806561818,
      498.0672827268424,
      436.24379006466756,
      465.64424217043575,
      562.3414688366038,
      509.90840785500757,
      773.3110415547949,
      753.2830631065546,
      588.6178482248117,
      583.0110648443451,
      503.2022128883134,
      508.66212360450044,
      815.009925303596
    ],