{
  "recompensas_episodios": [
    8451.624999486983,
    6551.403249694596,
    7890.8548332531645,
    7465.515862800448,
    6606.475399566387,
    5631.168122727891,
    7344.599243349348,
    7168.817790673365,
    6590.270654668082,
    7714.823108746205,
    5706.974731211367,
    8705.916342495611,
    6392.336044859967,
    6792.2333504215785,
    4931.904716665711,
    6084.0974145231385,
    7868.594815851078,
    7691.901422884111,
    5579.49629500668,
    8316.197083694215,
    7591.754324809181,
    8342.608170027423,
    7432.61947030491,
    8161.227996257028,
    7178.478507743235,
    6976.286087915125,
    5391.050451202364,
    7026.005186341694,
    6037.804889857505,
    6555.255102472195,
    6877.109954036459,
    7382.700388898258,
    8050.277217075954,
    6183.068899755899,
    8333.541037305025,
    5909.279886758661,
    6202.137322253673,
    7535.790903481415,
    6123.814607474578,
    6622.180975343033,
    4161.4342711491045,
    6438.211211277987,
    8095.576958147306,
    6753.1213925892625,
    7675.815118354979,
    8596.87422109858,
    5236.021210074618,
    8321.241701159612,
    3954.3489458257704,
    5686.933554180847
  ],
  "duracao_episodios": [
    365,
    365,
    365,
    365,
    365,
    365,
    365,
    365,
    365,
    365,
    365,
    365,
    365,
    365,
    365,
    365,
    365,
    365,
    365,
    365,
    365,
    365,
    365,
    365,
    365,
    365,
    365,
    365,
    365,
    365,
    365,
    365,
    365,
    365,
    365,
    365,
    365,
    365,
    365,
    365,
    365,
    365,
    365,
    365,
    365,
    365,
    365,
    365,
    365,
    365
  ],
  "perdas_politica": [
    1.1055529818815344,
    0.8118408602826735,
    0.7619687634355882,
    0.732149378341787,
    0.7149068625534282,
    0.7012825748499703,
    0.6865845410262837,
    0.6726162205724155,
    0.6590976259287666,
    0.6412002672167385,
    0.6246552169322968,
    0.6137432911816765,
    0.6004400376011344,
    0.5834243683254018,
    0.5746452510356903,
    0.5633911017109366,
    0.5512481086394366,
    0.5414649844169617,
    0.5268748437657076,
    0.5158861288252998,
    0.4995494476136039,
    0.4854812008493087,
    0.4692804383880952,
    0.4593830362838857,
    0.45056135075933795,
    0.4341134350089466,
    0.42050206485916586,
    0.40418319141163545,
    0.3893575905000462,
    0.38224533813841205,
    0.37890249578391805,
    0.3596416106995414,
    0.3475443843533011,
    0.3388759511358598,
    0.3291332993437262,
    0.31680627079570994,
    0.30699338369509754,
    0.29930515324368195,
    0.28907227603828206,
    0.27681078279719634,
    0.2686528313685866,
    0.2585102017311489,
    0.24957581960103092,
    0.2397670303197468,
    0.23637672119280873,
    0.22886773198843002,
    0.22230076483067343,
    0.2143770000513862,
    0.20628207834327922,
    0.2044393687563784,
    0.195303036886103,
    0.19043017047293045,
    0.18350126068381703,
    0.17782875194269068,
    0.17216492488103755,
    0.1669037920587203,
    0.16174292126122644,
    0.15519438683986664,
    0.15161849076257033,
    0.15192093656343572,
    0.14621452899540172,
    0.14087042694582658,
    0.13829130547888138,
    0.1320777829079067,
    0.12877435872659965,
    0.12801320960416512,
    0.12364851990166832,
    0.12083324242164106,
    0.11523267144665998,
    0.1141020635909894,
    0.11055725528036847,
    0.10812749341130257,
    0.10796613509164137,
    0.10207847220932736,
    0.10047846418969772,
    0.09851257985129076,
    0.09757397981250987,
    0.09444487861850683,
    0.09326985850930214,
    0.09215234154287506,
    0.0906491908518707,
    0.08878583307651912,
    0.08800101959530045,
    0.08587336671703003,
    0.08502466680810732,
    0.0825523380190134,
    0.08256379394408535,
    0.08184463136336383,
    0.08050000316956464,
    0.07997083806378,
    0.07924014001208193,
    0.07896439665380646,
    0.07924790833802785,
    0.07827651478788432,
    0.07701613425331957,
    0.07710210376364343,
    0.07631634044296601,
    0.07773300512310337,
    0.07630156265462146,
    0.07660249039969023
  ],
  "perdas_valor": [],
  "perdas_entropia": [],
  "acuracoes_bc": [
    0.544921875,
    0.5747644761029411,
    0.6017922794117647,
    0.6109260110294118,
    0.6228601792279411,
    0.6255744485294118,
    0.6425494025735294,
    0.6472886029411765,
    0.6592084099264706,
    0.6694766773897058,
    0.6840245863970589,
    0.6909754136029411,
    0.6973230698529411,
    0.7090705422794118,
    0.7146283318014706,
    0.7219812729779411,
    0.7262896369485294,
    0.7313591452205882,
    0.7404641544117647,
    0.7461655560661765,
    0.7553136488970589,
    0.7626809512867647,
    0.7713694852941176,
    0.7782341452205882,
    0.7813648897058824,
    0.7928107766544118,
    0.7988568474264706,
    0.8088522518382353,
    0.8154296875,
    0.8200252757352942,
    0.8216193704044118,
    0.8309110753676471,
    0.8393698299632353,
    0.8429601332720589,
    0.8477711397058824,
    0.8543485753676471,
    0.8595473345588235,
    0.8639562270220589,
    0.8698299632352942,
    0.8740952435661765,
    0.8803423713235294,
    0.8846076516544118,
    0.8874368106617647,
    0.8939424402573529,
    0.8954072840073529,
    0.8987965303308824,
    0.9037080652573529,
    0.9075281479779411,
    0.9094812729779411,
    0.9117934283088235,
    0.9163172104779411,
    0.9193043428308824,
    0.9212143841911765,
    0.9244312959558824,
    0.9276194852941176,
    0.9299172794117647,
    0.9315831801470589,
    0.9340963924632353,
    0.9366670496323529,
    0.9359633501838235,
    0.9391371783088235,
    0.9414780560661765,
    0.9416073069852942,
    0.9456284466911765,
    0.9467917049632353,
    0.9471507352941176,
    0.9497213924632353,
    0.9510282628676471,
    0.9538143382352942,
    0.9531106387867647,
    0.9553940716911765,
    0.9560977711397058,
    0.9557961856617647,
    0.9583668428308824,
    0.9589700137867647,
    0.9604348575367647,
    0.9606646369485294,
    0.9618422564338235,
    0.9626608455882353,
    0.9635081571691176,
    0.9641400505514706,
    0.9650735294117647,
    0.9649873621323529,
    0.9661793428308824,
    0.9663373161764706,
    0.9668974034926471,
    0.9679457720588235,
    0.9674144071691176,
    0.9689797794117647,
    0.9692670036764706,
    0.9687787224264706,
    0.9690803079044118,
    0.9682473575367647,
    0.9693531709558824,
    0.9695398667279411,
    0.9694536994485294,
    0.9703584558823529,
    0.9695255055147058,
    0.9708467371323529,
    0.9697840073529411
  ],
  "contagem_acoes": {
    "plantar": 1591,
    "esperar": 11245,
    "regar": 1057,
    "herbicida": 3726,
    "colher": 631
  },