{
  "recompensas_episodios": [
    7343.0618487961365,
    7303.5447594847155,
    6181.311781311169,
    6160.547524420554,
    1118.392187255182,
    7428.7413474755285,
    7984.663078555515,
    6970.165354486197,
    5847.490171561496,
    5605.113271530652,
    3804.046207455004,
    8695.837227816852,
    8589.723698639027,
    6728.4441395975155,
    599.3590227428784,
    5866.421390921633,
    6645.932017444449,
    6997.783081337946,
    5316.172230398123,
    6784.696979173924,
    5560.415491090524,
    7368.487954228085,
    5434.874593102968,
    6101.723060071381,
    6407.749205284102,
    6469.101620298436,
    6223.754347566355,
    6643.41000157461,
    4893.5188310607255,
    7263.92480018459,
    4612.094237353036,
    4627.272582569942,
    5637.763386116563,
    5281.048562309732,
    8415.987118679448,
    7743.470980979839,
    6757.416359245888,
    8437.189139106751,
    7719.095345670894,
    6332.56231057675,
    6063.657146958103,
    5937.620420458938,
    5965.855108774969,
    7117.61714975945,
    5290.976485768588,
    7706.456651456992,
    8682.57122610671,
    4344.473935075079,
    4556.057232350395,
    8123.978368404509
  ],
  "duracao_episodios": [
    365,
    365,
    365,
    365,
    365,
    365,
    365,
    365,
    365,
    365,
    365,
    365,
    365,
    365,
    365,
    365,
    365,
    365,
    365,
    365,
    365,
    365,
    365,
    365,
    365,
    365,
    365,
    365,
    365,
    365,
    365,
    365,
    365,
    365,
    365,
    365,
    365,
    365,
    365,
    365,
    365,
    365,
    365,
    365,
    365,
    365,
    365,
    365,
    365,
    365
  ],
  "perdas_politica": [
    1.1503550688425699,
    0.823185388247172,
    0.7727816979090373,
    0.7439176479975382,
    0.7203572471936543,
    0.7031085968017579,
    0.6938244740168253,
    0.675719169775645,
    0.6602454066276551,
    0.6450562159220378,
    0.6325204133987427,
    0.6258258620897929,
    0.6079080462455749,
    0.6017417629559835,
    0.5920703649520874,
    0.583982519308726,
    0.5757168650627136,
    0.5616493741671245,
    0.5610464215278625,
    0.5455735683441162,
    0.5395796895027161,
    0.5300584316253663,
    0.5212477266788482,
    0.5076448539892833,
    0.5026824295520782,
    0.4878012418746948,
    0.47681174079577127,
    0.4655597746372223,
    0.45167391498883563,
    0.4421327809492747,
    0.4315446058909098,
    0.41863725781440736,
    0.4019224504629771,
    0.38651227752367656,
    0.37539320389429726,
    0.3579016109307607,
    0.34922909140586855,
    0.3336481829484304,
    0.32565255761146544,
    0.31770535310109455,
    0.3091312607129415,
    0.2932384848594666,
    0.2825100859006246,
    0.27680972814559934,
    0.26680067777633665,
    0.2547575076421102,
    0.24697888791561126,
    0.23900206089019777,
    0.22911258339881896,
    0.21761412421862283,
    0.21210398077964782,
    0.208155956864357,
    0.19849903682867687,
    0.19125450948874156,
    0.18697545031706492,
    0.1760556221008301,
    0.17194068829218548,
    0.16655227144559223,
    0.16034822265307108,
    0.15713375210762023,
    0.15154254337151846,
    0.146237642566363,
    0.14237464020649593,
    0.1363483687241872,
    0.13289337108532587,
    0.12866959671179454,
    0.12427411377429962,
    0.11992932260036468,
    0.11546986997127533,
    0.11168042371670404,
    0.10768930912017823,
    0.10530859778324762,
    0.10258103311061859,
    0.09952300439278285,
    0.09723026851812998,
    0.0936329593261083,
    0.09142131259044012,
    0.08749080300331116,
    0.08695699870586396,
    0.08568336168924967,
    0.08254023989041646,
    0.08053967207670212,
    0.07791879748304685,
    0.07672552317380905,
    0.07648454358180364,
    0.07411262517174085,
    0.0727841171125571,
    0.07219925026098888,
    0.07019899785518646,
    0.06945581585168839,
    0.06849236860871315,
    0.06740201363960902,
    0.06743896578749022,
    0.06589189221461614,
    0.06654174700379371,
    0.06493771250049273,
    0.06639743546644847,
    0.06557667305072148,
    0.06475160047411918,
    0.064711810896794
  ],
  "perdas_valor": [],
  "perdas_entropia": [],
  "acuracoes_bc": [
    0.527490234375,
    0.5648274739583333,
    0.596630859375,
    0.6062337239583333,
    0.6205891927083333,
    0.624658203125,
    0.6305338541666666,
    0.646533203125,
    0.6601725260416667,
    0.6710286458333333,
    0.6751953125,
    0.67978515625,
    0.6916666666666667,
    0.6933756510416667,
    0.69384765625,
    0.7046549479166667,
    0.7104817708333333,
    0.717041015625,
    0.7152506510416666,
    0.72685546875,
    0.728271484375,
    0.7341959635416667,
    0.7378092447916667,
    0.7420572916666667,
    0.7471516927083334,
    0.7569986979166666,
    0.76494140625,
    0.7699544270833333,
    0.7799967447916667,
    0.7861653645833333,
    0.7904134114583333,
    0.7979166666666667,
    0.80810546875,
    0.8166015625,
    0.823876953125,
    0.8315104166666667,
    0.836376953125,
    0.8447265625,
    0.8494466145833334,
    0.85224609375,
    0.857958984375,
    0.8661946614583333,
    0.8723958333333334,
    0.87451171875,
    0.8798502604166667,
    0.8863932291666666,
    0.8903483072916667,
    0.8937174479166666,
    0.898876953125,
    0.905322265625,
    0.9081217447916666,
    0.909912109375,
    0.9136067708333333,
    0.9177571614583333,
    0.9203125,
    0.9246744791666667,
    0.9278645833333333,
    0.9299153645833333,
    0.9323079427083333,
    0.9349446614583333,
    0.9363606770833334,
    0.9385416666666667,
    0.941845703125,
    0.943310546875,
    0.9454752604166666,
    0.94755859375,
    0.9494303385416667,
    0.95185546875,
    0.9536946614583334,
    0.9552734375,
    0.9569498697916666,
    0.9579915364583333,
    0.9596354166666666,
    0.9606608072916667,
    0.9614095052083333,
    0.963623046875,
    0.964453125,
    0.9654459635416667,
    0.9673177083333333,
    0.9667317708333333,
    0.9687662760416667,
    0.9692545572916667,
    0.970068359375,
    0.9710286458333334,
    0.9709635416666667,
    0.9723307291666666,
    0.9731119791666667,
    0.9727701822916667,
    0.9742024739583334,
    0.9748046875,
    0.9750651041666667,
    0.9752604166666666,
    0.9750813802083333,
    0.9757975260416667,
    0.9763020833333333,
    0.97646484375,
    0.97529296875,
    0.9760904947916667,
    0.9770345052083333,
    0.976904296875
  ],
  "contagem_acoes": {
    "plantar": 1689,
    "esperar": 11670,
    "herbicida": 3433,
    "regar": 943,
    "colher": 515
  },
  "kpis_agricolas": {
    "produtividade": [
      668.6281059858211,
      654.3816423692264,
      529.445831137325,
      551.5041161429357,
      50.590781457855826,
      656.4425565472407,
      724.4370653156399,
      615.1026147884482,
      467.5222853621551,
      436.53355910153317,
      311.565103500096,
      813.8524709898393,
      809.8266986490199,
      604.6551992526385,
      0.0,
      513.2342223710853,
      587.7193718243705,
      604.3391889366734,
      469.9485553783448,
      596.145064470239,
      475.2583504356925,
      663.0024213842577,
      477.41136364554694,
      517.3835692833258,
      550.7353191040565,
      532.9110925295857,
      572.1274178832784,
      578.2504772693383,
      391.13835382221527,
      642.5655258108457,
      393.6905257955021,
      397.4811242344814,
      484.40580470166356,
      446.5791275501516,
      787.1406246978034,
      698.8670870394121,
      578.3874672179762,
      788.6888505051423,
      698.9925811790255,
      532.3428686246117,
      526.1725833853544,
      489.973114890569,
      524.4129793092986,
      609.7923930244441,
      469.0312336816952,
      704.8582939267553,
      812.2210169477628,
      356.8287277937441,
      399.6584676443317,
      743.0913131030103
    ],