{
  "recompensas_episodios": [
    6670.752577284427,
    8960.209739360213,
    8872.378935432605,
    8065.714771956298,
    8698.374052564492,
    8395.555116015146,
    5520.206441418113,
    8636.536885701351,
    7436.265100015761,
    7681.931849573124,
    8636.986542988581,
    8430.886920136985,
    7848.551519678892,
    8493.018891398315,
    8516.932106715036,
    8568.019463045235,
    7660.953942698436,
    6949.686775476582,
    5882.2843143205755,
    8818.310576590893,
    6335.339160759797,
    7254.015081310186,
    8193.496775440544,
    8040.401614839352,
    6138.601808899846,
    8568.581901146026,
    8806.098765257973,
    5938.51431496045,
    5967.146945475952,
    7901.441615769438,
    8233.540567889893,
    6350.2857692833695,
    6401.293226538482,
    8838.421011982211,
    6846.205870100419,
    7814.732717203697,
    5807.352816303965,
    7992.40585631156,
    8300.820097048998,
    6134.932481806143,
    8563.92764975047,
    6471.963211982231,
    8830.69869759798,
    8578.05917934531,
    8575.379403408657,
    8552.021866920204,
    7428.491616512767,
    6116.497499942726,
    7529.278967324838,
    8145.727836865925
  ],
  "media_recompensa_final": 7667.98461700701,
  "desvio_recompensa_final": 1037.1462981192851,
  "ood_dry_recompensas": [
    3703.588152757662,
    3694.873313320586,
    4054.1536156412294,
    3904.2238795352177,
    3274.5336329622014,
    3690.3865757392105,
    3732.965424011745,
    3900.263107522832,
    3644.1019702596986,
    3763.9179165218375,
    3715.1514813882,
    3780.6127584950123,
    3819.1779464647543,
    3902.3584536672406,
    4133.452669218863,
    3806.301345131168,
    3755.1757589471426,
    3764.077252413934,
    3763.897735456888,
    4073.3242782456146,
    4061.070713231623,
    3840.5054322052038,
    3926.992511409707,
    3712.8390547343065,
    3892.9292841596384,
    3709.642926893201,
    3865.782521516445,
    3934.4820153621954,
    3864.649129621739,
    3916.6603343361653,
    3701.839509852356,
    3600.9373491654533,
    3759.103673456139,
    3763.8741039855367,
    3815.0061571899505,
    4059.6713084935864,
    3889.6078414314734,
    4119.434768436204,
    3868.229987056093,
    3806.2377053146874,
    3926.5151412401337,
    3700.9239424951793,
    3975.2447136701485,
    3858.562396795803,
    3750.155072622839,
    3915.2052740873924,
    3619.228018877411,
    3747.293902631137,
    3864.7381533449816,
    3754.5665157985395
  ],
  "ood_humid_recompensas": [
    8101.916137641621,
    6429.751320907482,
    6590.592826115857,
    9393.29826062989,
    8609.673695082714,
    9228.534767036257,
    9052.77611748808,
    7788.802483137659,
    9209.629281822381,
    7590.239339279693,
    8757.488629596264,
    9198.879660044679,
    8991.665147610202,
    9290.107815359499,
    9217.611269721087,
    9369.442670602726,
    8328.796994490394,
    8885.525848462126,
    8828.142756181212,
    8754.101516910478,
    7585.119193837565,
    9027.177414514215,
    9244.52055205693,
    9161.933257117322,
    9205.580284056708,
    9122.499582252349,
    9073.150020253204,
    9060.824270935336,
    9033.433411292432,
    9133.930143182715,
    8856.737686313629,
    9100.520696655829,
    9149.825679839601,
    9155.61372809379,
    9094.275021218611,
    7295.9206964838195,
    9078.765607029112,
    8911.437494719074,
    9202.701846944174,
    8046.230530680913,
    8816.688766421137,
    9075.083857511938,
    8576.868169763871,
    9244.959239394477,
    9125.611239058551,
    9205.34497417444,
    8005.982325611851,
    9192.305746542104,
    9350.01853915463,
    9111.554371331058
  ],
  "media_ood_dry": 3821.969334542325,
  "media_ood_humid": 8777.231817691232,
  "acuracia_bc_final": 0.9999569163602942,
  "contagem_acoes": {
    "plantar": 1612,
    "esperar": 10590,
    "regar": 1092,
    "herbicida": 4288,
    "colher": 642,
    "fertilizar_N": 26
  },
  "kpis_agricolas": {
    "produtividade": [
      573.8120043716065,
      830.7860586828787,
      833.4828742863391,
      727.2401100058123,
      821.8414981377575,
      781.1273924291402,
      427.0069981310745,
      807.1860497298546,
      669.5576854862076,
      694.6651601837295,
      812.2416874737293,
      777.8063664190032,
      710.7567320179885,
      790.3466076658264,
      794.2629605208189,
      797.585046443259,
      690.1883560400588,
      601.7894897149524,
      500.0529435920717,
      828.955428391913,
      547.9994756058443,
      640.7725504768239,
      757.1840378729714,
      743.9990103410597,
      535.0542280324848,
      800.6812111730078,
      826.9308943067135,
      471.91631507389076,
      498.01825674375243,
      713.6669052019568,
      759.2489803511963,
      551.6496876063405,
      534.0837078139743,
      829.9635396433686,
      592.2535625781535,
      709.9447394340119,
      479.502378737664,
      726.2112743593411,
      766.9245954211927,
      498.52012474480284,
      803.3100743904901,
      546.4781131264245,
      827.3834989431035,
      801.8101065094935,
      811.8280356477449,
      795.2225155291136,
      661.086638815152,
      501.5553880972191,
      666.1286137330737,
      751.8948453885642
    ],
    "qualidade_solo": [
      0.28886406838291256,
      0.3808504576118895,
      0.4465015065237273,
      0.26557196930648963,
      0.467802694150018,
      0.16213284649116932,
      0.2875352129344745,
      0.23405445143868725,
      0.2678498245271367,
      0.25287871468356504,
      0.26597809887387275,
      0.3905555527522462,
      0.2988935972266076,
      0.3032591430535195,
      0.2897017889061284,
      0.1582082146546378,
      0.22385341348373286,
      0.20560003013297762,
      0.3307812246994825,
      0.1764724972544764,
      0.29908752584457154,
      0.3083167555828252,
      0.2380958841235957,
      0.2256625108846584,
      0.42571959986381963,
      0.2766606248231739,
      0.33677594952184453,
      0.33159117408032734,
      0.18686745777103542,
      0.3389684496571767,
      0.24816656355731653,
      0.3831391520268669,
      0.31371762203189557,
      0.3668507478684102,
      0.37586818999590993,
      0.18165241872556387,
      0.3324720066030831,
      0.219022977811138,
      0.18318142421290146,
      0.22570490698469914,
      0.20245741632065983,
      0.17949835768718514,
      0.41014481316017953,
      0.1855993005356045,
      0.22586653469412496,
      0.1781925281482478,
      0.24466870124803408,
      0.24666995171726475,
      0.30710406521529177,
      0.290793486322215
    ],
    "uso_quimicos": [
      688,
      592,
      1056,
      752,
      768,
      512,
      832,
      528,
      1136,
      432,
      800,
      496,
      672,
      672,
      272,
      592,
      704,
      608,
      512,
      432,
      1024,
      608,
      928,
      720,
      640,
      720,
      688,
      528,
      736,
      656,
      768,
      736,
      704,
      656,
      736,
      784,
      656,
      512,
      800,
      544,
      672,
      544,
      736,
      432,
      1168,
      608,
      592,
      752,
      704,
      560
    ],