{
  "recompensas_episodios": [
    6937.174826449671,
    7907.362078550435,
    8598.802934826384,
    6474.580219457013,
    7526.388277903579,
    5133.905662895541,
    7918.904505995824,
    8419.683452355419,
    8697.893983582699,
    8471.0158224641,
    8342.007158930042,
    8542.151811805625,
    7271.872893978547,
    8741.481217611941,
    8602.664829535195,
    8821.134804983998,
    8656.724174623445,
    9044.678982391648,
    6392.533388481217,
    8632.039205152085,
    8653.064929348064,
    5503.535551943421,
    7734.547697508839,
    7484.141706170283,
    7399.572807149374,
    8797.443397194314,
    8999.579194586833,
    5332.011509687987,
    8431.86152629937,
    5578.555920570077,
    7645.317198942617,
    7920.3397738763,
    8693.856191252835,
    8660.490354787129,
    8789.008429115676,
    8576.786074808462,
    8603.930912625507,
    6735.829344160371,
    8649.649185857495,
    7873.239973485717,
    8587.659090351632,
    8271.309455324834,
    8763.621058816696,
    8817.562500760141,
    8556.656699446918,
    8593.856857844163,
    8679.539282998947,
    8334.702687192645,
    8599.090037905076,
    8792.52660148092
  ],
  "duracao_episodios": [
    365,
    365,
    365,
    365,
    365,
    365,
    365,
    365,
    365,
    365,
    365,
    365,
    365,
    365,
    365,
    365,
    365,
    365,
    365,
    365,
    365,
    365,
    365,
    365,
    365,
    365,
    365,
    365,
    365,
    365,
    365,
    365,
    365,
    365,
    365,
    365,
    365,
    365,
    365,
    365,
    365,
    365,
    365,
    365,
    365,
    365,
    365,
    365,
    365,
    365
  ],
  "perdas_politica": [
    0.4110944426721997,
    0.2636544934228847,
    0.20781223550438882,
    0.1650829227197738,
    0.1484850309450518,
    0.12673064379588417,
    0.11235383117328519
  ],
  "perdas_valor": [],
  "perdas_entropia": [],
  "acuracoes_bc": [
    0.8292860243055555,
    0.8890483655427631,
    0.915911865234375,
    0.9340401785714286,
    0.9417180841619318,
    0.9508544921875,
    0.9567425271739131
  ],
  "contagem_acoes": {
    "plantar": 1607,
    "esperar": 6889,
    "regar": 1157,
    "herbicida": 7198,
    "colher": 977,
    "fertilizar_N": 422
  },
  "kpis_agricolas": {
    "produtividade": [
      602.6921306168805,
      728.8645496675997,
      835.9944592857345,
      601.0639908959438,
      707.840676841128,
      423.1142809596593,
      721.8168131376136,
      806.0737066668124,
      817.340525141193,
      796.853986646269,
      794.2365855255802,
      832.3507451454484,
      642.7637698434606,
      844.3266007737402,
      813.4196557620136,
      844.1337988203157,
      832.2884174366013,
      855.4518853130403,
      536.8699276532323,
      819.2391765534551,
      820.9259969154546,
      457.25031984953273,
      697.2409248046002,
      685.3961884549552,
      676.0844504196065,
      834.31553165758,
      864.6652301578387,
      489.7462820591473,
      807.8107210778079,
      445.88644145378294,
      693.9970408857638,
      739.6412787192563,
      834.10094138572,
      836.8334362371908,
      848.9102837013518,
      811.1268543173003,
      826.1878620901579,
      586.1217642298741,
      815.3208744079382,
      722.6533642070921,
      805.8012765756836,
      780.6121802640031,
      845.9466694801505,
      861.2027526334699,
      827.7498802243791,
      819.9783437722867,
      843.5857842525342,
      780.6474327125069,
      804.824243662077,
      850.2971243805823
    ],
    "qualidade_solo": [
      0.30836609585341673,
      0.3808504576118895,
      0.21384167345983096,
      0.25763179574233946,
      0.17827784317661627,
      0.2837516569727596,
      0.22664311606332452,
      0.161085940920737,
      0.19927533555439975,
      0.2295566557824533,
      0.31775758313209523,
      0.3518400302050849,
      0.34075670304043193,
      0.30325914301665435,
      0.2925634932219172,
      0.2501168115881591,
      0.22650009180521563,
      0.28283897371711475,
      0.3524940686257635,
      0.2689916045419146,
      0.20091430480069733,
      0.3915798152288287,
      0.3020748867725519,
      0.2515368863821774,
      0.3729647879075477,
      0.3095498294204541,
      0.334150949520192,
      0.3726908156997871,
      0.1258977935432795,
      0.34481627339504617,
      0.3078858360239843,
      0.366933439001642,
      0.16029559820013684,
      0.37896648614135386,
      0.3847461298040511,
      0.1517838378164648,
      0.18448331863152975,
      0.2611535356361656,
      0.20789135820752022,
      0.3151666373765754,
      0.2595619946838987,
      0.22127576284760814,
      0.40690101425566183,
      0.1875082027019415,
      0.18695003035683544,
      0.15295692471686742,
      0.24158086266047413,
      0.24363402798698022,
      0.2610361605367456,
      0.2092101853139754
    ],
    "uso_quimicos": [
      928,
      1776,
      1344,
      960,
      1120,
      1120,
      1024,
      1120,
      960,
      1248,
      1696,
      1648,
      864,
      1568,
      976,
      1536,
      1664,
      912,
      288,
      1088,
      784,
      1024,
      864,
      1168,
      912,
      1024,
      1392,
      1008,
      1808,
      848,
      1072,
      1856,
      1456,
      1904,
      2000,
      1456,
      1472,
      1664,
      1088,
      1424,
      944,
      1040,
      1504,
      2048,
      1568,
      1936,
      2064,
      1616,
      848,
      1424
    ],
    "biodiversidade": [
      9.9164185356355e-44,
      2.506572420224848e-68,
      7.3193966936386025e-75,
      3.8390622210336243e-50,
      4.8616320092982034e-70,
      1.531231339254329e-50,
      1.3694330992404318e-58,
      1.2311276418454178e-68,
      1.4637487488682989e-58,
      1.3877938296058808e-64,
      1.4717891400486026e-72,
      3.764599527328065e-71,
      1.5263468390621616e-49,
      1.5752429044204944e-73,
      1.6566789272900518e-62,
      5.5252506111184705e-64,
      1.6379724401960978e-70,
      2.858644105614177e-61,
      5.881349421447018e-39,
      1.5108746523180872e-56,
      4.363234840241505e-58,
      2.5652750558703287e-45,
      3.282287118060447e-52,
      1.4505143152206984e-55,
      6.143025689451366e-60,
      2.3412802192526596e-65,
      1.8545953142318292e-69,
      9.633614489585901e-58,
      1.1788901339983896e-65,
      8.392098874224337e-51,
      1.1157491170945297e-50,
      6.944738487382629e-72,
      1.2130318442532108e-62,
      1.1882295214768054e-75,
      1.1737875814234885e-75,
      1.5625893513069253e-62,
      2.8822914659968218e-64,
      1.499183794251916e-63,
      1.709119474295906e-59,
      1.098196129036259e-63,
      1.9167342534638144e-51,
      8.511970775118139e-50,
      5.4287394335390476e-76,
      4.30765857782152e-80,
      5.9545633491080764e-71,
      3.354270092633406e-63,
      1.3617311131594782e-73,
      1.0778114227048248e-62,
      2.018627738837862e-50,
      4.174974214508896e-66
    ]
  },