{
  "recompensas_episodios": [
    7746.642909428445,
    8788.176278742623,
    8667.910686547084,
    8636.127784686541,
    8558.065062055128,
    8342.188628685906,
    7628.2910926376335,
    8580.34983921545,
    8245.135042169406,
    8573.958316079199,
    5364.511531753047,
    8727.7085446353,
    8507.246445933602,
    8638.144090580143,
    8737.367172849195,
    8725.666654675166,
    8586.96772458102,
    8893.9351722621,
    8591.507066211674,
    8608.90325689876,
    8666.84960812428,
    8481.719731315676,
    8745.65685827831,
    8730.246954055616,
    8629.089486045668,
    8660.477874870454,
    8780.265480472946,
    8549.907444063916,
    8523.724505399086,
    8761.645706972195,
    8541.253273661674,
    8724.10478344334,
    8590.222692498453,
    8495.206688270242,
    8596.014867188125,
    8308.0323664802,
    8527.556422385718,
    8762.77135777599,
    8634.367784519814,
    8754.531804530729,
    8558.923654501868,
    5945.959561544245,
    8871.89727116227,
    8617.635250221223,
    8665.723061932238,
    8427.530941101562,
    8703.76966965937,
    8647.143286065864,
    8649.249213947474,
    8727.690143117461
  ],
  "duracao_episodios": [
    365,
    365,
    365,
    365,
    365,
    365,
    365,
    365,
    365,
    365,
    365,
    365,
    365,
    365,
    365,
    365,
    365,
    365,
    365,
    365,
    365,
    365,
    365,
    365,
    365,
    365,
    365,
    365,
    365,
    365,
    365,
    365,
    365,
    365,
    365,
    365,
    365,
    365,
    365,
    365,
    365,
    365,
    365,
    365,
    365,
    365,
    365,
    365,
    365,
    365
  ],
  "perdas_politica": [
    0.33568909862959706,
    0.12341862729726694,
    0.08048400511965155,
    0.06218503918942241,
    0.045644899449226534,
    0.0397099449461245,
    0.03938985778851078
  ],
  "perdas_valor": [],
  "perdas_entropia": [],
  "acuracoes_bc": [
    0.8977367504222973,
    0.9513797075320513,
    0.96969970703125,
    0.9778355189732143,
    0.9840265447443182,
    0.9867495329483695,
    0.9878199800531915
  ],
  "contagem_acoes": {
    "plantar": 1608,
    "esperar": 3989,
    "herbicida": 9554,
    "regar": 1239,
    "colher": 1150,
    "fertilizar_N": 710
  },
  "kpis_agricolas": {
    "produtividade": [
      713.5770493843693,
      866.088694272397,
      846.2170973894647,
      841.0564156355315,
      818.3568735480904,
      776.9020931260022,
      703.1635126254648,
      834.1684716130144,
      783.9649748549285,
      820.3097158805624,
      445.5858323045538,
      837.1591716917727,
      816.3756651995847,
      844.9516055821998,
      844.2611648900802,
      850.5615486749379,
      835.2558727214439,
      852.2765464503924,
      836.974621213013,
      842.0727253613151,
      813.8632136664494,
      812.9289230936187,
      852.2788820554385,
      842.3127752786335,
      819.2961053198145,
      817.3963899759879,
      844.4357433075603,
      810.7130535420433,
      806.960202742225,
      841.2520555404442,
      824.9104957354381,
      831.3262582871182,
      836.9654741458628,
      834.5592239270184,
      839.7717450005307,
      785.6026210879278,
      831.5233588003007,
      852.1432818986323,
      821.8935969129409,
      834.681089273254,
      830.8024724767898,
      477.37238425417445,
      849.8691218578313,
      833.5066468556597,
      833.1585143955668,
      804.2955942754068,
      825.9030078260971,
      826.0877982255665,
      810.8427824361312,
      849.6846553537976
    ],
    "qualidade_solo": [
      0.23489143058734568,
      0.4125294664384972,
      0.42684645309004887,
      0.23679369721811216,
      0.165528460872633,
      0.2862574363587867,
      0.3584395379033568,
      0.18935984849626783,
      0.3022906962210764,
      0.19059238599310258,
      0.41913752516715175,
      0.41134336074883016,
      0.26427031951796,
      0.2933938305166567,
      0.3216002877149483,
      0.15538180592470316,
      0.20852147216286443,
      0.28583797198837946,
      0.17654564971277192,
      0.2095832614336898,
      0.21594896487171994,
      0.2218816629986502,
      0.2279165517547419,
      0.18730817503917235,
      0.34196090965356285,
      0.2403413727557719,
      0.22287679541442565,
      0.33239413434858633,
      0.13377281455526568,
      0.336816304052757,
      0.22314522546640336,
      0.3614185779673123,
      0.16306016263147288,
      0.35746416974340967,
      0.2992518875650476,
      0.16697860392252623,
      0.2575346812203092,
      0.27785242015067846,
      0.1792319937476758,
      0.20252363319646083,
      0.20020698159593153,
      0.22509570900435544,
      0.40423695615450894,
      0.22465471943073234,
      0.1887012178568354,
      0.17248137824781667,
      0.30686965581374825,
      0.19602458787136123,
      0.37165038339198564,
      0.22847708808601
    ],
    "uso_quimicos": [
      944,
      2016,
      2064,
      2000,
      1344,
      1008,
      2080,
      1984,
      2064,
      1280,
      1344,
      1616,
      1296,
      1856,
      2160,
      1920,
      2176,
      1632,
      1776,
      1984,
      784,
      1632,
      2096,
      1104,
      1008,
      768,
      2048,
      1216,
      1120,
      1504,
      1744,
      1504,
      1968,
      2032,
      1968,
      800,
      2096,
      1600,
      1536,
      1280,
      1968,
      896,
      1776,
      2096,
      1472,
      1632,
      1648,
      1424,
      1024,
      1952
    ],
    "biodiversidade": [
      6.694829417958629e-57,
      2.542095284434058e-87,
      2.7311358019876443e-91,
      6.056424290588467e-73,
      3.0923769965486696e-56,
      3.2905608617729684e-56,
      2.1398792832105164e-73,
      2.1032559590673324e-79,
      2.9581523101006484e-73,
      1.1518538728374832e-65,
      5.173942461013052e-69,
      1.9420996220384515e-60,
      5.48996468838319e-68,
      3.2123320854139974e-75,
      1.2625677106167544e-78,
      2.2981135818042965e-75,
      2.0636435740881183e-80,
      8.779964230198195e-72,
      1.653903894259292e-77,
      7.034975195632391e-84,
      8.645154585211928e-47,
      4.577800800359007e-69,
      1.4223726735444404e-81,
      6.11127346458185e-68,
      4.500160459995301e-62,
      3.4174092432398915e-57,
      3.140805403667463e-72,
      6.740433279792396e-62,
      1.2492049676192017e-56,
      1.3313381931267898e-69,
      3.7462469470319046e-78,
      1.1853222937162987e-72,
      1.0181480102043607e-72,
      8.415858744620302e-84,
      1.8644513840716274e-83,
      5.553242692163236e-62,
      4.3252597749461664e-83,
      1.7016646598988367e-77,
      1.873653670552374e-65,
      8.410609608447325e-67,
      8.78305080681137e-79,
      1.0282776773134326e-49,
      1.900955426474757e-71,
      2.1125082328513837e-83,
      1.6656917678991356e-64,
      1.1628678250788504e-64,
      1.3647411547962744e-57,
      7.265087039480994e-66,
      1.2930291615108561e-58,
      1.0097066935711536e-79
    ]
  },