{
  "recompensas_episodios": [
    8548.170249014425,
    9115.766196639539,
    8504.26350864004,
    8664.242592030318,
    8619.352057076681,
    8651.883082658247,
    8721.848254918646,
    8686.248943054588,
    6807.13764114564,
    6297.6180466421465,
    8641.068310991,
    8509.232682790058,
    8348.474613480912,
    8372.666283315139,
    7033.780366742225,
    8546.13234013446,
    8674.28510376214,
    8640.517294989724,
    8675.323302928562,
    8619.441826460778,
    8671.707423654796,
    8705.964110689649,
    8668.885334647988,
    8661.022701017348,
    8735.559858235825,
    8736.574033014524,
    8637.986571512642,
    6334.020188682212,
    8542.697904428205,
    8697.211682135796,
    7745.614513861443,
    6467.759037487792,
    8660.827866439638,
    8859.467266311334,
    8704.20292388564,
    8520.12986283506,
    5940.173961174039,
    8587.229564300864,
    8777.296202655247,
    8996.786509724208,
    6895.599474789908,
    5208.090151465091,
    2035.3420001102313,
    8710.090500195285,
    8451.061455506413,
    8680.749256061728,
    8613.9642330196,
    8668.0142855995,
    8553.975932853784,
    8469.819304503919
  ],
  "duracao_episodios": [
    365,
    365,
    365,
    365,
    365,
    365,
    365,
    365,
    365,
    365,
    365,
    365,
    365,
    365,
    365,
    365,
    365,
    365,
    365,
    365,
    365,
    365,
    365,
    365,
    365,
    365,
    365,
    365,
    365,
    365,
    365,
    365,
    365,
    365,
    365,
    365,
    365,
    365,
    365,
    365,
    365,
    365,
    365,
    365,
    365,
    365,
    365,
    365,
    365,
    365
  ],
  "perdas_politica": [
    0.41173895117309356,
    0.2646969726995418,
    0.2114929535984993,
    0.16371273664491517,
    0.13737100440670144,
    0.12036214127488758,
    0.10344076130701148
  ],
  "perdas_valor": [],
  "perdas_entropia": [],
  "acuracoes_bc": [
    0.8297092013888889,
    0.8865735505756579,
    0.91390625,
    0.9349504743303572,
    0.9460882013494318,
    0.9536313264266304,
    0.9602454144021739
  ],
  "contagem_acoes": {
    "plantar": 1588,
    "esperar": 6047,
    "herbicida": 7727,
    "regar": 1218,
    "colher": 953,
    "fertilizar_N": 717
  },
  "kpis_agricolas": {
    "produtividade": [
      817.0243442218291,
      869.5202398463744,
      802.3544306722838,
      830.6848872809845,
      814.0486545535762,
      837.844097126142,
      825.0991831721276,
      843.0005079908279,
      629.2544568365912,
      543.8056992847081,
      833.3483415484606,
      822.8448508555266,
      794.2733302750937,
      779.7348043969055,
      610.1350863999384,
      807.749306828219,
      831.9758107954405,
      825.467614229974,
      823.8394792407726,
      839.5448024207823,
      832.6278171292047,
      831.5863189728065,
      843.2100693336529,
      840.9179891089126,
      834.1515693280619,
      846.0099683848796,
      825.51473527572,
      585.6090352580858,
      825.038564869018,
      837.9788948405901,
      718.7535550646944,
      583.6078654264387,
      821.216532261428,
      843.7922319355692,
      840.6688115113778,
      812.8687526006404,
      493.11996225421876,
      799.5362833431668,
      841.5383664580247,
      859.0328614663587,
      599.4228858955199,
      434.9001204589758,
      198.0277720257735,
      822.2075641730195,
      795.7383000481739,
      841.8652865081519,
      815.421635015464,
      834.266583353786,
      809.9020648394905,
      802.8705550105404
    ],
    "qualidade_solo": [
      0.22493583389768923,
      0.20687458792079738,
      0.238183048557344,
      0.1961663199962363,
      0.23414503644674406,
      0.1958727661741628,
      0.34757600359393753,
      0.20865483235687493,
      0.24668841531213243,
      0.30084214968193673,
      0.22505216619799495,
      0.29238126490584343,
      0.22128044572998196,
      0.30700914302621013,
      0.33550260132206355,
      0.2446814992829749,
      0.16983649942400544,
      0.1875420467418514,
      0.21456718740240577,
      0.20627805807097,
      0.1763924418565188,
      0.251647120434932,
      0.2556428889206853,
      0.2084322916367184,
      0.38812829769522983,
      0.24788556076822,
      0.33298933962709815,
      0.151213968753034,
      0.14939588379352187,
      0.2906857005093236,
      0.2878991837576073,
      0.3520117576096592,
      0.2010668419451353,
      0.33837142099711265,
      0.2905139925645165,
      0.16082857118116922,
      0.3377229375398909,
      0.21889349167220706,
      0.19285206328366547,
      0.2037535328471815,
      0.27337006041609024,
      0.30219428501896706,
      0.41663477956535555,
      0.17437653484458354,
      0.1900631254723382,
      0.1424210991875,
      0.29303103708114386,
      0.1924441289721333,
      0.26859847208464416,
      0.21067366142609079
    ],
    "uso_quimicos": [
      1824,
      752,
      1712,
      1024,
      880,
      2144,
      928,
      1536,
      1328,
      1040,
      1648,
      1360,
      1552,
      1504,
      1104,
      1152,
      1952,
      1360,
      1312,
      1728,
      1712,
      1232,
      1760,
      2048,
      1024,
      1904,
      1312,
      272,
      1856,
      1264,
      1872,
      688,
      1136,
      848,
      1504,
      1280,
      720,
      672,
      1392,
      1216,
      784,
      928,
      304,
      992,
      1184,
      1488,
      1536,
      1312,
      544,
      1232
    ],
    "biodiversidade": [
      1.3897937284394779e-59,
      2.9795982520478975e-62,
      4.7092919738556125e-65,
      3.0337384186831886e-62,
      4.286757176696483e-55,
      4.3675926500329386e-76,
      6.6543798713057885e-59,
      3.8329941106563956e-77,
      5.358133999014387e-72,
      2.0294735839255718e-57,
      5.676517316982616e-80,
      3.612482397887809e-71,
      1.7967996486051892e-62,
      5.016779567082064e-61,
      8.61334183528476e-57,
      2.74767217774937e-62,
      3.03608623280096e-66,
      8.371140100928371e-57,
      3.6381693922292466e-65,
      1.2916399332545917e-81,
      1.7764453268468553e-61,
      1.3181833980412083e-57,
      1.6335154822285694e-81,
      1.8362605542606698e-74,
      2.37750514828537e-64,
      6.652808157028069e-73,
      1.1342020453127189e-64,
      1.8883663982111018e-44,
      2.0628868894065778e-72,
      4.79920480347631e-65,
      5.22462045589697e-73,
      5.465076179725749e-57,
      1.6409756810127286e-53,
      7.214306482302682e-66,
      5.9769883148000405e-74,
      6.986162052198967e-69,
      8.365599987560528e-53,
      6.622914815576184e-44,
      4.006541730006898e-65,
      7.574448684316496e-63,
      4.586687080673678e-53,
      3.503301565535539e-63,
      5.95557460746889e-49,
      2.554135329283102e-56,
      1.5918442878561697e-58,
      1.829023502836326e-70,
      1.7281794199381814e-59,
      2.9952010257903108e-68,
      8.025261461090095e-57,
      2.830272793029443e-62
    ]
  },