{
  "recompensas_episodios": [
    8447.495954818107,
    4294.854063944349,
    7257.740116770794,
    7101.370864714787,
    8902.406033248479,
    6531.16312849604,
    8635.37019699164,
    6419.721304734625,
    6584.719005932529,
    8125.051766395045,
    5878.987975648008,
    8736.646157932719,
    7937.888932511842,
    8335.132737372167,
    5686.197181900025,
    7593.09201934062,
    7325.4301844149495,
    8764.316288894428,
    7308.750661344682,
    8694.250058491569,
    5644.151530778942,
    6657.058571449843,
    7599.830456190253,
    6784.694280040259,
    6932.191713727114,
    8470.418513040811,
    6785.375614466075,
    5841.466377308435,
    8596.934913651115,
    8494.553832931339,
    6043.859401461043,
    7271.152855538557,
    8524.320611384574,
    8003.207650776403,
    8681.742296327098,
    6971.631293502059,
    8646.478374499942,
    6370.149569800342,
    6460.81792484945,
    8060.147247262152,
    5316.251768801518,
    8249.099495983763,
    8903.019674046485,
    7184.904258919398,
    8356.44763920742,
    7742.991430520444,
    5599.962892089528,
    7666.840457712162,
    7497.069092118705,
    8659.22464116236
  ],
  "duracao_episodios": [
    365,
    365,
    365,
    365,
    365,
    365,
    365,
    365,
    365,
    365,
    365,
    365,
    365,
    365,
    365,
    365,
    365,
    365,
    365,
    365,
    365,
    365,
    365,
    365,
    365,
    365,
    365,
    365,
    365,
    365,
    365,
    365,
    365,
    365,
    365,
    365,
    365,
    365,
    365,
    365,
    365,
    365,
    365,
    365,
    365,
    365,
    365,
    365,
    365,
    365
  ],
  "perdas_politica": [
    0.9409282926250907,
    0.7589772711781895,
    0.7284698135712567,
    0.7040378205916461,
    0.6652991280836218,
    0.6453017311937669,
    0.6168851308962878,
    0.6009307994562036,
    0.580946534872055,
    0.5712271262617672,
    0.5640499153557945,
    0.5480479825945461,
    0.5406654091442332,
    0.5266371816396713,
    0.5178408131879919,
    0.5044142884366652,
    0.4987109470016816,
    0.4903470391736311,
    0.47358983579803915,
    0.4608222403947045,
    0.45577741195173826,
    0.43702369753052206,
    0.431073141448638,
    0.4236753837150686,
    0.40263179207549377,
    0.3907189115005381,
    0.37664278026889353,
    0.36052071872879476,
    0.34133744941038247,
    0.3329448454520282,
    0.31613486654618206,
    0.3020580980707617,
    0.2982289782341789,
    0.2757371948922382,
    0.25984995417735157,
    0.24882041399969773,
    0.23242127325604944,
    0.22162618794861963,
    0.20730231833808563,
    0.1948794201016426,
    0.18376007895259297,
    0.1721056094940971,
    0.16300181847284823,
    0.1530662411276032,
    0.14849824129658587,
    0.1336243906441857,
    0.11926948607844465,
    0.11596179468666806,
    0.1049129088573596,
    0.09631730922881294,
    0.09216304276795949,
    0.08584344869150835,
    0.07953218447373193,
    0.07159168196513373,
    0.06634324931484811,
    0.06573197870131801,
    0.055546191904474705,
    0.05301763692542034,
    0.04982771056101603,
    0.04581933287794099,
    0.04343815487535561,
    0.03988900473889183,
    0.03595976767075412,
    0.03198210823842708,
    0.029794254668933505,
    0.027382567579693654,
    0.02633611427839188,
    0.026726001983179766,
    0.022526214940144736,
    0.020436967038275564,
    0.019427011446917757,
    0.016695704420699793,
    0.016723384149372578,
    0.016160318449906567,
    0.014018626267309575,
    0.011970730142339188,
    0.011165195213192525,
    0.012287816114942817,
    0.010081234990673907,
    0.009465593351599048,
    0.008355645312215476,
    0.008615626350921743,
    0.008332052192760302,
    0.007050047190312077,
    0.006348864065811914,
    0.00626971702064004,
    0.006189613397616674,
    0.005633195286945385,
    0.0053806543103693165,
    0.005096470971372636,
    0.00484884184141479,
    0.004730865982470705,
    0.004504905688329874,
    0.004306478675810949,
    0.004380427622784148,
    0.004265841209630975,
    0.004055622383020818,
    0.0040866331649286785,
    0.004099614353275255,
    0.004191107589148861
  ],
  "perdas_valor": [],
  "perdas_entropia": [],
  "acuracoes_bc": [
    0.5364343979779411,
    0.5835535386029411,
    0.6088005514705882,
    0.6205480238970589,
    0.6560345818014706,
    0.6683134191176471,
    0.6802188648897058,
    0.6889361213235294,
    0.7033116957720589,
    0.7022776884191176,
    0.7099465762867647,
    0.7213350183823529,
    0.7266343060661765,
    0.7286735983455882,
    0.7322926240808824,
    0.7405503216911765,
    0.745361328125,
    0.7501579733455882,
    0.7560891544117647,
    0.7610868566176471,
    0.7685690487132353,
    0.7767836626838235,
    0.7796846277573529,
    0.7825568704044118,
    0.7978946461397058,
    0.8041130514705882,
    0.8111069623161765,
    0.8180577895220589,
    0.8290872012867647,
    0.8367273667279411,
    0.8442526424632353,
    0.8536735983455882,
    0.8517061121323529,
    0.8654928768382353,
    0.8759622012867647,
    0.8802705652573529,
    0.8891170726102942,
    0.8935259650735294,
    0.9024586397058824,
    0.9087057674632353,
    0.9157427619485294,
    0.9220473345588235,
    0.926025390625,
    0.9310948988970589,
    0.9333208869485294,
    0.9409036075367647,
    0.9475384880514706,
    0.9491325827205882,
    0.9548052619485294,
    0.9588982077205882,
    0.9605210248161765,
    0.9637666590073529,
    0.9675867417279411,
    0.9699994255514706,
    0.9729291130514706,
    0.9733599494485294,
    0.9770651424632353,
    0.9790757123161765,
    0.9798081341911765,
    0.9819048713235294,
    0.9824362362132353,
    0.9843175551470589,
    0.9859547334558824,
    0.9877642463235294,
    0.9887838924632353,
    0.9895737591911765,
    0.9901194852941176,
    0.9894301470588235,
    0.9914263556985294,
    0.9923023897058824,
    0.9929055606617647,
    0.9935087316176471,
    0.9937815946691176,
    0.9939682904411765,
    0.9948012408088235,
    0.99560546875,
    0.9961655560661765,
    0.995361328125,
    0.9964527803308824,
    0.9970846737132353,
    0.9971995634191176,
    0.9971277573529411,
    0.9971421185661765,
    0.9977740119485294,
    0.9981330422794118,
    0.9978745404411765,
    0.9979607077205882,
    0.9981474034926471,
    0.9983484604779411,
    0.9984489889705882,
    0.9985782398897058,
    0.9985782398897058,
    0.9986644071691176,
    0.9988941865808824,
    0.9987362132352942,
    0.9987936580882353,
    0.9988511029411765,
    0.9987074908088235,
    0.9988223805147058,
    0.998779296875
  ],
  "contagem_acoes": {
    "plantar": 1607,
    "esperar": 11111,
    "regar": 1070,
    "herbicida": 3852,
    "colher": 599,
    "fertilizar_N": 11
  },