{
  "recompensas_episodios": [
    6695.802993074425,
    7439.302878412107,
    5935.469754264037,
    6176.381611748569,
    5594.8808774589625,
    6947.587069730276,
    4534.444462720855,
    7172.116550268013,
    8594.686362496546,
    3253.0592668413074,
    6002.533695872538,
    6315.665346549444,
    6560.248672108612,
    6005.21670752765,
    6972.713495340002,
    5892.990077185801,
    8450.352674215535,
    5187.569418562158,
    7432.371312980635,
    7022.259451004355,
    3765.522701059628,
    6319.292201209035,
    8699.066950675651,
    7699.12123836346,
    6664.986244388972,
    8571.914589763925,
    7372.433525942952,
    6878.324840638292,
    7260.189573009493,
    7161.977914887233,
    6719.7750726825725,
    8817.028096807539,
    5995.952407733092,
    4329.079378196777,
    5883.3730503251045,
    4689.815812638884,
    4681.408604452977,
    7699.7350756382875,
    6026.691931438146,
    6339.869939690256,
    6684.663621208159,
    7309.301817058928,
    4326.927299028193,
    6335.378956841444,
    7217.516831038662,
    8010.184655351289,
    5450.814452757992,
    7450.43980763171,
    5989.59452234828,
    7532.965209816528
  ],
  "duracao_episodios": [
    365,
    365,
    365,
    365,
    365,
    365,
    365,
    365,
    365,
    365,
    365,
    365,
    365,
    365,
    365,
    365,
    365,
    365,
    365,
    365,
    365,
    365,
    365,
    365,
    365,
    365,
    365,
    365,
    365,
    365,
    365,
    365,
    365,
    365,
    365,
    365,
    365,
    365,
    365,
    365,
    365,
    365,
    365,
    365,
    365,
    365,
    365,
    365,
    365,
    365
  ],
  "perdas_politica": [
    1.00402150609914,
    0.7875718702288235,
    0.7449715856243583,
    0.7214905111228719,
    0.7004067634834963,
    0.6878334564321181,
    0.6660526903236613,
    0.6443198147942039,
    0.6265287188922658,
    0.6092154629090253,
    0.5951197497984942,
    0.5815653450348798,
    0.5678688463042764,
    0.5569926237358767,
    0.5458198382573969,
    0.5326526129946989,
    0.520030974465258,
    0.5048373192548752,
    0.49234170948757844,
    0.48504650768111734,
    0.4677937398938572,
    0.45108623890315785,
    0.4338726620463764,
    0.4162978354622336,
    0.3972966416793711,
    0.3850603699684143,
    0.36577756264630484,
    0.35153579273644614,
    0.33822181908523336,
    0.3220706836265676,
    0.3088572156779906,
    0.2938731847440495,
    0.2802729944095892,
    0.2696431835784632,
    0.25131925239282493,
    0.24279514524866552,
    0.22579259513055577,
    0.218722159809926,
    0.20742799560813344,
    0.200094276053064,
    0.191716928692425,
    0.17911294058841817,
    0.17613834887742996,
    0.16580976677291534,
    0.1571653095238349,
    0.15241121895173015,
    0.14594455282477772,
    0.13326830088215716,
    0.13045718148350716,
    0.12392351031303406,
    0.117753834628007,
    0.1144463227075689,
    0.10943855520556955,
    0.10610760353943881,
    0.09920684116728165,
    0.09690195650738828,
    0.09039757532231948,
    0.0864077355055248,
    0.08238790041821845,
    0.0798520432675586,
    0.07751022147781708,
    0.07374539105769466,
    0.0700546164503869,
    0.06993077136576176,
    0.0661305610967033,
    0.06221048183300916,
    0.060849199948065424,
    0.05856316843453575,
    0.05301363349837415,
    0.05267281249603804,
    0.051314194960629236,
    0.047861039528951925,
    0.04693788048975608,
    0.045006787787903756,
    0.0437797659131534,
    0.04151757894193425,
    0.0402572442065267,
    0.038725894437555,
    0.03735174556427142,
    0.0361939446781488,
    0.035852574359844715,
    0.0345235241796164,
    0.03353457645896603,
    0.03207035264109864,
    0.03154711808790179,
    0.0308234368396156,
    0.03063246821436812,
    0.029818571008303586,
    0.029032132040490124,
    0.028913537369054908,
    0.02857316126499106,
    0.02847734225146911,
    0.028142835123135763,
    0.02766708843410015,
    0.027302769779720727,
    0.027379433131393266,
    0.027616697527906475,
    0.02719299533568761,
    0.02678854122538777,
    0.0267185180393212
  ],
  "perdas_valor": [],
  "perdas_entropia": [],
  "acuracoes_bc": [
    0.5382726332720589,
    0.5846449908088235,
    0.6022805606617647,
    0.6106100643382353,
    0.6326688878676471,
    0.6404239430147058,
    0.6549718520220589,
    0.6686006433823529,
    0.6796300551470589,
    0.6875287224264706,
    0.6973517922794118,
    0.7059254365808824,
    0.7109662224264706,
    0.7181324678308824,
    0.7242790670955882,
    0.7322064568014706,
    0.73681640625,
    0.7478889016544118,
    0.7571375229779411,
    0.7591768152573529,
    0.7674057904411765,
    0.7786649816176471,
    0.7883588005514706,
    0.7981531479779411,
    0.8089815027573529,
    0.8147690716911765,
    0.8272920496323529,
    0.8352338005514706,
    0.8413516773897058,
    0.8505284926470589,
    0.85498046875,
    0.8627068014705882,
    0.8725442325367647,
    0.8773121553308824,
    0.8872501148897058,
    0.8914435891544118,
    0.899658203125,
    0.9033059512867647,
    0.9102280560661765,
    0.9129997702205882,
    0.9177533318014706,
    0.9231962316176471,
    0.9249052159926471,
    0.9287396599264706,
    0.9340102251838235,
    0.934326171875,
    0.9388212316176471,
    0.9440630744485294,
    0.945068359375,
    0.9489028033088235,
    0.9518468520220589,
    0.9530101102941176,
    0.9549488740808824,
    0.9559541590073529,
    0.9596162683823529,
    0.9610954733455882,
    0.9633932674632353,
    0.9649730009191176,
    0.9670840992647058,
    0.9675436580882353,
    0.9693818933823529,
    0.9703153722426471,
    0.9725844439338235,
    0.9721392463235294,
    0.9738338694852942,
    0.9758444393382353,
    0.9761316636029411,
    0.9766630284926471,
    0.9798081341911765,
    0.9793916590073529,
    0.9800522748161765,
    0.9816463694852942,
    0.9824362362132353,
    0.9828096277573529,
    0.9832835477941176,
    0.9842601102941176,
    0.9848489200367647,
    0.9853515625,
    0.9858829273897058,
    0.9862994025735294,
    0.9871467141544118,
    0.9871754365808824,
    0.9875201056985294,
    0.9884679457720589,
    0.9886402803308824,
    0.9888556985294118,
    0.9883243336397058,
    0.9892865349264706,
    0.9898035386029411,
    0.9896168428308824,
    0.9895881204044118,
    0.9896455652573529,
    0.9899615119485294,
    0.9901769301470589,
    0.9902918198529411,
    0.9903636259191176,
    0.9900620404411765,
    0.9902200137867647,
    0.9903636259191176,
    0.9907513786764706
  ],
  "contagem_acoes": {
    "plantar": 1590,
    "esperar": 11563,
    "regar": 1071,
    "herbicida": 3456,
    "colher": 570
  },