{
  "recompensas_episodios": [
    4764.94561787452,
    7906.244140591008,
    6380.467132124761,
    8269.106814103523,
    8380.171715394232,
    7458.896870950423,
    8421.190333505068,
    8183.025382733402,
    6196.360315704464,
    7619.438149021563,
    7599.404640331172,
    6718.266119290279,
    5862.646850424819,
    4774.331826840462,
    5696.4364619077805,
    7744.334658240954,
    7217.255270746678,
    6037.370138410799,
    5450.928424851652,
    8788.709526063132,
    6241.780550716992,
    6252.815021972758,
    7052.7257504142835,
    6291.974204659918,
    6962.908364557463,
    7297.72849382437,
    6393.332681771392,
    7401.899554418775,
    5522.416950751595,
    1756.4226460916125,
    7813.611930747777,
    5429.801496661776,
    2298.3789284260065,
    8000.523192990124,
    2460.8334467158293,
    6334.53408843252,
    4840.077511226535,
    5772.543336382399,
    6710.711004030309,
    6420.103598890548,
    6878.472719629563,
    6727.589653702935,
    8153.704494936627,
    5967.705539800931,
    8520.441457010515,
    5982.7389127581355,
    6388.779665342734,
    6239.17350542673,
    6975.331563451982,
    7490.819542577639
  ],
  "media_recompensa_final": 6520.988203948629,
  "desvio_recompensa_final": 1491.6361765469699,
  "ood_dry_recompensas": [
    3897.135286531654,
    3715.8315493446985,
    3833.643958484557,
    3655.1641341381746,
    3637.4301730572815,
    3184.7530528604475,
    3691.156443487708,
    3604.0516133119127,
    3095.448389810034,
    3775.337292217392,
    3783.7718058205664,
    3628.2262989488636,
    3463.728076501696,
    3676.365856509731,
    3727.6163358847034,
    1192.4081292795345,
    3424.469887277228,
    3790.348026103595,
    2869.1793345075316,
    3167.013726635034,
    3624.7126186113665,
    2315.4762453615244,
    3046.758380866573,
    3913.1124201169923,
    3799.9358207978585,
    3238.2038968260804,
    3737.5586877641517,
    3976.0320835252996,
    3602.564329167549,
    3609.1365190655342,
    3709.4058655411827,
    3803.029093423481,
    3491.2781435123998,
    3846.247875251376,
    3837.2673746900527,
    3663.1960139141693,
    3648.6125186612435,
    3604.9315726084333,
    3949.194981343565,
    3647.1074079157834,
    3627.78799078664,
    3097.00111781767,
    3553.9697284157373,
    3600.910579008334,
    2437.2019345981685,
    3663.4222147107457,
    3790.9938568613684,
    3229.755162946116,
    3596.3671714439897,
    3581.028317477477
  ],
  "ood_humid_recompensas": [
    4838.759590902768,
    7987.253118527666,
    8348.720268318244,
    8306.52709757384,
    8701.70503423939,
    6432.666847413028,
    4342.307731380059,
    4625.585204957739,
    7157.217229556127,
    3091.8909139685657,
    8564.264999594752,
    8232.98212066231,
    8399.878252518827,
    5175.622625370879,
    9137.983588062123,
    6130.062578988024,
    8933.032368627944,
    8348.022845257592,
    9200.226853387016,
    7908.848546735539,
    8234.00239266421,
    8269.679744590747,
    6315.921016283418,
    5546.300548489342,
    8696.350875494754,
    7289.942404665988,
    6626.28850828834,
    8358.777550797411,
    4129.899544846721,
    4855.558593150257,
    7987.082412728054,
    3940.4752564843575,
    9119.733140469165,
    8619.551432153985,
    7154.912475393321,
    7169.255876501353,
    7892.388699920338,
    7702.499026004177,
    8139.616864212407,
    6902.583292519212,
    6503.183877286475,
    6027.524633511446,
    7448.852086346602,
    9193.396612078617,
    9268.990949932842,
    9203.605546841543,
    9373.974748421548,
    8763.977326355047,
    8551.33763877744,
    6975.794137618332
  ],
  "media_ood_dry": 3501.1055858748646,
  "media_ood_humid": 7362.500300577398,
  "acuracia_bc_final": 0.99658203125,
  "contagem_acoes": {
    "plantar": 1709,
    "esperar": 11699,
    "regar": 949,
    "herbicida": 3367,
    "colher": 526
  },
  "kpis_agricolas": {
    "produtividade": [
      406.9671087411808,
      714.8823264980552,
      550.6976211333802,
      761.0278007409663,
      767.3840892402758,
      666.620155336005,
      780.9466700422457,
      753.3954078575304,
      540.8029428344637,
      689.0009027814037,
      681.2995161871156,
      579.0193138691144,
      521.8839134460309,
      394.6677292035033,
      491.7600774070074,
      689.6854031892453,
      645.7141882301634,
      485.09750447417576,
      459.43262786252274,
      823.4806565611424,
      523.5406149504076,
      537.7735456673926,
      618.4926739960299,
      533.1185433334706,
      605.8657215935569,
      688.9251307639208,
      549.6024148668379,
      650.258046718193,
      460.9067708603786,
      112.10542936665983,
      706.9877979740635,
      467.4529317601191,
      132.5979233173577,
      751.10263122763,
      187.31693772583836,
      542.9341197769551,
      421.01427260188143,
      471.13585830988546,
      573.3131782220069,
      551.3682288290572,
      596.9589156602954,
      593.5873615182236,
      749.2611085557644,
      514.2816018498846,
      796.280964464588,
      536.3718883059273,
      542.0987466546394,
      499.1346711298712,
      608.2377555170863,
      707.7206031226505
    ],
    "qualidade_solo": [
      0.39990376188196874,
      0.4241132268755142,
      0.3932228593031737,
      0.24393728788429403,
      0.45465443732108574,
      0.31466617033147026,
      0.33673785495171243,
      0.4599072668411359,
      0.17835580790780767,
      0.21086112814311647,
      0.20172228930459146,
      0.25540471713555857,
      0.3525681299571375,
      0.22710604867935769,
      0.360381757017057,
      0.1938483662779694,
      0.2316781447505865,
      0.24149316431932188,
      0.37006361798098886,
      0.34529604734997194,
      0.3315963616721575,
      0.4024566495683989,
      0.3186359333073247,
      0.32713544198736916,
      0.41014373202636556,
      0.21909497758909183,
      0.3283134489398929,
      0.2464379268818272,
      0.2290805975100646,
      0.0928040879971562,
      0.17170589687300786,
      0.35260362526070593,
      0.27872456111757926,
      0.18226718034571165,
      0.4017923291716162,
      0.20074688553121825,
      0.23698293758673672,
      0.26766713219814314,
      0.2669956216287988,
      0.3344711791052624,
      0.22294725782454577,
      0.14092192883954546,
      0.31357916205764835,
      0.24482372592177892,
      0.21841248708583366,
      0.05136470859052279,
      0.24837642907828952,
      0.19717342046725472,
      0.33269416787121375,
      0.12355754254163537
    ],
    "uso_quimicos": [
      416,
      912,
      656,
      528,
      800,
      592,
      800,
      784,
      320,
      480,
      656,
      912,
      848,
      0,
      464,
      224,
      720,
      704,
      1200,
      704,
      944,
      864,
      800,
      400,
      800,
      1104,
      512,
      592,
      592,
      0,
      384,
      720,
      608,
      480,
      688,
      752,
      272,
      944,
      720,
      576,
      544,
      720,
      768,
      752,
      944,
      48,
      640,
      464,
      752,
      672
    ],