{
  "sensibilidade": {
    "baseline": {
      "bc_media": 6519.9438959315075,
      "bc_sd_seed": 68.62828152481048,
      "bc_sd_ep": 1336.3301610626336,
      "da_media": 7976.685454206892,
      "da_sd_seed": 65.97355939115411,
      "da_sd_ep": 1036.0604813520254,
      "acuracia_bc": 0.9901769301470587
    },
    "lr_baixo": {
      "bc_media": 4344.465570711449,
      "bc_sd_seed": 357.6334254365587,
      "bc_sd_ep": 2125.63375676479,
      "da_media": 7920.644766028457,
      "da_sd_seed": 165.40910851091257,
      "da_sd_ep": 1217.2908744273798,
      "acuracia_bc": 0.7555032169117648
    },
    "lr_alto": {
      "bc_media": 7350.622125124649,
      "bc_sd_seed": 174.82005778838482,
      "bc_sd_ep": 1072.1000017861916,
      "da_media": 8427.453699707827,
      "da_sd_seed": 117.09568479358877,
      "da_sd_ep": 677.8766641775961,
      "acuracia_bc": 0.9990205652573529
    },
    "lstm_menor": {
      "bc_media": 6608.4319864714325,
      "bc_sd_seed": 289.25363252855504,
      "bc_sd_ep": 1306.1547333920835,
      "da_media": 7797.180838184695,
      "da_sd_seed": 154.14306036234814,
      "da_sd_ep": 1230.9195793327938,
      "acuracia_bc": 0.9687758501838235
    },
    "seq_longa": {
      "bc_media": 6495.794930415264,
      "bc_sd_seed": 226.78858935414414,
      "bc_sd_ep": 1473.8039989595577,
      "da_media": 7992.531889418841,
      "da_sd_seed": 152.2641367427596,
      "da_sd_ep": 1151.351680596881,
      "acuracia_bc": 0.9758365885416668
    }
  },
  "amplitude_bc": 3006.1565544132,
  "amplitude_da": 630.2728615231317,
  "reducao_pct": 79.03393086438372,
  "ic95": {
    "baseline": [
      7885.11415377197,
      8068.256754641814
    ],
    "lr_baixo": [
      7691.05692341531,
      8150.232608641603
    ],
    "lr_alto": [
      8264.924889214326,
      8589.982510201327
    ],
    "lstm_menor": [
      7583.230270401756,
      8011.131405967634
    ],
    "seq_longa": [
      7781.189267619891,
      8203.874511217791
    ]
  },
  "teste": {
    "melhor": "lr_alto",
    "pior": "lstm_menor",
    "t": 13.541154122159512,
    "significativo": true
  },
  "ood": {
    "baseline": {
      "in_dist": 7976.685454206892,
      "dry": 3966.0473405217163,
      "humid": 8644.140677952013
    },
    "lr_baixo": {
      "in_dist": 7920.644766028457,
      "dry": 4003.174934333073,
      "humid": 8580.276252635551
    },
    "lr_alto": {
      "in_dist": 8427.453699707827,
      "dry": 4035.2036563531465,
      "humid": 7746.7077962085805
    },
    "lstm_menor": {
      "in_dist": 7797.180838184695,
      "dry": 3860.9546171549273,
      "humid": 8416.93419925206
    },
    "seq_longa": {
      "in_dist": 7992.531889418841,
      "dry": 3914.157009305823,
      "humid": 7784.532861456745
    }
  },
  "oraculo": {
    "in_dist": 7187.06240700103,
    "dry": 3832.811208049682,
    "humid": 8723.996182058496
  },
  "random": {
    "in_dist": 3432.683851101008,
    "dry": 2012.1342267450627,
    "humid": 4048.8897033159774
  },
  "agronomico": {
    "baseline": {
      "produtividade": 743.5633331081401,
      "colheitas": 18.028,
      "agua": 23.532,
      "fertilizante": 9.092,
      "defensivos": 140.352,
      "uso_quimicos": 1264.7040000000002,
      "solo": 0.2693255804124009
    },
    "lr_baixo": {
      "produtividade": 742.002958813032,
      "colheitas": 18.284,
      "agua": 22.592,
      "fertilizante": 11.524,
      "defensivos": 149.91199999999998,
      "uso_quimicos": 1305.536,
      "solo": 0.2608787597103244
    },
    "lr_alto": {
      "produtividade": 806.4588856751155,
      "colheitas": 21.98,
      "agua": 25.016,
      "fertilizante": 16.864,
      "defensivos": 188.564,
      "uso_quimicos": 1596.6079999999997,
      "solo": 0.25528298452987597
    },
    "lstm_menor": {
      "produtividade": 726.7618454703395,
      "colheitas": 17.44,
      "agua": 23.216,
      "fertilizante": 8.664,
      "defensivos": 140.992,
      "uso_quimicos": 1235.648,
      "solo": 0.2630624774021702
    },
    "seq_longa": {
      "produtividade": 749.1731613540345,
      "colheitas": 18.26,
      "agua": 23.584,
      "fertilizante": 10.316,
      "defensivos": 149.996,
      "uso_quimicos": 1314.56,
      "solo": 0.26485603960546583
    }
  },
  "acoes": {
    "esperar": {
      "oraculo": 56.28767123287671,
      "agente": 38.88438356164384
    },
    "herbicida": {
      "oraculo": 25.424657534246574,
      "agente": 38.452602739726025
    },
    "plantar": {
      "oraculo": 8.704109589041096,
      "agente": 8.785753424657534
    },
    "regar": {
      "oraculo": 5.997260273972603,
      "agente": 6.447123287671233
    },
    "colher": {
      "oraculo": 3.4438356164383563,
      "agente": 4.939178082191781
    },
    "fertilizar_N": {
      "oraculo": 0.14246575342465753,
      "agente": 2.490958904109589
    }
  },
  "bc_longo": {
    "baseline": 6548.4263999424575,
    "lr_baixo": 5672.797493004135,
    "lr_alto": 7573.960659596855,
    "lstm_menor": 6278.806720777437,
    "seq_longa": 6316.272243909347
  }
}