{
  "recompensas_episodios": [
    6216.45850579318,
    8353.62194210842,
    5302.946774405394,
    112.5621797536813,
    5017.29774743356,
    6153.132195397249,
    8491.714131346176,
    4589.109656442167,
    5525.910812607174,
    492.81899217292715,
    870.7683578981689,
    2352.717895227121,
    8581.719518975873,
    4467.317500883191,
    4387.062074900881,
    4366.62984110516,
    4392.810055978832,
    4621.288018063229,
    4440.148281359412,
    6183.222549105179,
    5013.2375304919115,
    5069.730766292818,
    5792.755576218888,
    4701.9705020851725,
    4146.168554801756,
    6251.115975710505,
    1359.3729962376847,
    6533.279714764274,
    5665.230534230586,
    4679.779167167191,
    3114.3097349049176,
    4608.272892671293,
    927.9283428076396,
    3896.9038332872187,
    4684.305345208819,
    5367.396699615356,
    6790.089655445696,
    117.54416465754929,
    5148.052943887593,
    340.0522299046677,
    7202.227601119839,
    4720.044684604958,
    4298.131661134113,
    892.6887162190465,
    4724.920746603074,
    4673.882065059277,
    4649.247431697906,
    4268.87517148864,
    6099.266100203282,
    5699.752419427232
  ],
  "duracao_episodios": [
    365,
    365,
    365,
    365,
    365,
    365,
    365,
    365,
    365,
    365,
    365,
    365,
    365,
    365,
    365,
    365,
    365,
    365,
    365,
    365,
    365,
    365,
    365,
    365,
    365,
    365,
    365,
    365,
    365,
    365,
    365,
    365,
    365,
    365,
    365,
    365,
    365,
    365,
    365,
    365,
    365,
    365,
    365,
    365,
    365,
    365,
    365,
    365,
    365,
    365
  ],
  "perdas_politica": [
    1.3976151645183563,
    0.9188799156862146,
    0.8486767551478218,
    0.8165991691982045,
    0.7936424104606404,
    0.7765055281274459,
    0.7641210222945494,
    0.7540519114802865,
    0.742352199905059,
    0.7325369645567501,
    0.7249042742392596,
    0.715622670510236,
    0.7103897157837363,
    0.7027836073847378,
    0.6951394852469949,
    0.6898391807780546,
    0.6860487461090088,
    0.6792497249210582,
    0.6742173012565164,
    0.6694019857574912,
    0.6638578755014083,
    0.6596382575876573,
    0.6546485967495862,
    0.6502270155093249,
    0.6473072293926688,
    0.6415907021831063,
    0.6368159283609951,
    0.6328103735166437,
    0.6280721408479354,
    0.6251532593194176,
    0.6254072469823501,
    0.6192457973957062,
    0.6117174993543064,
    0.6108759816955117,
    0.6075776780352873,
    0.6028830128557542,
    0.6015086156480453,
    0.5975124204860014,
    0.5936202441944796,
    0.5914206294452443,
    0.5880141573793748,
    0.5864802809322581,
    0.5822372243684881,
    0.5792297072270337,
    0.5777980071656844,
    0.5756180935046252,
    0.5722761066520915,
    0.5714696084751802,
    0.5666280055747313,
    0.5671434700489044,
    0.5641450934550342,
    0.5627454747171963,
    0.5614026223911959,
    0.5558394386487848,
    0.5561836239169625,
    0.5537111583878013,
    0.5528200654422536,
    0.5503981534172507,
    0.5493171215057373,
    0.5471673213383731,
    0.5457349077743643,
    0.5451459884643555,
    0.5424147914437687,
    0.5394727868192336,
    0.5399511237354839,
    0.5374964326620102,
    0.535631437512005,
    0.5356357711202958,
    0.5344676524400711,
    0.5316239060724482,
    0.5310746755670098,
    0.5289330166928908,
    0.5293500028988894,
    0.5293528525268331,
    0.5271733709994484,
    0.5252867516349343,
    0.5270878769019071,
    0.5260436403400758,
    0.5261868229683708,
    0.5231785423615399,
    0.5236051354338142,
    0.5233246982097626,
    0.5223611207569346,
    0.5224478656754774,
    0.5209864947725745,
    0.5199649360250024,
    0.5201463085763595,
    0.5193589794285157,
    0.5191256281207589,
    0.5184544622898102,
    0.5179166451973074,
    0.5187970005414065,
    0.5171054487719255,
    0.5183848852620405,
    0.5180311501026154,
    0.5187523847117144,
    0.5176177349160699,
    0.5181980694041532,
    0.5175801349036834,
    0.517142744625316
  ],
  "perdas_valor": [],
  "perdas_entropia": [],
  "acuracoes_bc": [
    0.5490866268382353,
    0.5593836167279411,
    0.5731991038602942,
    0.5858082490808824,
    0.596923828125,
    0.6003561580882353,
    0.6089154411764706,
    0.6124626608455882,
    0.6179917279411765,
    0.6266946231617647,
    0.6283461626838235,
    0.635986328125,
    0.6337747012867647,
    0.6396053538602942,
    0.6470444623161765,
    0.6500315946691176,
    0.6519129136029411,
    0.65673828125,
    0.6607737821691176,
    0.6625114889705882,
    0.6664033777573529,
    0.6703814338235294,
    0.6755227481617647,
    0.6738424862132353,
    0.6777487362132353,
    0.6798454733455882,
    0.6843548943014706,
    0.6862362132352942,
    0.6895967371323529,
    0.6917509191176471,
    0.6901999080882353,
    0.6968204273897058,
    0.7012580422794118,
    0.6987591911764706,
    0.7027228860294118,
    0.7079360064338235,
    0.7061839384191176,
    0.7087976792279411,
    0.7133501838235294,
    0.7140969669117647,
    0.7162798713235294,
    0.7169548483455882,
    0.7197983685661765,
    0.7211339613970589,
    0.721923828125,
    0.7229865579044118,
    0.7253274356617647,
    0.7267779181985294,
    0.7290326286764706,
    0.7289608226102942,
    0.7294921875,
    0.7314740349264706,
    0.7318617876838235,
    0.7353659237132353,
    0.7358111213235294,
    0.7369025735294118,
    0.7346765854779411,
    0.7400333180147058,
    0.7387120863970589,
    0.7395737591911765,
    0.7411391314338235,
    0.7409093520220589,
    0.7434512867647058,
    0.746826171875,
    0.7433220358455882,
    0.7470846737132353,
    0.7466681985294118,
    0.7472570082720589,
    0.7490952435661765,
    0.7501005284926471,
    0.7501723345588235,
    0.7526281020220589,
    0.7527286305147058,
    0.7512925091911765,
    0.753662109375,
    0.7549115349264706,
    0.7532456341911765,
    0.7556583180147058,
    0.7532456341911765,
    0.75537109375,
    0.7553280101102942,
    0.7548540900735294,
    0.7549977022058824,
    0.7549689797794118,
    0.7564051011029411,
    0.7577550551470589,
    0.7575970818014706,
    0.7570657169117647,
    0.7577981387867647,
    0.7578412224264706,
    0.7584731158088235,
    0.7576688878676471,
    0.7603400735294118,
    0.7584013097426471,
    0.7581140854779411,
    0.7572811351102942,
    0.7594496783088235,
    0.7588465073529411,
    0.7592342601102942,
    0.7598374310661765
  ],
  "contagem_acoes": {
    "plantar": 1370,
    "esperar": 13371,
    "colher": 329,
    "regar": 409,
    "herbicida": 2755,
    "fertilizar_N": 16
  },
  "kpis_agricolas": {
    "produtividade": [
      521.6565606649916,
      765.970314287029,
      483.9510372678667,
      0.0,
      352.57103831268813,
      490.2355278469383,
      787.4618087583797,
      377.39411455911744,
      438.17624969869826,
      0.0,
      0.0,
      195.25182567641846,
      813.8787270901468,
      380.419955719827,
      328.3115804034907,
      392.5954732004441,
      313.11691865710304,
      395.51836270901964,
      375.4554970043674,
      525.8395709119994,
      356.967521509977,
      450.17969911234314,
      456.8205156136774,
      439.80858991388527,
      317.0694703460716,
      578.8464906777133,
      21.69083502977834,
      560.0961727457449,
      457.0787793570481,
      354.5042923855295,
      182.12114298889554,
      409.6522736387135,
      0.0,
      335.71050630625217,
      323.91674153917546,
      443.12863028375267,
      583.9617252144454,
      0.0,
      435.5107676767206,
      0.0,
      639.2347770397996,
      354.3700070421239,
      377.3909236114434,
      0.0,
      331.7151238962678,
      328.77693727336606,
      399.7453433040598,
      286.8206613376729,
      545.1869256479719,
      442.4808605730231
    ],