{
  "recompensas_episodios": [
    7383.383563416131,
    5784.1184401372175,
    4211.517769956157,
    8489.943486755425,
    3154.9015024695846,
    6600.686465487477,
    8645.06470617289,
    7159.075662621521,
    4571.662980996346,
    6041.487522934472,
    5860.6684900596565,
    4507.052759040317,
    8331.705615259678,
    8410.103088333717,
    7499.830815564082,
    8766.446469757579,
    3519.6501410143496,
    4435.058779219338,
    7890.572199875565,
    6558.894520382286,
    3486.192386538816,
    7331.447110464587,
    6464.1414650026845,
    6090.509591300984,
    4556.2470258218,
    5114.266341218092,
    4945.5153818842455,
    1552.7969994870637,
    5518.656023846729,
    4995.206244113867,
    6242.660888726286,
    7567.993345006207,
    3438.929942430441,
    6196.474700302129,
    2497.4000729798363,
    8349.526472352924,
    3853.888382621961,
    7989.689280412936,
    5703.143564141546,
    7963.50699896593,
    7575.066769414858,
    3655.9178892807454,
    5975.057148803606,
    838.3538750560444,
    1605.9020528952287,
    7090.502556094038,
    4895.74350607651,
    7522.432150446629,
    8669.510873198102,
    6702.224895190188
  ],
  "media_recompensa_final": 5844.214578270577,
  "desvio_recompensa_final": 2019.240490635462,
  "ood_dry_recompensas": [
    2659.984585736843,
    2844.5163933158165,
    2589.014990878937,
    3644.646478716008,
    3149.6098691056495,
    1651.9660215123072,
    1993.363605132343,
    2159.6776340693264,
    2904.983373375118,
    2917.6311211995985,
    1966.615171593713,
    3286.5987925915365,
    3607.5721185198568,
    3672.706249953246,
    3270.32083124188,
    1057.378123703715,
    2869.587187779329,
    3465.740493407574,
    3605.427202956357,
    2584.1952183503786,
    1446.4339350055218,
    2007.0263416778807,
    3646.568099627756,
    3469.0240397246957,
    3687.5164423317597,
    3680.036040718638,
    3512.718193935641,
    3477.2209341731077,
    3625.1168775940146,
    2393.44477587898,
    3324.9180327779377,
    3551.734086454627,
    3694.4441146561203,
    3494.0853951713248,
    2576.980779252413,
    3644.5096613193,
    3275.6160538315994,
    3261.937881072945,
    2155.5540228101513,
    3306.7999731227255,
    3574.0867626270037,
    3642.948300792468,
    2170.6703714230707,
    3670.6462688927872,
    3576.4275451651592,
    3119.931306184681,
    2005.8776916626828,
    3708.6985357610547,
    3330.012157740998,
    2744.5839016737486
  ],
  "ood_humid_recompensas": [
    9079.03482031386,
    4031.2154870166514,
    8601.46774514381,
    8692.203513757771,
    9423.944546780398,
    6598.608959942563,
    8722.29231819043,
    7715.576669442466,
    9361.059494688394,
    8708.202525415574,
    8723.06687360016,
    9360.121700922431,
    9213.633454418137,
    7327.729082779732,
    8136.614596217154,
    4350.389535405862,
    8422.377760484764,
    6898.077686077684,
    8180.041210555579,
    9050.802968606804,
    9111.268027119007,
    9260.463589284464,
    8937.493549865081,
    9282.454858780296,
    9108.157082992624,
    7581.186102287914,
    8853.642532776703,
    8248.781961413486,
    8087.046380075575,
    9251.286182135616,
    9236.7848844984,
    9258.760458153418,
    8567.473524936106,
    8647.032996023972,
    8852.605815437882,
    8681.694099422326,
    6470.5986981719425,
    6202.054901849221,
    8813.082408889593,
    7573.277907368347,
    6897.469359185284,
    8755.01649768824,
    7710.302123922087,
    9135.843341361408,
    8458.75775676075,
    5879.548016292201,
    9476.835283639439,
    8980.395247709166,
    8122.402361603696,
    8492.559892436324
  ],
  "media_ood_dry": 3013.542079724007,
  "media_ood_humid": 8250.614735836816,
  "acuracia_bc_final": 0.8297765395220589,
  "contagem_acoes": {
    "plantar": 1590,
    "esperar": 11782,
    "regar": 817,
    "herbicida": 3571,
    "colher": 487,
    "fertilizar_N": 3
  },
  "kpis_agricolas": {
    "produtividade": [
      650.1421662559353,
      449.0136390662689,
      343.72116120878854,
      789.6442483425618,
      226.3384996867655,
      553.4318643066631,
      804.003247488966,
      628.2144767158912,
      404.3116099184557,
      500.93597493929207,
      535.7992953171807,
      331.846024575191,
      776.8302116872502,
      773.6118487136399,
      673.8253268925727,
      815.9666772329856,
      240.51156376348064,
      338.98266535931214,
      711.7186606388887,
      570.6610813106253,
      299.0785084430169,
      648.9929300085468,
      532.3731886157397,
      527.7603871816038,
      335.9399658235194,
      409.93728414447656,
      429.39111480396497,
      44.11201048099893,
      455.0372590207072,
      404.9623031262597,
      529.2294695147327,
      689.3781529294558,
      227.77715393493753,
      510.7374175762746,
      140.79776511193154,
      764.1577526210598,
      313.5647643960419,
      724.8663348398225,
      469.72215703319006,
      748.1993221644813,
      676.1083156515438,
      286.9145156057713,
      498.9765339066841,
      0.0,
      74.60468811793834,
      619.8553616868061,
      445.0227033245465,
      670.8185495925912,
      804.8195097573308,
      573.8211846032387
    ],
    "qualidade_solo": [
      0.28069114374940585,
      0.3808504579065532,
      0.20774479842122123,
      0.2491607108346418,
      0.45531997041663963,
      0.2279525385663844,
      0.22080691315948076,
      0.22431698135755354,
      0.3245911967825197,
      0.29139619479616696,
      0.3613613844850719,
      0.38207165546338806,
      0.3351399931142317,
      0.29323159896937734,
      0.25093575027083365,
      0.15941951580489763,
      0.20403959071726446,
      0.29511038498629716,
      0.32600578227830834,
      0.3053019926429257,
      0.04246381152803766,
      0.2691319219626376,
      0.25497020710630514,
      0.23764444380898558,
      0.29448551953963054,
      0.3854124669667601,
      0.382954907057217,
      0.2677723067183939,
      0.29744276940196834,
      0.3465491317348308,
      0.30521982682321924,
      0.3797291570849278,
      0.08248561438398189,
      0.3458714210112731,
      0.20840094883863472,
      0.17741690574659444,
      0.2874231288501522,
      0.2859528218211724,
      0.1883172110517819,
      0.16942795822486134,
      0.24886668519783028,
      0.3038989057492369,
      0.32796520368764437,
      0.22355618128772792,
      0.2881615560940495,
      0.19398583069141973,
      0.32962584316176463,
      0.30172564138612845,
      0.30633672370104276,
      0.19566386432174432
    ],
    "uso_quimicos": [
      368,
      304,
      0,
      528,
      1328,
      352,
      32,
      656,
      832,
      944,
      256,
      640,
      1344,
      432,
      512,
      112,
      944,
      272,
      656,
      2016,
      48,
      1168,
      320,
      944,
      624,
      544,
      224,
      800,
      720,
      736,
      816,
      32,
      272,
      288,
      336,
      176,
      96,
      496,
      368,
      816,
      976,
      1264,
      1120,
      1024,
      1024,
      768,
      1264,
      752,
      320,
      400
    ],