{
  "recompensas_episodios": [
    8579.80747878923,
    7761.319020424895,
    7036.671347371452,
    8618.035742244148,
    5431.084115223643,
    8465.493573025418,
    8563.146778070066,
    8564.321722992703,
    7635.227335185749,
    7044.295775453612,
    4843.9095446581205,
    8611.8231567053,
    7886.131678251305,
    8782.569290342326,
    8437.082698472132,
    8780.007446550171,
    8830.446338150421,
    8169.854294318165,
    8622.395970017926,
    8782.38292285318,
    6448.743774246649,
    8605.918609403237,
    8668.955188055857,
    7855.262385231662,
    8414.934026890141,
    8519.010992969503,
    8654.014066888283,
    8668.413020153428,
    7770.610438997464,
    8532.722021459764,
    7851.109045541243,
    6737.261083268208,
    8623.679753356388,
    8581.572661269036,
    8601.897325532558,
    6804.585663003909,
    8506.127652569045,
    8404.437026392157,
    8623.017897555146,
    8712.099601346374,
    8532.613226508183,
    8502.953528594368,
    7037.300923293735,
    6731.0500467693655,
    8700.453635996693,
    8663.521847356104,
    8718.928306440474,
    8637.995408736937,
    8620.788597286979,
    8095.218892053099
  ],
  "duracao_episodios": [
    365,
    365,
    365,
    365,
    365,
    365,
    365,
    365,
    365,
    365,
    365,
    365,
    365,
    365,
    365,
    365,
    365,
    365,
    365,
    365,
    365,
    365,
    365,
    365,
    365,
    365,
    365,
    365,
    365,
    365,
    365,
    365,
    365,
    365,
    365,
    365,
    365,
    365,
    365,
    365,
    365,
    365,
    365,
    365,
    365,
    365,
    365,
    365,
    365,
    365
  ],
  "perdas_politica": [
    0.5803746494087013,
    0.5162603349257738,
    0.44536527872085574,
    0.37931998812016987,
    0.3177049163051627,
    0.25917773130147354,
    0.2159014196789011
  ],
  "perdas_valor": [],
  "perdas_entropia": [],
  "acuracoes_bc": [
    0.7214210304054054,
    0.7584397536057692,
    0.797740478515625,
    0.8312395368303571,
    0.8631159002130682,
    0.8915675951086957,
    0.9109208776595744
  ],
  "contagem_acoes": {
    "plantar": 1586,
    "esperar": 6191,
    "herbicida": 7586,
    "regar": 1126,
    "colher": 1012,
    "fertilizar_N": 749
  },
  "kpis_agricolas": {
    "produtividade": [
      831.364458649864,
      704.8080137094029,
      611.6969855363213,
      840.154477144842,
      493.18610091021355,
      806.5274801302173,
      824.2133074785011,
      814.1690049005558,
      676.135428249672,
      613.6227961078744,
      492.1592027122784,
      814.7454816631616,
      725.2493057925276,
      828.0959835980102,
      798.075828347439,
      840.054832656767,
      842.1661475831685,
      756.5603599106784,
      842.1104833443476,
      837.8112956718697,
      550.800796726899,
      816.6369869024954,
      829.1798231037584,
      721.9854966456949,
      806.3144672904361,
      794.8026327205029,
      835.3252765826625,
      845.8589408234488,
      704.8270492186084,
      804.4414884879633,
      720.3912121821444,
      570.6271165507375,
      835.5358327796879,
      821.8073651957365,
      807.972411795546,
      587.417927239619,
      821.8232170333108,
      799.4208072946528,
      816.0040332960981,
      838.6006744354148,
      817.6890228209004,
      827.4005017107376,
      637.7251678740802,
      616.7614088887069,
      836.2712774355587,
      831.9047824171546,
      837.0139281525196,
      843.8700416943236,
      842.0241119235064,
      756.2322610849055
    ],
    "qualidade_solo": [
      0.214454496202871,
      0.3808504576118895,
      0.3099365623299283,
      0.23992257936070308,
      0.3448880911711378,
      0.17889688638095352,
      0.2041776834900002,
      0.1825201666320375,
      0.22156977786413024,
      0.31520032705700346,
      0.2288500987402049,
      0.38217634363386416,
      0.29346469536287934,
      0.20592156651857169,
      0.29907461236182553,
      0.41772180616101984,
      0.20820082801867348,
      0.31073624260353516,
      0.1754546809627719,
      0.20789983563903755,
      0.31216024357959293,
      0.21084381466865607,
      0.18151703559384982,
      0.16862004544489412,
      0.4160742420678395,
      0.3140164373333674,
      0.30893666456512925,
      0.2992393021246337,
      0.1999586320134521,
      0.14100284248245265,
      0.19672951735092112,
      0.3763576600104584,
      0.1503998436783736,
      0.3671914679603132,
      0.2237726981362822,
      0.277719234181218,
      0.163556570238362,
      0.22433484042405058,
      0.21316921641041917,
      0.17437584703125003,
      0.179887067395191,
      0.1697186108071665,
      0.4069443984877544,
      0.2819141207853865,
      0.19044279943903933,
      0.14927558338321012,
      0.26765010731627176,
      0.2016937558627125,
      0.22396571583615332,
      0.21972955430817434
    ],
    "uso_quimicos": [
      1072,
      1392,
      624,
      2080,
      2000,
      1008,
      1664,
      816,
      800,
      816,
      288,
      1776,
      896,
      768,
      1920,
      1440,
      1024,
      1328,
      1904,
      1152,
      1056,
      976,
      1408,
      1008,
      2016,
      592,
      1456,
      2000,
      736,
      800,
      1616,
      288,
      1584,
      1616,
      608,
      816,
      2064,
      1440,
      1088,
      1536,
      1712,
      1856,
      1456,
      1616,
      1728,
      1248,
      1472,
      2032,
      1952,
      848
    ],
    "biodiversidade": [
      3.548872197135604e-58,
      7.337168628025242e-70,
      1.4531346805355266e-58,
      6.852133566654607e-76,
      7.876126032903911e-70,
      6.082870408725768e-58,
      6.675897529012701e-78,
      1.1871093587042465e-55,
      1.782700985466151e-55,
      7.924083721166711e-48,
      1.702866435573928e-56,
      4.9156120041845115e-56,
      2.2935814205737125e-61,
      2.6614961224656967e-52,
      5.917113811690789e-69,
      3.715956305818163e-69,
      7.9260876987856145e-59,
      1.1387882613598473e-59,
      1.6328055078914277e-78,
      2.1544010349904726e-67,
      8.492599911566972e-54,
      1.198318932986408e-54,
      2.773905499642686e-72,
      1.3531065847967077e-57,
      4.7496266773547615e-78,
      6.009716157573665e-52,
      1.015971164521323e-74,
      1.8665202451316215e-78,
      1.573194922925567e-51,
      8.232714715095943e-51,
      2.334621773693823e-62,
      7.262451914209731e-53,
      1.6069843168794175e-69,
      3.2779671039245264e-69,
      5.350121289323596e-53,
      8.882233562982993e-57,
      1.3563084420135953e-81,
      7.003826066584714e-63,
      3.048586449767496e-60,
      1.1771907571797476e-69,
      3.003125286898949e-68,
      2.6380974997865732e-76,
      1.3110886550640544e-60,
      9.989527590302095e-67,
      1.9614727922413647e-66,
      2.444762817714398e-61,
      1.2017558314063178e-64,
      1.1908284875864495e-82,
      3.3124463983835165e-83,
      2.475065025459065e-56
    ]
  },