{
  "recompensas_episodios": [
    5784.7935799392435,
    5964.256458406253,
    7454.816299810631,
    6595.789434343915,
    7164.651257067842,
    7116.00069153442,
    8584.196360385236,
    8558.004861009162,
    4747.143418260737,
    7297.7777829717015,
    6822.712712204813,
    7624.192117009321,
    632.020710398943,
    8679.490255632223,
    7153.315825780066,
    7767.816318970918,
    5841.079189328079,
    5577.77084101033,
    4059.2129138042583,
    5751.808886499078,
    6422.704707132189,
    6044.472584315594,
    6841.919254915361,
    8669.426317898764,
    6665.9606516755775,
    5796.490723317342,
    6752.712879727747,
    2428.5490297041133,
    6781.045414084407,
    7520.753812158135,
    6471.680434271502,
    8637.671372906909,
    6234.158345745666,
    7499.642169181165,
    8595.843002177673,
    5917.938767125152,
    6540.787546468169,
    6265.9108748066465,
    6118.4587116808325,
    6332.978942850486,
    6563.384821963562,
    6341.266642418903,
    3922.4693438463437,
    6651.859706272056,
    6233.7667778518935,
    7456.355976023126,
    7147.301150802161,
    7935.086427139799,
    6253.317638905748,
    5453.236901942681
  ],
  "duracao_episodios": [
    365,
    365,
    365,
    365,
    365,
    365,
    365,
    365,
    365,
    365,
    365,
    365,
    365,
    365,
    365,
    365,
    365,
    365,
    365,
    365,
    365,
    365,
    365,
    365,
    365,
    365,
    365,
    365,
    365,
    365,
    365,
    365,
    365,
    365,
    365,
    365,
    365,
    365,
    365,
    365,
    365,
    365,
    365,
    365,
    365,
    365,
    365,
    365,
    365,
    365
  ],
  "perdas_politica": [
    0.9920525130103616,
    0.7891299549271079,
    0.7510702224338756,
    0.7202715961372151,
    0.7038928270339966,
    0.6883369789404028,
    0.6765294776243322,
    0.6473347649854773,
    0.6303732114679673,
    0.6161033283261692,
    0.6007354469860301,
    0.5865058881395003,
    0.5703539532773635,
    0.5589934342047748,
    0.5507564956651014,
    0.5304151957525927,
    0.5235313554020489,
    0.5040258326951195,
    0.49548307937734265,
    0.477543822982732,
    0.4640202241785386,
    0.4442497255171047,
    0.43642449203659506,
    0.4175235383650836,
    0.39704814202645244,
    0.38084321074626026,
    0.3688923602595049,
    0.3543074209900463,
    0.3390168871949701,
    0.3268451611785328,
    0.31485390487839193,
    0.2983492516419467,
    0.2860809310394175,
    0.27542879826882305,
    0.2636379411115366,
    0.25059465012129617,
    0.24002452194690704,
    0.22888177063535242,
    0.21714600526234684,
    0.21207083148114822,
    0.20156058493782492,
    0.19122201642569372,
    0.184263775453848,
    0.17719207002836115,
    0.17131436616182327,
    0.1622329187743804,
    0.15273659172303536,
    0.1482075617155608,
    0.13741033173659267,
    0.13674574235782905,
    0.1291843019425869,
    0.12539282945149086,
    0.12040963681305156,
    0.1127714777694029,
    0.10768624921055402,
    0.10425465312950752,
    0.09696644807563108,
    0.09546135081087842,
    0.09073659711900879,
    0.08772085957667407,
    0.08463737302843262,
    0.0787797394920798,
    0.07834681408370242,
    0.07253023916307617,
    0.06950303364325972,
    0.06835800453143961,
    0.06574341698604472,
    0.062080186079530156,
    0.0602799270521192,
    0.0591769880231689,
    0.05466402486404952,
    0.05419645129757769,
    0.05184842722819132,
    0.049728835056371545,
    0.04674281508607023,
    0.046669034068198764,
    0.04425577753606964,
    0.0426929497762638,
    0.04051650403177037,
    0.04052393111016821,
    0.038529639789725054,
    0.0376641090192339,
    0.036501372726086306,
    0.034898475141209716,
    0.03468894848928732,
    0.03380962877589114,
    0.03330587776487365,
    0.03181470185518265,
    0.03191631922827048,
    0.03176680240122711,
    0.03140316059922471,
    0.030190286007435882,
    0.030008290127358016,
    0.029735418858335298,
    0.030038727776092643,
    0.030158028390039417,
    0.029507980298470047,
    0.029311634545378825,
    0.029097909710424787,
    0.029160119593143463
  ],
  "perdas_valor": [],
  "perdas_entropia": [],
  "acuracoes_bc": [
    0.5391630284926471,
    0.5855066636029411,
    0.6016917509191176,
    0.6182215073529411,
    0.6292365579044118,
    0.6372931985294118,
    0.6458381204044118,
    0.6684139476102942,
    0.6798023897058824,
    0.6882898667279411,
    0.6954273897058824,
    0.6996639476102942,
    0.7117560891544118,
    0.7180319393382353,
    0.7224264705882353,
    0.7333409926470589,
    0.7357105928308824,
    0.7470703125,
    0.7524844898897058,
    0.7603113511029411,
    0.7664292279411765,
    0.780517578125,
    0.7878848805147058,
    0.7976217830882353,
    0.8065975413602942,
    0.8182732077205882,
    0.8229118795955882,
    0.8301499310661765,
    0.83984375,
    0.8454733455882353,
    0.8513470818014706,
    0.8609690946691176,
    0.8668141084558824,
    0.8748563878676471,
    0.8789636948529411,
    0.8865176930147058,
    0.8906106387867647,
    0.8959817325367647,
    0.9032054227941176,
    0.9050723805147058,
    0.9107306985294118,
    0.9166331571691176,
    0.9189453125,
    0.9222053079044118,
    0.9260828354779411,
    0.9307502297794118,
    0.9337230009191176,
    0.9371553308823529,
    0.9422248391544118,
    0.9417221966911765,
    0.9451401654411765,
    0.9480842141544118,
    0.9496926700367647,
    0.9534409466911765,
    0.9560546875,
    0.9570168887867647,
    0.9608656939338235,
    0.9626177619485294,
    0.9627326516544118,
    0.9640538832720589,
    0.9658346737132353,
    0.9687930836397058,
    0.9683048023897058,
    0.9709329044117647,
    0.9721392463235294,
    0.9728716681985294,
    0.9743221507352942,
    0.9756002987132353,
    0.9764188878676471,
    0.9766773897058824,
    0.9795352711397058,
    0.9785587086397058,
    0.9801671645220589,
    0.9810575597426471,
    0.9823069852941176,
    0.9820628446691176,
    0.983154296875,
    0.9834702435661765,
    0.9845329733455882,
    0.9847914751838235,
    0.9856531479779411,
    0.9859834558823529,
    0.9868738511029411,
    0.9876493566176471,
    0.9869887408088235,
    0.9878504136029411,
    0.9876780790441176,
    0.9886833639705882,
    0.988525390625,
    0.9883961397058824,
    0.9885971966911765,
    0.9890280330882353,
    0.9894732306985294,
    0.9893583409926471,
    0.9891285615808824,
    0.9891860064338235,
    0.9895306755514706,
    0.9893870634191176,
    0.9897030101102942,
    0.9896599264705882
  ],
  "contagem_acoes": {
    "plantar": 1584,
    "esperar": 11743,
    "herbicida": 3342,
    "regar": 1040,
    "colher": 540,
    "fertilizar_N": 1
  },