{
  "recompensas_episodios": [
    1924.194953982685,
    3641.672893281679,
    4376.68579249816,
    8473.058039953745,
    891.4985329577125,
    6317.727665143559,
    8806.968133429344,
    810.9661124041403,
    6721.441599518712,
    1924.5998718262076,
    5176.343994784665,
    3075.482738452448,
    817.5518102646413,
    5662.221411845625,
    4089.8584164022404,
    2951.175814124934,
    1805.3293500564334,
    3909.813351651403,
    2103.5481326538375,
    8613.298087650557,
    899.7290392471602,
    5044.007663781704,
    4049.0545145712276,
    5349.634395566765,
    257.0708685286538,
    8530.89264665576,
    3675.6076123246994,
    6190.4609153800575,
    5803.0071774490225,
    2546.2730130396835,
    3979.8663035756053,
    3281.1309461315495,
    3147.71465632213,
    2616.136258242595,
    5054.014428044427,
    4955.037984657081,
    5392.512668695119,
    4297.666592647611,
    635.0390542279356,
    3438.5659893387306,
    4776.653127346609,
    812.7154791865171,
    2334.7621446159706,
    3743.204437098015,
    5999.009201027166,
    3243.5816377556785,
    4204.4215798242585,
    3438.1079703277082,
    5183.572968218352,
    1085.1628562485078
  ],
  "duracao_episodios": [
    365,
    365,
    365,
    365,
    365,
    365,
    365,
    365,
    365,
    365,
    365,
    365,
    365,
    365,
    365,
    365,
    365,
    365,
    365,
    365,
    365,
    365,
    365,
    365,
    365,
    365,
    365,
    365,
    365,
    365,
    365,
    365,
    365,
    365,
    365,
    365,
    365,
    365,
    365,
    365,
    365,
    365,
    365,
    365,
    365,
    365,
    365,
    365,
    365,
    365
  ],
  "perdas_politica": [
    1.4863802510149338,
    0.9120707617086523,
    0.8482894126106711,
    0.8177673238165238,
    0.7985363129307242,
    0.782829868442872,
    0.767814378528034,
    0.7575222919968998,
    0.7469240742571214,
    0.7369715922019061,
    0.7278097815373364,
    0.7211511994109434,
    0.7135969786082997,
    0.7063861471765182,
    0.699567165444879,
    0.6941826431190267,
    0.687372475862503,
    0.6836049065870398,
    0.6789815829080694,
    0.6733620482332566,
    0.6682223800350638,
    0.6640144867055556,
    0.6583011834060445,
    0.6525540544706232,
    0.6495887093684253,
    0.6457910572781282,
    0.6407887970699984,
    0.6374807971365312,
    0.6333975143292371,
    0.6254333748536951,
    0.6247828760567833,
    0.6190560933421639,
    0.6180587445988375,
    0.6123987909625558,
    0.6096589670461767,
    0.6065353242789998,
    0.6044833221856285,
    0.6013606120558346,
    0.5971918947556439,
    0.5942205891889685,
    0.5900788061759051,
    0.5874506059814902,
    0.5861812935155981,
    0.5830520759610569,
    0.5790973182986764,
    0.5783574773984796,
    0.5731355249881744,
    0.5723292336744421,
    0.5695145182749805,
    0.566811591386795,
    0.5655615154434653,
    0.5654390962684855,
    0.5632382245624766,
    0.5597689011517692,
    0.5585598069078782,
    0.556518637082156,
    0.5530681557515088,
    0.5535948767381556,
    0.5503704723189858,
    0.5481113581096425,
    0.5486776811235091,
    0.5450897988151101,
    0.5449727633420158,
    0.5430263386053198,
    0.5416777081349317,
    0.5402089970953324,
    0.5405977543662576,
    0.5365845000042635,
    0.5367020666599274,
    0.5354674712700003,
    0.5338102894670823,
    0.5346801105667564,
    0.5331586248734418,
    0.5313260765636668,
    0.5311757545260822,
    0.5314313190824845,
    0.528309339986128,
    0.528245193993344,
    0.5279818124630872,
    0.5277469508788165,
    0.5260462769690681,
    0.5253210251822191,
    0.5258000808603623,
    0.5259916861267651,
    0.5237250003744575,
    0.523815467953682,
    0.5237365943544051,
    0.52251616470954,
    0.5231155332397012,
    0.5220619632917292,
    0.5220778742257286,
    0.5214235949165681,
    0.5206221420975292,
    0.5207666281391593,
    0.5213190124315374,
    0.5205359897192787,
    0.5213199625996983,
    0.5211692320949891,
    0.5203135749872994,
    0.5206838127444772
  ],
  "perdas_valor": [],
  "perdas_entropia": [],
  "acuracoes_bc": [
    0.5211540670955882,
    0.5609202665441176,
    0.5713177849264706,
    0.5800063189338235,
    0.5916245404411765,
    0.5973403033088235,
    0.6050235523897058,
    0.6116727941176471,
    0.6172018612132353,
    0.6226734834558824,
    0.6263499540441176,
    0.6281307444852942,
    0.6316923253676471,
    0.6363166360294118,
    0.6416302849264706,
    0.6438562729779411,
    0.6507065716911765,
    0.6491842830882353,
    0.6517118566176471,
    0.6580020680147058,
    0.6592084099264706,
    0.6636603860294118,
    0.6678394990808824,
    0.6705824908088235,
    0.6723201976102942,
    0.6726217830882353,
    0.6798741957720589,
    0.6802906709558824,
    0.6834070542279411,
    0.6901424632352942,
    0.6884622012867647,
    0.692138671875,
    0.6917796415441176,
    0.696533203125,
    0.7003532858455882,
    0.7002527573529411,
    0.70068359375,
    0.7048770680147058,
    0.706787109375,
    0.7083237591911765,
    0.709716796875,
    0.7124167049632353,
    0.7148150275735294,
    0.7160931755514706,
    0.7199850643382353,
    0.7192957261029411,
    0.7237477022058824,
    0.7220818014705882,
    0.7260454963235294,
    0.7272087545955882,
    0.7258444393382353,
    0.7276683134191176,
    0.7292624080882353,
    0.7304113051470589,
    0.7316320082720589,
    0.7358542049632353,
    0.7338292738970589,
    0.7356675091911765,
    0.7373764935661765,
    0.7384823069852942,
    0.740478515625,
    0.7404641544117647,
    0.7393439797794118,
    0.7409524356617647,
    0.7421875,
    0.7416848575367647,
    0.7436236213235294,
    0.7456629136029411,
    0.7453326056985294,
    0.7457203584558824,
    0.7466107536764706,
    0.7466394761029411,
    0.7457634420955882,
    0.7489516314338235,
    0.7485782398897058,
    0.7478889016544118,
    0.7501005284926471,
    0.7501579733455882,
    0.7496984145220589,
    0.7518382352941176,
    0.7523983226102942,
    0.7526281020220589,
    0.7512494255514706,
    0.7522690716911765,
    0.7530014935661765,
    0.7533030790441176,
    0.7527142693014706,
    0.7527717141544118,
    0.7528291590073529,
    0.7553280101102942,
    0.7542078354779411,
    0.7562327665441176,
    0.7542221966911765,
    0.7548397288602942,
    0.7545237821691176,
    0.7549258961397058,
    0.7545381433823529,
    0.7533605238970589,
    0.75537109375,
    0.7551700367647058
  ],
  "contagem_acoes": {
    "plantar": 1326,
    "esperar": 13201,
    "colher": 268,
    "herbicida": 2984,
    "regar": 471
  },
  "kpis_agricolas": {
    "produtividade": [
      67.3458984370148,
      248.76642230330592,
      365.5571692514609,
      785.8666327527533,
      0.0,
      557.2281013894981,
      820.3233077181085,
      23.58724011397866,
      566.8678917349499,
      169.4084564944862,
      402.113566395734,
      262.60974298698727,
      0.0,
      465.450272733974,
      293.2056654392759,
      232.03603489504275,
      119.37860010051301,
      265.88721390172174,
      154.451794439783,
      811.3782033944173,
      0.0,
      423.77761203826054,
      284.6589369626981,
      464.94208123759495,
      0.0,
      809.4551694252939,
      252.1772018344518,
      557.7564913060783,
      489.5675662300581,
      118.16252824992226,
      337.12348619713424,
      267.5325195911784,
      186.3137814781272,
      190.3042943529452,
      470.08697085353344,
      433.77555660074603,
      399.6296149042473,
      337.1502194449458,
      0.0,
      308.65928516164587,
      382.9640513126031,
      0.0,
      179.2174421057876,
      264.1933205732504,
      472.7808516414728,
      289.72560777178035,
      268.7081221451713,
      276.77756726036955,
      405.36254547641175,
      0.0
    ],