{
  "recompensas_episodios": [
    6805.585557535935,
    8912.215129603623,
    7212.854641847115,
    8611.723098354427,
    5757.068483716153,
    7119.475951806691,
    7668.1031240295915,
    7459.408471729881,
    6071.133040846133,
    8427.868599253765,
    4310.926010990557,
    8115.240361397446,
    6320.8217547685,
    6357.664857306399,
    7593.069195953077,
    6019.215231992863,
    7575.1124370182315,
    3108.771703144348,
    7253.639078549384,
    6979.0338115100085,
    6876.162442280858,
    7531.755185325701,
    8700.715321297072,
    6709.070231968233,
    6007.970260079954,
    8565.686339804122,
    6362.312739033343,
    6363.379751783603,
    5730.2811835268585,
    6772.219196940669,
    7338.27088416418,
    5528.880954771132,
    3622.972640358576,
    8552.762099572858,
    6043.42856460581,
    5744.291515452203,
    6726.889510032677,
    8732.41934276995,
    7647.7839780556005,
    4862.922288112664,
    6661.77095022439,
    5593.695339338119,
    5415.475107869974,
    7801.26227847966,
    6711.2711429196515,
    7209.054249191126,
    8454.889205206544,
    5695.5667276102895,
    8734.458627195365,
    4519.672341735299
  ],
  "duracao_episodios": [
    365,
    365,
    365,
    365,
    365,
    365,
    365,
    365,
    365,
    365,
    365,
    365,
    365,
    365,
    365,
    365,
    365,
    365,
    365,
    365,
    365,
    365,
    365,
    365,
    365,
    365,
    365,
    365,
    365,
    365,
    365,
    365,
    365,
    365,
    365,
    365,
    365,
    365,
    365,
    365,
    365,
    365,
    365,
    365,
    365,
    365,
    365,
    365,
    365,
    365
  ],
  "perdas_politica": [
    1.120036829920376,
    0.8067164701573989,
    0.7570534401080188,
    0.726890949641957,
    0.7110272225211648,
    0.6935216258553898,
    0.6790784667519962,
    0.6682659966104171,
    0.6492463525603799,
    0.6329543590545654,
    0.6205679002930137,
    0.6057393445688135,
    0.5947937877739177,
    0.5815939324743608,
    0.5665561399039101,
    0.5573172306313234,
    0.5447570944533628,
    0.5340062388602425,
    0.5237467455513337,
    0.5062983377891428,
    0.4954240997047985,
    0.48321591843576994,
    0.47195477345410514,
    0.46150680499918323,
    0.44453473038533153,
    0.4291985429385129,
    0.41584280308555155,
    0.4021132676040425,
    0.391895608866916,
    0.37715929921935587,
    0.3641619191450231,
    0.35169309815939737,
    0.3389194073045955,
    0.33405207886415367,
    0.31884482590591207,
    0.3108443705474629,
    0.2982288642841227,
    0.290156265392023,
    0.27966507392771106,
    0.2702851654852138,
    0.2612929677262026,
    0.25325453982633706,
    0.24478281026377396,
    0.2360966657014454,
    0.23207520562059739,
    0.2227704354068812,
    0.2142322935602244,
    0.20910219497540417,
    0.20341323184616425,
    0.19891631953856526,
    0.19324677700505538,
    0.18517007722574122,
    0.17927807920119343,
    0.1753914110800799,
    0.166569907875622,
    0.1629093902952531,
    0.15975235380670605,
    0.15497532070559614,
    0.1505798877162092,
    0.14789859731407726,
    0.14196438276592424,
    0.13867781705716076,
    0.13369501908035838,
    0.12773221358656883,
    0.1277624522061909,
    0.12348777866538833,
    0.11999726339298136,
    0.11606946740956868,
    0.11367002589737668,
    0.11177058802808032,
    0.10654405022368711,
    0.10348466586540728,
    0.10282380418742404,
    0.10011125158737688,
    0.09849136563784935,
    0.09622185501982183,
    0.09360500775715884,
    0.09091035693007357,
    0.08990732887211968,
    0.08656057058011785,
    0.08508132924051846,
    0.08266745748765328,
    0.08248301606406183,
    0.08151873584617586,
    0.0792809190119014,
    0.07877319284221705,
    0.07782972450642024,
    0.07669000557678587,
    0.07630241541739773,
    0.07501299712149535,
    0.07473815013380612,
    0.07362846800071352,
    0.07348260557388558,
    0.07227285052923595,
    0.07282738562892466,
    0.07191173217314131,
    0.07130527748342823,
    0.0714891956133001,
    0.07135296733502079,
    0.0718386070254971
  ],
  "perdas_valor": [],
  "perdas_entropia": [],
  "acuracoes_bc": [
    0.5466739430147058,
    0.5819881663602942,
    0.6023380055147058,
    0.6182645909926471,
    0.6222139246323529,
    0.6387005974264706,
    0.6481071920955882,
    0.6545553768382353,
    0.6688878676470589,
    0.6807933134191176,
    0.689208984375,
    0.6938620174632353,
    0.7034840303308824,
    0.7091710707720589,
    0.7190515854779411,
    0.7236184512867647,
    0.7300235523897058,
    0.7355238970588235,
    0.7406795726102942,
    0.7530732996323529,
    0.7574965533088235,
    0.7649787454044118,
    0.7711253446691176,
    0.7762666590073529,
    0.7850557215073529,
    0.7940027573529411,
    0.8005801930147058,
    0.8103601792279411,
    0.8153435202205882,
    0.8228257123161765,
    0.8284122242647058,
    0.8371007582720589,
    0.8436063878676471,
    0.8462775735294118,
    0.8532571231617647,
    0.8574075137867647,
    0.8631376378676471,
    0.869384765625,
    0.8732766544117647,
    0.8775706571691176,
    0.8823816636029411,
    0.8871926700367647,
    0.8922909007352942,
    0.8948184742647058,
    0.8982508042279411,
    0.9019416360294118,
    0.9061063878676471,
    0.9098115808823529,
    0.9123104319852942,
    0.9144071691176471,
    0.9168629365808824,
    0.9199075137867647,
    0.9233972886029411,
    0.9245749080882353,
    0.9290125229779411,
    0.9299029181985294,
    0.9312672334558824,
    0.9343548943014706,
    0.9367963005514706,
    0.9374569163602942,
    0.9396829044117647,
    0.9424258961397058,
    0.9448673023897058,
    0.9466193704044118,
    0.9462890625,
    0.9491756663602942,
    0.9502096737132353,
    0.9521197150735294,
    0.9536420036764706,
    0.9541733685661765,
    0.9560116038602942,
    0.9578354779411765,
    0.9570886948529411,
    0.9583237591911765,
    0.9599465762867647,
    0.9603343290441176,
    0.9626752068014706,
    0.9632783777573529,
    0.9634650735294118,
    0.9646426930147058,
    0.9658633961397058,
    0.9667107077205882,
    0.9675149356617647,
    0.9668399586397058,
    0.9681468290441176,
    0.9685202205882353,
    0.9695685891544118,
    0.9694536994485294,
    0.9693244485294118,
    0.9707605698529411,
    0.9700999540441176,
    0.9703010110294118,
    0.9709759880514706,
    0.9718376608455882,
    0.9712775735294118,
    0.9718089384191176,
    0.9721105238970589,
    0.9727424172794118,
    0.9723833869485294,
    0.9719381893382353
  ],
  "contagem_acoes": {
    "plantar": 1603,
    "esperar": 11735,
    "regar": 1022,
    "herbicida": 3303,
    "colher": 582,
    "fertilizar_N": 5
  },