{
  "recompensas_episodios": [
    7601.126914749142,
    8969.355192821893,
    8563.140748031266,
    6194.20798901166,
    8872.200940380044,
    8679.992243133027,
    4898.7342563841285,
    8571.103146789887,
    8721.612230102142,
    8394.724970881292,
    4722.951768801999,
    8691.67393555025,
    8522.875736830336,
    7605.877291611139,
    8729.933211609226,
    8711.228380534136,
    8844.413255053896,
    7099.150572060615,
    8746.528392172437,
    8698.690544629731,
    5928.541504354063,
    8671.302425806583,
    8686.255810013152,
    8755.059597633568,
    8518.241219546075,
    8201.12391998272,
    8892.817556227423,
    8671.433576694606,
    8838.961143230408,
    7756.596134365549,
    8485.993367506107,
    8469.484375571015,
    8224.028520748843,
    8513.671522814791,
    3036.4369687445524,
    8681.315990099625,
    8700.16254463457,
    8674.0108180186,
    7514.669236927182,
    8011.998342282206,
    8285.632853092662,
    7748.436858796155,
    8875.983055124845,
    8613.274155350673,
    7800.439129147112,
    8737.005965466438,
    7617.2548739462145,
    8870.24960256604,
    8668.720551396802,
    8680.548945789345
  ],
  "duracao_episodios": [
    365,
    365,
    365,
    365,
    365,
    365,
    365,
    365,
    365,
    365,
    365,
    365,
    365,
    365,
    365,
    365,
    365,
    365,
    365,
    365,
    365,
    365,
    365,
    365,
    365,
    365,
    365,
    365,
    365,
    365,
    365,
    365,
    365,
    365,
    365,
    365,
    365,
    365,
    365,
    365,
    365,
    365,
    365,
    365,
    365,
    365,
    365,
    365,
    365,
    365
  ],
  "perdas_politica": [
    0.41384677249524326,
    0.2639897566876913,
    0.20474589847028254,
    0.17344417532994633,
    0.14580926305868408,
    0.12145750785003538,
    0.10808103609344234
  ],
  "perdas_valor": [],
  "perdas_entropia": [],
  "acuracoes_bc": [
    0.8311862521701389,
    0.8880975020559211,
    0.91580810546875,
    0.9308663504464286,
    0.9432239879261364,
    0.9528097401494565,
    0.9584430197010869
  ],
  "contagem_acoes": {
    "plantar": 1618,
    "esperar": 6301,
    "regar": 1198,
    "herbicida": 7656,
    "colher": 934,
    "fertilizar_N": 543
  },
  "kpis_agricolas": {
    "produtividade": [
      691.0871845929724,
      872.0012947710264,
      815.6880865460656,
      524.5075847340081,
      837.741191105923,
      846.4619057820049,
      393.1376482757788,
      828.6558089464315,
      824.6028155499589,
      798.4130298533721,
      403.1229652054811,
      822.8604566077576,
      839.7339494055525,
      673.0154009543979,
      837.0148986774054,
      831.6380154265519,
      829.3650464627422,
      625.333897681064,
      843.3028414932005,
      844.9390959203112,
      494.0427345257057,
      835.090563365947,
      844.3394205641642,
      836.8803241959046,
      833.0523185196723,
      775.9837117826394,
      838.1954111440504,
      815.9512183968311,
      859.0939078943411,
      704.3850043010041,
      824.4097500437891,
      793.269545154899,
      771.5401977562661,
      829.7062697570111,
      211.83633540533037,
      835.0254930181507,
      827.8941775769795,
      840.9989178191205,
      680.5591165784938,
      741.003912998222,
      782.6556569977648,
      707.5248455673736,
      835.3397539982905,
      821.4190311159166,
      704.7122910887384,
      841.7781321538704,
      687.3692691986575,
      836.9352890471981,
      826.1311784400125,
      826.0723336673256
    ],
    "qualidade_solo": [
      0.20962960278096335,
      0.3808504576118895,
      0.2660256147587754,
      0.38812841907328766,
      0.4208802647044028,
      0.18204914344512102,
      0.2612216807658946,
      0.20292358041750408,
      0.2612185745325829,
      0.21302242727826978,
      0.39787909776194585,
      0.41662580427020923,
      0.214064537386062,
      0.31319415742709655,
      0.3337810466775085,
      0.15595380993750002,
      0.25007828549741934,
      0.3144817745092691,
      0.24111312610614716,
      0.21099253324329267,
      0.3349905287385846,
      0.2967626320708774,
      0.1770068627698546,
      0.16589322359531253,
      0.3667403424517697,
      0.3724130561047657,
      0.3478393668277575,
      0.26894711103921787,
      0.13443776739797136,
      0.23592133885988026,
      0.17089844029764129,
      0.36575056339276013,
      0.16307664049491616,
      0.3421214209855977,
      0.3587262911937593,
      0.19123269910151175,
      0.2567768201095072,
      0.1494266406741948,
      0.18861298710574473,
      0.2872592360185839,
      0.2621460218629559,
      0.2891147429271126,
      0.40418480460459716,
      0.17868265966008517,
      0.22673074478996363,
      0.1460577621561821,
      0.3176443906630091,
      0.2424172838394894,
      0.24147914925637964,
      0.19038282497294204
    ],
    "uso_quimicos": [
      1424,
      1840,
      2064,
      672,
      1312,
      2064,
      592,
      1568,
      1328,
      1552,
      832,
      1744,
      1952,
      784,
      1792,
      1424,
      848,
      1120,
      2032,
      1776,
      864,
      1680,
      1984,
      1136,
      1840,
      2000,
      688,
      944,
      1888,
      928,
      1760,
      880,
      1488,
      2128,
      960,
      2096,
      1216,
      1904,
      656,
      1424,
      1696,
      1248,
      1120,
      1776,
      688,
      1600,
      1264,
      976,
      1712,
      1056
    ],
    "biodiversidade": [
      7.28752827296749e-65,
      1.1008284752614239e-77,
      2.4602264641770115e-74,
      3.8363137789447464e-44,
      7.248951029442165e-67,
      3.2764556800384296e-81,
      3.208518661077639e-48,
      6.936653721105406e-76,
      1.0098931097066112e-61,
      2.958266240059659e-64,
      6.35629563895877e-55,
      9.852515555477361e-60,
      6.050973675685329e-83,
      3.1616993321914585e-49,
      1.208114314893325e-66,
      1.815754130116714e-61,
      3.506971871742644e-49,
      6.417110737093498e-53,
      1.0061431096471985e-70,
      7.502280587249945e-78,
      1.459650390977165e-49,
      1.591231075384061e-67,
      4.650219925526062e-81,
      1.0490488066270835e-63,
      1.6340438981617635e-78,
      5.806048342922104e-71,
      2.623498686158105e-56,
      3.2042575410333405e-51,
      1.2479969434908608e-74,
      6.077279834533636e-51,
      1.8909389714504946e-73,
      1.207834570109993e-62,
      3.074872479732873e-58,
      1.606810301360845e-85,
      6.184755600368236e-58,
      2.5212379554894974e-73,
      7.289648714081191e-64,
      1.0036163054073196e-75,
      9.261047802743974e-52,
      1.2316696539789543e-58,
      1.1664864569326586e-70,
      1.8789812868126773e-54,
      2.0347690658425702e-61,
      1.5748782530655702e-64,
      2.74927904584908e-47,
      1.3032163481280784e-63,
      8.117323363674046e-57,
      2.834316526384719e-52,
      4.605026192630891e-68,
      1.4384865173805322e-60
    ]
  },