{
  "recompensas_episodios": [
    6574.8236762477245,
    8801.299552830693,
    6992.186389966078,
    8022.20746561651,
    4806.0254197317645,
    6555.338467982733,
    7773.584036621923,
    6304.606569730776,
    4790.935269638188,
    7075.91068214205,
    772.8969603335088,
    6813.428471582658,
    7602.689516869388,
    6847.62551648553,
    6417.328448957562,
    6061.269358827745,
    6177.962994063273,
    8065.0005100015915,
    5901.84918648565,
    8363.981045268783,
    8396.94274111042,
    6207.605784355113,
    7487.064040788875,
    7892.290262299717,
    6682.458024531497,
    4874.818179085782,
    5726.868169254098,
    6118.217829472395,
    5556.3977739655875,
    6793.76030735821,
    7071.695280812179,
    7057.50073389331,
    4816.585941709549,
    8750.369220302531,
    7869.992078098013,
    4347.912010972471,
    5951.57196927054,
    6402.231654613148,
    6209.571666234541,
    7998.111675038738,
    7462.042854419895,
    6018.778666746852,
    5316.982576218506,
    4884.470769081796,
    6664.766657862785,
    7815.626345560784,
    6805.263235500044,
    7729.052325707053,
    5872.814708445234,
    6358.929465829466
  ],
  "duracao_episodios": [
    365,
    365,
    365,
    365,
    365,
    365,
    365,
    365,
    365,
    365,
    365,
    365,
    365,
    365,
    365,
    365,
    365,
    365,
    365,
    365,
    365,
    365,
    365,
    365,
    365,
    365,
    365,
    365,
    365,
    365,
    365,
    365,
    365,
    365,
    365,
    365,
    365,
    365,
    365,
    365,
    365,
    365,
    365,
    365,
    365,
    365,
    365,
    365,
    365,
    365
  ],
  "perdas_politica": [
    0.9909239726908067,
    0.7874490671298083,
    0.7481004595756531,
    0.7236969243077671,
    0.7045070353676292,
    0.6856492091627682,
    0.6657623788889717,
    0.6478221767088946,
    0.6293139668071971,
    0.6154218806939966,
    0.6004457438693327,
    0.5839866382234237,
    0.5752492249011993,
    0.5590499692103442,
    0.5474768421229195,
    0.5344296474667156,
    0.524462986518355,
    0.5022973567247391,
    0.4957905008512385,
    0.47799479610779705,
    0.46744829240967245,
    0.4526069707730237,
    0.4362645061577068,
    0.4173838277073467,
    0.4004943213042091,
    0.38436291147680846,
    0.36932043731212616,
    0.35039141248254213,
    0.33905015973483815,
    0.3281961740816341,
    0.3083561115405139,
    0.29364542137174043,
    0.28312472210210915,
    0.271410296068472,
    0.2567008391899221,
    0.2422708329908988,
    0.23216438994688146,
    0.222158645882326,
    0.21411494209485896,
    0.20217880343689637,
    0.19562368752325282,
    0.18814714691218207,
    0.1769358226481606,
    0.1653106729773914,
    0.16064468968440504,
    0.1527405280400725,
    0.14593513419522958,
    0.14337468432152972,
    0.13376756647930427,
    0.12920193461810842,
    0.12050419256967657,
    0.1180988931480576,
    0.11485803368337014,
    0.10517110609832932,
    0.10346129580455668,
    0.09810505193822525,
    0.09531614140552633,
    0.08966855091207168,
    0.08877916809390574,
    0.08011641232844662,
    0.07876212029334377,
    0.07712780640405767,
    0.07239795837770491,
    0.06708042685161619,
    0.0687138382345438,
    0.06491912605569643,
    0.060443073949393106,
    0.05916196206475005,
    0.055028621874311394,
    0.05335728352998986,
    0.052675642840125984,
    0.04966296282980372,
    0.04800343634012867,
    0.04699545331737574,
    0.04427136623245828,
    0.04397450540872181,
    0.04133465524543734,
    0.04020116839777021,
    0.03911875221220886,
    0.037448143970002144,
    0.036230402669924146,
    0.035498647128834444,
    0.033939884756417835,
    0.033503189299474746,
    0.0325271667474333,
    0.031787176671273565,
    0.03053843224530711,
    0.030162530293797746,
    0.029883823960142976,
    0.02952036157469539,
    0.02964448885006063,
    0.02938011589953128,
    0.028338549768223482,
    0.028193300261217004,
    0.028332519290201804,
    0.0276794777087429,
    0.027915668125976536,
    0.02754039240672308,
    0.027317820500363323,
    0.027498609112466082
  ],
  "perdas_valor": [],
  "perdas_entropia": [],
  "acuracoes_bc": [
    0.5482105928308824,
    0.5898581112132353,
    0.5961770450367647,
    0.6229463465073529,
    0.6296099494485294,
    0.6429946001838235,
    0.6569967830882353,
    0.6652688419117647,
    0.6741153492647058,
    0.6879308363970589,
    0.6938189338235294,
    0.7052217371323529,
    0.7102481617647058,
    0.7171559053308824,
    0.7248104319852942,
    0.7323644301470589,
    0.7392865349264706,
    0.7494111902573529,
    0.7518095128676471,
    0.7622931985294118,
    0.7704072840073529,
    0.7777171415441176,
    0.7874684053308824,
    0.8008243336397058,
    0.8081198299632353,
    0.8180577895220589,
    0.8244485294117647,
    0.8368278952205882,
    0.8415240119485294,
    0.8457318474264706,
    0.8576516544117647,
    0.86376953125,
    0.8713953354779411,
    0.8767377068014706,
    0.8844927619485294,
    0.8904239430147058,
    0.8965992647058824,
    0.9013671875,
    0.9063218060661765,
    0.9105727251838235,
    0.9151395909926471,
    0.9185144761029411,
    0.9241871553308824,
    0.9294577205882353,
    0.9317124310661765,
    0.9350873161764706,
    0.9373563878676471,
    0.9404009650735294,
    0.9442928538602942,
    0.9461167279411765,
    0.9498937270220589,
    0.9513154871323529,
    0.9522489659926471,
    0.95703125,
    0.9581945082720589,
    0.9608656939338235,
    0.9615119485294118,
    0.9637379365808824,
    0.9641974954044118,
    0.9678883272058824,
    0.968994140625,
    0.9695255055147058,
    0.970947265625,
    0.9741067325367647,
    0.9728573069852942,
    0.9743508731617647,
    0.9774098115808824,
    0.977294921875,
    0.9792336856617647,
    0.9791187959558824,
    0.9795065487132353,
    0.9813735064338235,
    0.9818330652573529,
    0.9823787913602942,
    0.9831686580882353,
    0.9837431066176471,
    0.9844037224264706,
    0.9848920036764706,
    0.9857393152573529,
    0.9858111213235294,
    0.9868738511029411,
    0.9871897977941176,
    0.9878504136029411,
    0.9879653033088235,
    0.9881376378676471,
    0.9883961397058824,
    0.9893296185661765,
    0.9891572840073529,
    0.989501953125,
    0.989013671875,
    0.9890567555147058,
    0.9894301470588235,
    0.9899184283088235,
    0.9901482077205882,
    0.9897604549632353,
    0.9904354319852942,
    0.9901625689338235,
    0.9903349034926471,
    0.9905790441176471,
    0.9903492647058824
  ],
  "contagem_acoes": {
    "plantar": 1559,
    "esperar": 11848,
    "regar": 1030,
    "herbicida": 3264,
    "colher": 538,
    "fertilizar_N": 11
  },